row_index,hhid2,baseline_high,n_specifications,n_high,strict_robust_high,high_in_all_available,never_high,switcher,n_baseline_switches,switch_drivers,switch__equal_indicator_weights,switch__flood_binary_omitted,switch__flood_depth_omitted,switch__literacy_direction_reversed,switch__literacy_omitted,switch__loan_burden_direction,switch__loan_omitted,switch__robust_p01_p99_bounds,switch__zero_meal_households_excluded,switch__zero_meals_as_missing
0,,True,11,5,False,False,False,True,6,flood_binary_omitted|literacy_direction_reversed|literacy_omitted|loan_burden_direction|loan_omitted|robust_p01_p99_bounds,False,True,False,True,True,True,True,True,False,False
1,1,False,11,1,False,False,False,True,1,loan_burden_direction,False,False,False,False,False,True,False,False,False,False
2,10.1,False,11,0,False,False,True,False,0,,False,False,False,False,False,False,False,False,False,False
3,10.2,False,11,0,False,False,True,False,0,,False,False,False,False,False,False,False,False,False,False
4,100.1,True,11,7,False,False,False,True,4,flood_binary_omitted|literacy_direction_reversed|loan_burden_direction|loan_omitted,False,True,False,True,False,True,True,False,False,False
5,1000,False,11,0,False,False,True,False,0,,False,False,False,False,False,False,False,False,False,False
6,1001,True,11,9,False,False,False,True,2,equal_indicator_weights|flood_binary_omitted,True,True,False,False,False,False,False,False,False,False
7,1002,False,11,0,False,False,True,False,0,,False,False,False,False,False,False,False,False,False,False
8,1003,False,11,0,False,False,True,False,0,,False,False,False,False,False,False,False,False,False,False
9,1005,False,11,0,False,False,True,False,0,,False,False,False,False,False,False,False,False,False,False
10,1006,True,11,7,False,False,False,True,4,equal_indicator_weights|flood_binary_omitted|literacy_direction_reversed|literacy_omitted,True,True,False,True,True,False,False,False,False,False
11,1007.1,False,11,0,False,False,True,False,0,,False,False,False,False,False,False,False,False,False,False
12,1007.2,True,11,11,True,True,False,False,0,,False,False,False,False,False,False,False,False,False,False
13,1008,True,11,8,False,False,False,True,3,flood_binary_omitted|loan_burden_direction|loan_omitted,False,True,False,False,False,True,True,False,False,False
14,1009,True,11,10,False,False,False,True,1,loan_burden_direction,False,False,False,False,False,True,False,False,False,False
15,101,False,11,6,False,False,False,True,6,flood_depth_omitted|literacy_direction_reversed|literacy_omitted|loan_burden_direction|loan_omitted|robust_p01_p99_bounds,False,False,True,True,True,True,True,True,False,False
16,1010,False,11,3,False,False,False,True,3,equal_indicator_weights|flood_binary_omitted|robust_p01_p99_bounds,True,True,False,False,False,False,False,True,False,False
17,1011,False,11,0,False,False,True,False,0,,False,False,False,False,False,False,False,False,False,False
18,1012,False,11,0,False,False,True,False,0,,False,False,False,False,False,False,False,False,False,False
19,1013,False,11,0,False,False,True,False,0,,False,False,False,False,False,False,False,False,False,False
20,1014,False,11,0,False,False,True,False,0,,False,False,False,False,False,False,False,False,False,False
21,1015,False,11,0,False,False,True,False,0,,False,False,False,False,False,False,False,False,False,False
22,1016,False,11,0,False,False,True,False,0,,False,False,False,False,False,False,False,False,False,False
23,1017,False,11,0,False,False,True,False,0,,False,False,False,False,False,False,False,False,False,False
24,1019,False,11,0,False,False,True,False,0,,False,False,False,False,False,False,False,False,False,False
25,102,True,11,11,True,True,False,False,0,,False,False,False,False,False,False,False,False,False,False
26,1020,False,11,2,False,False,False,True,2,equal_indicator_weights|flood_binary_omitted,True,True,False,False,False,False,False,False,False,False
27,1021,False,11,0,False,False,True,False,0,,False,False,False,False,False,False,False,False,False,False
28,1022,False,11,0,False,False,True,False,0,,False,False,False,False,False,False,False,False,False,False
29,1023,False,11,1,False,False,False,True,1,flood_binary_omitted,False,True,False,False,False,False,False,False,False,False
30,1024,False,11,0,False,False,True,False,0,,False,False,False,False,False,False,False,False,False,False
31,1025,False,11,0,False,False,True,False,0,,False,False,False,False,False,False,False,False,False,False
32,1027,True,11,11,True,True,False,False,0,,False,False,False,False,False,False,False,False,False,False
33,1028,False,11,0,False,False,True,False,0,,False,False,False,False,False,False,False,False,False,False
34,1029,False,11,0,False,False,True,False,0,,False,False,False,False,False,False,False,False,False,False
35,103,False,11,0,False,False,True,False,0,,False,False,False,False,False,False,False,False,False,False
36,1030,False,11,0,False,False,True,False,0,,False,False,False,False,False,False,False,False,False,False
37,1031,False,11,0,False,False,True,False,0,,False,False,False,False,False,False,False,False,False,False
38,1032,True,11,10,False,False,False,True,1,flood_binary_omitted,False,True,False,False,False,False,False,False,False,False
39,1033,False,11,0,False,False,True,False,0,,False,False,False,False,False,False,False,False,False,False
40,1034,False,11,0,False,False,True,False,0,,False,False,False,False,False,False,False,False,False,False
41,1035.1,False,11,0,False,False,True,False,0,,False,False,False,False,False,False,False,False,False,False
42,1035.2,False,11,0,False,False,True,False,0,,False,False,False,False,False,False,False,False,False,False
43,1035.3,False,11,0,False,False,True,False,0,,False,False,False,False,False,False,False,False,False,False
44,1036,False,11,0,False,False,True,False,0,,False,False,False,False,False,False,False,False,False,False
45,1037,False,11,0,False,False,True,False,0,,False,False,False,False,False,False,False,False,False,False
46,1038,False,11,0,False,False,True,False,0,,False,False,False,False,False,False,False,False,False,False
47,1039,True,11,9,False,False,False,True,2,equal_indicator_weights|flood_binary_omitted,True,True,False,False,False,False,False,False,False,False
48,104,False,11,0,False,False,True,False,0,,False,False,False,False,False,False,False,False,False,False
49,1040.1,False,11,0,False,False,True,False,0,,False,False,False,False,False,False,False,False,False,False
50,1040.2,False,11,0,False,False,True,False,0,,False,False,False,False,False,False,False,False,False,False
51,1041,False,11,0,False,False,True,False,0,,False,False,False,False,False,False,False,False,False,False
52,1042,False,11,0,False,False,True,False,0,,False,False,False,False,False,False,False,False,False,False
53,1043,False,11,0,False,False,True,False,0,,False,False,False,False,False,False,False,False,False,False
54,1044,False,11,0,False,False,True,False,0,,False,False,False,False,False,False,False,False,False,False
55,1045,False,11,0,False,False,True,False,0,,False,False,False,False,False,False,False,False,False,False
56,1046,False,11,1,False,False,False,True,1,loan_burden_direction,False,False,False,False,False,True,False,False,False,False
57,1047,True,11,5,False,False,False,True,6,flood_depth_omitted|literacy_direction_reversed|literacy_omitted|loan_burden_direction|loan_omitted|robust_p01_p99_bounds,False,False,True,True,True,True,True,True,False,False
58,1048,True,11,9,False,False,False,True,2,equal_indicator_weights|flood_binary_omitted,True,True,False,False,False,False,False,False,False,False
59,1049,True,11,8,False,False,False,True,3,flood_binary_omitted|loan_burden_direction|loan_omitted,False,True,False,False,False,True,True,False,False,False
60,105,False,11,2,False,False,False,True,2,literacy_direction_reversed|loan_burden_direction,False,False,False,True,False,True,False,False,False,False
61,1050,False,11,0,False,False,True,False,0,,False,False,False,False,False,False,False,False,False,False
62,1051,False,11,0,False,False,True,False,0,,False,False,False,False,False,False,False,False,False,False
63,1052,False,11,1,False,False,False,True,1,loan_burden_direction,False,False,False,False,False,True,False,False,False,False
64,1053,False,11,0,False,False,True,False,0,,False,False,False,False,False,False,False,False,False,False
65,1054,True,11,10,False,False,False,True,1,loan_burden_direction,False,False,False,False,False,True,False,False,False,False
66,1055,True,11,11,True,True,False,False,0,,False,False,False,False,False,False,False,False,False,False
67,1056,False,11,0,False,False,True,False,0,,False,False,False,False,False,False,False,False,False,False
68,1057,True,11,7,False,False,False,True,4,equal_indicator_weights|flood_binary_omitted|loan_burden_direction|loan_omitted,True,True,False,False,False,True,True,False,False,False
69,1058,False,11,0,False,False,True,False,0,,False,False,False,False,False,False,False,False,False,False
70,1059,False,11,1,False,False,False,True,1,loan_burden_direction,False,False,False,False,False,True,False,False,False,False
71,106,True,11,10,False,False,False,True,1,flood_binary_omitted,False,True,False,False,False,False,False,False,False,False
72,1061,False,11,3,False,False,False,True,3,literacy_direction_reversed|loan_burden_direction|loan_omitted,False,False,False,True,False,True,True,False,False,False
73,1062,False,11,0,False,False,True,False,0,,False,False,False,False,False,False,False,False,False,False
74,1063,False,11,0,False,False,True,False,0,,False,False,False,False,False,False,False,False,False,False
75,1064,False,11,4,False,False,False,True,4,literacy_direction_reversed|literacy_omitted|loan_burden_direction|loan_omitted,False,False,False,True,True,True,True,False,False,False
76,1065,False,11,3,False,False,False,True,3,literacy_direction_reversed|loan_burden_direction|loan_omitted,False,False,False,True,False,True,True,False,False,False
77,1066,False,11,0,False,False,True,False,0,,False,False,False,False,False,False,False,False,False,False
78,1067,True,11,11,True,True,False,False,0,,False,False,False,False,False,False,False,False,False,False
79,1068,False,11,0,False,False,True,False,0,,False,False,False,False,False,False,False,False,False,False
80,1069,False,11,0,False,False,True,False,0,,False,False,False,False,False,False,False,False,False,False
81,107,False,11,0,False,False,True,False,0,,False,False,False,False,False,False,False,False,False,False
82,1070,False,11,0,False,False,True,False,0,,False,False,False,False,False,False,False,False,False,False
83,1071,True,11,6,False,False,False,True,5,flood_depth_omitted|literacy_direction_reversed|literacy_omitted|loan_burden_direction|loan_omitted,False,False,True,True,True,True,True,False,False,False
84,1072,False,11,0,False,False,True,False,0,,False,False,False,False,False,False,False,False,False,False
85,1074,False,11,0,False,False,True,False,0,,False,False,False,False,False,False,False,False,False,False
86,1075,False,11,0,False,False,True,False,0,,False,False,False,False,False,False,False,False,False,False
87,1076,False,11,0,False,False,True,False,0,,False,False,False,False,False,False,False,False,False,False
88,1079.1,False,11,1,False,False,False,True,1,equal_indicator_weights,True,False,False,False,False,False,False,False,False,False
89,1079.2,False,11,0,False,False,True,False,0,,False,False,False,False,False,False,False,False,False,False
90,1079.3,False,11,0,False,False,True,False,0,,False,False,False,False,False,False,False,False,False,False
91,108,False,11,0,False,False,True,False,0,,False,False,False,False,False,False,False,False,False,False
92,1080,False,11,0,False,False,True,False,0,,False,False,False,False,False,False,False,False,False,False
93,1081,False,11,0,False,False,True,False,0,,False,False,False,False,False,False,False,False,False,False
94,1082,False,11,0,False,False,True,False,0,,False,False,False,False,False,False,False,False,False,False
95,1083,False,11,0,False,False,True,False,0,,False,False,False,False,False,False,False,False,False,False
96,1085,False,11,0,False,False,True,False,0,,False,False,False,False,False,False,False,False,False,False
97,1086,False,11,0,False,False,True,False,0,,False,False,False,False,False,False,False,False,False,False
98,1087,False,11,0,False,False,True,False,0,,False,False,False,False,False,False,False,False,False,False
99,1088,False,11,0,False,False,True,False,0,,False,False,False,False,False,False,False,False,False,False
100,1089,False,11,0,False,False,True,False,0,,False,False,False,False,False,False,False,False,False,False
101,109,False,11,0,False,False,True,False,0,,False,False,False,False,False,False,False,False,False,False
102,1090,False,11,0,False,False,True,False,0,,False,False,False,False,False,False,False,False,False,False
103,1091,False,11,2,False,False,False,True,2,loan_burden_direction|loan_omitted,False,False,False,False,False,True,True,False,False,False
104,1092,False,11,0,False,False,True,False,0,,False,False,False,False,False,False,False,False,False,False
105,1093.1,False,11,0,False,False,True,False,0,,False,False,False,False,False,False,False,False,False,False
106,1093.2,False,11,2,False,False,False,True,2,loan_burden_direction|robust_p01_p99_bounds,False,False,False,False,False,True,False,True,False,False
107,1094,False,11,0,False,False,True,False,0,,False,False,False,False,False,False,False,False,False,False
108,1096,False,11,3,False,False,False,True,3,literacy_direction_reversed|loan_burden_direction|robust_p01_p99_bounds,False,False,False,True,False,True,False,True,False,False
109,1097,False,11,1,False,False,False,True,1,loan_burden_direction,False,False,False,False,False,True,False,False,False,False
110,1098,False,11,0,False,False,True,False,0,,False,False,False,False,False,False,False,False,False,False
111,1099,False,11,3,False,False,False,True,3,literacy_direction_reversed|loan_burden_direction|loan_omitted,False,False,False,True,False,True,True,False,False,False
112,11.1,True,11,8,False,False,False,True,3,equal_indicator_weights|flood_binary_omitted|robust_p01_p99_bounds,True,True,False,False,False,False,False,True,False,False
113,11.2,False,11,0,False,False,True,False,0,,False,False,False,False,False,False,False,False,False,False
114,11.3,False,11,3,False,False,False,True,3,loan_burden_direction|loan_omitted|robust_p01_p99_bounds,False,False,False,False,False,True,True,True,False,False
115,110,False,11,1,False,False,False,True,1,loan_burden_direction,False,False,False,False,False,True,False,False,False,False
116,1100,False,11,0,False,False,True,False,0,,False,False,False,False,False,False,False,False,False,False
117,1101,False,11,0,False,False,True,False,0,,False,False,False,False,False,False,False,False,False,False
118,1102,False,11,0,False,False,True,False,0,,False,False,False,False,False,False,False,False,False,False
119,1103,False,11,0,False,False,True,False,0,,False,False,False,False,False,False,False,False,False,False
120,1105,False,11,0,False,False,True,False,0,,False,False,False,False,False,False,False,False,False,False
121,1106,False,11,0,False,False,True,False,0,,False,False,False,False,False,False,False,False,False,False
122,1107,True,11,10,False,False,False,True,1,literacy_direction_reversed,False,False,False,True,False,False,False,False,False,False
123,1108,False,11,0,False,False,True,False,0,,False,False,False,False,False,False,False,False,False,False
124,1109,False,11,1,False,False,False,True,1,loan_burden_direction,False,False,False,False,False,True,False,False,False,False
125,111,False,11,0,False,False,True,False,0,,False,False,False,False,False,False,False,False,False,False
126,1111,False,11,1,False,False,False,True,1,loan_burden_direction,False,False,False,False,False,True,False,False,False,False
127,1112,False,11,0,False,False,True,False,0,,False,False,False,False,False,False,False,False,False,False
128,1113,True,11,10,False,False,False,True,1,loan_burden_direction,False,False,False,False,False,True,False,False,False,False
129,1114,False,11,0,False,False,True,False,0,,False,False,False,False,False,False,False,False,False,False
130,1115,False,11,0,False,False,True,False,0,,False,False,False,False,False,False,False,False,False,False
131,1117,True,11,7,False,False,False,True,4,flood_binary_omitted|literacy_direction_reversed|literacy_omitted|robust_p01_p99_bounds,False,True,False,True,True,False,False,True,False,False
132,1118,False,11,4,False,False,False,True,4,equal_indicator_weights|flood_binary_omitted|loan_burden_direction|loan_omitted,True,True,False,False,False,True,True,False,False,False
133,1119,False,11,0,False,False,True,False,0,,False,False,False,False,False,False,False,False,False,False
134,112,False,11,0,False,False,True,False,0,,False,False,False,False,False,False,False,False,False,False
135,1120,True,11,9,False,False,False,True,2,loan_burden_direction|loan_omitted,False,False,False,False,False,True,True,False,False,False
136,1121,False,11,0,False,False,True,False,0,,False,False,False,False,False,False,False,False,False,False
137,1123,False,11,4,False,False,False,True,4,literacy_direction_reversed|literacy_omitted|loan_burden_direction|loan_omitted,False,False,False,True,True,True,True,False,False,False
138,1124,False,11,0,False,False,True,False,0,,False,False,False,False,False,False,False,False,False,False
139,1125,False,11,2,False,False,False,True,2,loan_burden_direction|loan_omitted,False,False,False,False,False,True,True,False,False,False
140,1126,False,11,0,False,False,True,False,0,,False,False,False,False,False,False,False,False,False,False
141,1127,False,11,0,False,False,True,False,0,,False,False,False,False,False,False,False,False,False,False
142,1128,False,11,3,False,False,False,True,3,literacy_direction_reversed|loan_burden_direction|loan_omitted,False,False,False,True,False,True,True,False,False,False
143,1129,False,11,1,False,False,False,True,1,loan_burden_direction,False,False,False,False,False,True,False,False,False,False
144,113,False,11,2,False,False,False,True,2,equal_indicator_weights|flood_binary_omitted,True,True,False,False,False,False,False,False,False,False
145,1130,True,11,9,False,False,False,True,2,equal_indicator_weights|flood_binary_omitted,True,True,False,False,False,False,False,False,False,False
146,1131,False,11,0,False,False,True,False,0,,False,False,False,False,False,False,False,False,False,False
147,1132,False,11,5,False,False,False,True,5,flood_depth_omitted|literacy_direction_reversed|loan_burden_direction|loan_omitted|robust_p01_p99_bounds,False,False,True,True,False,True,True,True,False,False
148,1133,False,11,1,False,False,False,True,1,loan_burden_direction,False,False,False,False,False,True,False,False,False,False
149,1134,False,11,4,False,False,False,True,4,literacy_direction_reversed|loan_burden_direction|loan_omitted|robust_p01_p99_bounds,False,False,False,True,False,True,True,True,False,False
150,1135,False,11,0,False,False,True,False,0,,False,False,False,False,False,False,False,False,False,False
151,1136,True,11,11,True,True,False,False,0,,False,False,False,False,False,False,False,False,False,False
152,1137,True,11,11,True,True,False,False,0,,False,False,False,False,False,False,False,False,False,False
153,1138,True,11,11,True,True,False,False,0,,False,False,False,False,False,False,False,False,False,False
154,1139,True,11,11,True,True,False,False,0,,False,False,False,False,False,False,False,False,False,False
155,114,True,11,11,True,True,False,False,0,,False,False,False,False,False,False,False,False,False,False
156,1140,True,11,10,False,False,False,True,1,flood_binary_omitted,False,True,False,False,False,False,False,False,False,False
157,1141,True,11,11,True,True,False,False,0,,False,False,False,False,False,False,False,False,False,False
158,1142,True,11,9,False,False,False,True,2,loan_burden_direction|loan_omitted,False,False,False,False,False,True,True,False,False,False
159,1143.1,True,11,8,False,False,False,True,3,equal_indicator_weights|flood_binary_omitted|robust_p01_p99_bounds,True,True,False,False,False,False,False,True,False,False
160,1143.2,True,11,11,True,True,False,False,0,,False,False,False,False,False,False,False,False,False,False
161,1144,True,11,10,False,False,False,True,1,flood_binary_omitted,False,True,False,False,False,False,False,False,False,False
162,1145,False,11,0,False,False,True,False,0,,False,False,False,False,False,False,False,False,False,False
163,1146,True,11,10,False,False,False,True,1,loan_burden_direction,False,False,False,False,False,True,False,False,False,False
164,1147.1,True,11,11,True,True,False,False,0,,False,False,False,False,False,False,False,False,False,False
165,1147.2,True,11,11,True,True,False,False,0,,False,False,False,False,False,False,False,False,False,False
166,1148,True,11,11,True,True,False,False,0,,False,False,False,False,False,False,False,False,False,False
167,1149,False,11,4,False,False,False,True,4,flood_depth_omitted|literacy_direction_reversed|loan_burden_direction|robust_p01_p99_bounds,False,False,True,True,False,True,False,True,False,False
168,1150,True,11,11,True,True,False,False,0,,False,False,False,False,False,False,False,False,False,False
169,1151,True,11,11,True,True,False,False,0,,False,False,False,False,False,False,False,False,False,False
170,1152,True,11,11,True,True,False,False,0,,False,False,False,False,False,False,False,False,False,False
171,1153,True,11,11,True,True,False,False,0,,False,False,False,False,False,False,False,False,False,False
172,1154,False,11,0,False,False,True,False,0,,False,False,False,False,False,False,False,False,False,False
173,1155.1,False,11,3,False,False,False,True,3,flood_depth_omitted|literacy_direction_reversed|literacy_omitted,False,False,True,True,True,False,False,False,False,False
174,1155.2,False,11,0,False,False,True,False,0,,False,False,False,False,False,False,False,False,False,False
175,1155.3,True,11,9,False,False,False,True,2,equal_indicator_weights|literacy_direction_reversed,True,False,False,True,False,False,False,False,False,False
176,1156,True,11,9,False,False,False,True,2,equal_indicator_weights|flood_binary_omitted,True,True,False,False,False,False,False,False,False,False
177,1157,True,11,9,False,False,False,True,2,equal_indicator_weights|flood_binary_omitted,True,True,False,False,False,False,False,False,False,False
178,1158,False,11,1,False,False,False,True,1,flood_binary_omitted,False,True,False,False,False,False,False,False,False,False
179,1159,False,11,0,False,False,True,False,0,,False,False,False,False,False,False,False,False,False,False
180,116,False,11,3,False,False,False,True,3,flood_depth_omitted|literacy_direction_reversed|literacy_omitted,False,False,True,True,True,False,False,False,False,False
181,1160,False,11,2,False,False,False,True,2,loan_burden_direction|robust_p01_p99_bounds,False,False,False,False,False,True,False,True,False,False
182,1161,True,11,9,False,False,False,True,2,loan_burden_direction|loan_omitted,False,False,False,False,False,True,True,False,False,False
183,1162,False,11,0,False,False,True,False,0,,False,False,False,False,False,False,False,False,False,False
184,1163,False,11,0,False,False,True,False,0,,False,False,False,False,False,False,False,False,False,False
185,1165,False,11,1,False,False,False,True,1,loan_burden_direction,False,False,False,False,False,True,False,False,False,False
186,1166,True,11,11,True,True,False,False,0,,False,False,False,False,False,False,False,False,False,False
187,1167,True,11,10,False,False,False,True,1,loan_burden_direction,False,False,False,False,False,True,False,False,False,False
188,1168,False,11,0,False,False,True,False,0,,False,False,False,False,False,False,False,False,False,False
189,1169,False,11,2,False,False,False,True,2,flood_depth_omitted|literacy_direction_reversed,False,False,True,True,False,False,False,False,False,False
190,117,False,11,1,False,False,False,True,1,loan_burden_direction,False,False,False,False,False,True,False,False,False,False
191,1170,False,11,0,False,False,True,False,0,,False,False,False,False,False,False,False,False,False,False
192,1171,True,11,11,True,True,False,False,0,,False,False,False,False,False,False,False,False,False,False
193,1172,True,11,10,False,False,False,True,1,loan_burden_direction,False,False,False,False,False,True,False,False,False,False
194,1173,True,11,6,False,False,False,True,5,flood_depth_omitted|literacy_direction_reversed|loan_burden_direction|loan_omitted|robust_p01_p99_bounds,False,False,True,True,False,True,True,True,False,False
195,1174,True,11,10,False,False,False,True,1,loan_burden_direction,False,False,False,False,False,True,False,False,False,False
196,1175,True,11,10,False,False,False,True,1,equal_indicator_weights,True,False,False,False,False,False,False,False,False,False
197,1176,True,11,11,True,True,False,False,0,,False,False,False,False,False,False,False,False,False,False
198,1177,True,11,9,False,False,False,True,2,loan_burden_direction|loan_omitted,False,False,False,False,False,True,True,False,False,False
199,1178,False,11,2,False,False,False,True,2,flood_binary_omitted|loan_burden_direction,False,True,False,False,False,True,False,False,False,False
200,1179,True,11,11,True,True,False,False,0,,False,False,False,False,False,False,False,False,False,False
201,118,True,11,11,True,True,False,False,0,,False,False,False,False,False,False,False,False,False,False
202,1180,False,11,1,False,False,False,True,1,loan_burden_direction,False,False,False,False,False,True,False,False,False,False
203,1181,False,11,1,False,False,False,True,1,flood_binary_omitted,False,True,False,False,False,False,False,False,False,False
204,1182,False,11,1,False,False,False,True,1,flood_binary_omitted,False,True,False,False,False,False,False,False,False,False
205,1183.1,False,11,1,False,False,False,True,1,flood_binary_omitted,False,True,False,False,False,False,False,False,False,False
206,1183.2,True,11,11,True,True,False,False,0,,False,False,False,False,False,False,False,False,False,False
207,1184,True,11,11,True,True,False,False,0,,False,False,False,False,False,False,False,False,False,False
208,1185,False,11,4,False,False,False,True,4,equal_indicator_weights|flood_binary_omitted|literacy_direction_reversed|literacy_omitted,True,True,False,True,True,False,False,False,False,False
209,1186,True,11,10,False,False,False,True,1,loan_burden_direction,False,False,False,False,False,True,False,False,False,False
210,1187,True,11,10,False,False,False,True,1,loan_burden_direction,False,False,False,False,False,True,False,False,False,False
211,1188,True,11,11,True,True,False,False,0,,False,False,False,False,False,False,False,False,False,False
212,1189,True,11,10,False,False,False,True,1,loan_burden_direction,False,False,False,False,False,True,False,False,False,False
213,1190,False,11,3,False,False,False,True,3,flood_depth_omitted|loan_burden_direction|loan_omitted,False,False,True,False,False,True,True,False,False,False
214,1191,True,11,9,False,False,False,True,2,equal_indicator_weights|flood_binary_omitted,True,True,False,False,False,False,False,False,False,False
215,1192,True,11,11,True,True,False,False,0,,False,False,False,False,False,False,False,False,False,False
216,1194.1,True,11,11,True,True,False,False,0,,False,False,False,False,False,False,False,False,False,False
217,1194.2,True,11,9,False,False,False,True,2,equal_indicator_weights|flood_binary_omitted,True,True,False,False,False,False,False,False,False,False
218,1195,True,11,11,True,True,False,False,0,,False,False,False,False,False,False,False,False,False,False
219,1196,True,11,11,True,True,False,False,0,,False,False,False,False,False,False,False,False,False,False
220,1197,True,11,11,True,True,False,False,0,,False,False,False,False,False,False,False,False,False,False
221,1199,True,11,9,False,False,False,True,2,literacy_direction_reversed|loan_burden_direction,False,False,False,True,False,True,False,False,False,False
222,12,True,11,8,False,False,False,True,3,flood_depth_omitted|literacy_direction_reversed|literacy_omitted,False,False,True,True,True,False,False,False,False,False
223,120,False,11,4,False,False,False,True,4,flood_depth_omitted|literacy_direction_reversed|loan_burden_direction|loan_omitted,False,False,True,True,False,True,True,False,False,False
224,1200,False,11,5,False,False,False,True,5,flood_depth_omitted|literacy_direction_reversed|literacy_omitted|loan_burden_direction|loan_omitted,False,False,True,True,True,True,True,False,False,False
225,1201,False,11,5,False,False,False,True,5,flood_depth_omitted|literacy_direction_reversed|literacy_omitted|loan_burden_direction|loan_omitted,False,False,True,True,True,True,True,False,False,False
226,1202,True,11,10,False,False,False,True,1,loan_burden_direction,False,False,False,False,False,True,False,False,False,False
227,1203,False,11,5,False,False,False,True,5,equal_indicator_weights|flood_binary_omitted|loan_burden_direction|loan_omitted|robust_p01_p99_bounds,True,True,False,False,False,True,True,True,False,False
228,1204,True,11,11,True,True,False,False,0,,False,False,False,False,False,False,False,False,False,False
229,1205,True,11,11,True,True,False,False,0,,False,False,False,False,False,False,False,False,False,False
230,1206,True,11,9,False,False,False,True,2,equal_indicator_weights|flood_binary_omitted,True,True,False,False,False,False,False,False,False,False
231,1207,True,11,11,True,True,False,False,0,,False,False,False,False,False,False,False,False,False,False
232,1208,True,11,9,False,False,False,True,2,equal_indicator_weights|flood_binary_omitted,True,True,False,False,False,False,False,False,False,False
233,1209,True,11,11,True,True,False,False,0,,False,False,False,False,False,False,False,False,False,False
234,121,True,11,11,True,True,False,False,0,,False,False,False,False,False,False,False,False,False,False
235,1210,False,11,1,False,False,False,True,1,flood_binary_omitted,False,True,False,False,False,False,False,False,False,False
236,1211,True,11,8,False,False,False,True,3,equal_indicator_weights|flood_binary_omitted|robust_p01_p99_bounds,True,True,False,False,False,False,False,True,False,False
237,1212,True,11,10,False,False,False,True,1,literacy_direction_reversed,False,False,False,True,False,False,False,False,False,False
238,1213,True,11,9,False,False,False,True,2,equal_indicator_weights|flood_binary_omitted,True,True,False,False,False,False,False,False,False,False
239,1214,True,11,8,False,False,False,True,3,flood_binary_omitted|literacy_direction_reversed|literacy_omitted,False,True,False,True,True,False,False,False,False,False
240,1215,True,11,10,False,False,False,True,1,loan_burden_direction,False,False,False,False,False,True,False,False,False,False
241,1216,True,11,10,False,False,False,True,1,loan_burden_direction,False,False,False,False,False,True,False,False,False,False
242,1217,False,11,0,False,False,True,False,0,,False,False,False,False,False,False,False,False,False,False
243,1219,True,11,11,True,True,False,False,0,,False,False,False,False,False,False,False,False,False,False
244,122,False,11,0,False,False,True,False,0,,False,False,False,False,False,False,False,False,False,False
245,1220,False,11,0,False,False,True,False,0,,False,False,False,False,False,False,False,False,False,False
246,1221,False,11,0,False,False,True,False,0,,False,False,False,False,False,False,False,False,False,False
247,1222,True,11,11,True,True,False,False,0,,False,False,False,False,False,False,False,False,False,False
248,1223,True,11,11,True,True,False,False,0,,False,False,False,False,False,False,False,False,False,False
249,1224,False,11,2,False,False,False,True,2,equal_indicator_weights|flood_binary_omitted,True,True,False,False,False,False,False,False,False,False
250,1225,True,11,11,True,True,False,False,0,,False,False,False,False,False,False,False,False,False,False
251,1226,False,11,0,False,False,True,False,0,,False,False,False,False,False,False,False,False,False,False
252,1227,False,11,5,False,False,False,True,5,flood_depth_omitted|literacy_direction_reversed|literacy_omitted|loan_burden_direction|loan_omitted,False,False,True,True,True,True,True,False,False,False
253,1229,True,11,9,False,False,False,True,2,equal_indicator_weights|flood_binary_omitted,True,True,False,False,False,False,False,False,False,False
254,123,False,11,0,False,False,True,False,0,,False,False,False,False,False,False,False,False,False,False
255,1230,True,11,8,False,False,False,True,3,equal_indicator_weights|flood_binary_omitted|robust_p01_p99_bounds,True,True,False,False,False,False,False,True,False,False
256,1232,True,11,11,True,True,False,False,0,,False,False,False,False,False,False,False,False,False,False
257,1233,False,11,0,False,False,True,False,0,,False,False,False,False,False,False,False,False,False,False
258,1234,True,11,11,True,True,False,False,0,,False,False,False,False,False,False,False,False,False,False
259,1235,False,11,6,False,False,False,True,6,flood_depth_omitted|literacy_direction_reversed|literacy_omitted|loan_burden_direction|loan_omitted|zero_meals_as_missing,False,False,True,True,True,True,True,False,False,True
260,1236,False,11,4,False,False,False,True,4,equal_indicator_weights|flood_binary_omitted|literacy_direction_reversed|literacy_omitted,True,True,False,True,True,False,False,False,False,False
261,1237,True,11,11,True,True,False,False,0,,False,False,False,False,False,False,False,False,False,False
262,1238,True,11,9,False,False,False,True,2,flood_binary_omitted|robust_p01_p99_bounds,False,True,False,False,False,False,False,True,False,False
263,1239,True,11,11,True,True,False,False,0,,False,False,False,False,False,False,False,False,False,False
264,124,False,11,0,False,False,True,False,0,,False,False,False,False,False,False,False,False,False,False
265,1240.1,True,11,6,False,False,False,True,5,equal_indicator_weights|flood_binary_omitted|loan_burden_direction|loan_omitted|robust_p01_p99_bounds,True,True,False,False,False,True,True,True,False,False
266,1240.2,False,11,0,False,False,True,False,0,,False,False,False,False,False,False,False,False,False,False
267,1241,False,11,0,False,False,True,False,0,,False,False,False,False,False,False,False,False,False,False
268,1242,True,11,9,False,False,False,True,2,loan_burden_direction|loan_omitted,False,False,False,False,False,True,True,False,False,False
269,1243,False,11,0,False,False,True,False,0,,False,False,False,False,False,False,False,False,False,False
270,1244,False,11,1,False,False,False,True,1,flood_binary_omitted,False,True,False,False,False,False,False,False,False,False
271,1245,True,11,8,False,False,False,True,3,equal_indicator_weights|flood_binary_omitted|robust_p01_p99_bounds,True,True,False,False,False,False,False,True,False,False
272,1246.1,False,11,0,False,False,True,False,0,,False,False,False,False,False,False,False,False,False,False
273,1246.2,False,11,0,False,False,True,False,0,,False,False,False,False,False,False,False,False,False,False
274,1247,True,11,9,False,False,False,True,2,literacy_direction_reversed|loan_burden_direction,False,False,False,True,False,True,False,False,False,False
275,1248,False,11,0,False,False,True,False,0,,False,False,False,False,False,False,False,False,False,False
276,1249,True,11,10,False,False,False,True,1,equal_indicator_weights,True,False,False,False,False,False,False,False,False,False
277,1250,True,11,11,True,True,False,False,0,,False,False,False,False,False,False,False,False,False,False
278,1253,True,11,9,False,False,False,True,2,equal_indicator_weights|flood_binary_omitted,True,True,False,False,False,False,False,False,False,False
279,1254,True,11,11,True,True,False,False,0,,False,False,False,False,False,False,False,False,False,False
280,1255,True,11,11,True,True,False,False,0,,False,False,False,False,False,False,False,False,False,False
281,1256,True,11,11,True,True,False,False,0,,False,False,False,False,False,False,False,False,False,False
282,1257,True,11,10,False,False,False,True,1,equal_indicator_weights,True,False,False,False,False,False,False,False,False,False
283,1258,True,11,10,False,False,False,True,1,literacy_direction_reversed,False,False,False,True,False,False,False,False,False,False
284,1259,True,11,7,False,False,False,True,4,flood_binary_omitted|literacy_direction_reversed|literacy_omitted|robust_p01_p99_bounds,False,True,False,True,True,False,False,True,False,False
285,126,True,11,11,True,True,False,False,0,,False,False,False,False,False,False,False,False,False,False
286,1260,True,11,11,True,True,False,False,0,,False,False,False,False,False,False,False,False,False,False
287,1261,True,11,11,True,True,False,False,0,,False,False,False,False,False,False,False,False,False,False
288,1262,True,11,11,True,True,False,False,0,,False,False,False,False,False,False,False,False,False,False
289,1263,True,11,8,False,False,False,True,3,equal_indicator_weights|flood_binary_omitted|robust_p01_p99_bounds,True,True,False,False,False,False,False,True,False,False
290,1264,True,11,11,True,True,False,False,0,,False,False,False,False,False,False,False,False,False,False
291,1265,True,11,11,True,True,False,False,0,,False,False,False,False,False,False,False,False,False,False
292,1266,True,11,10,False,False,False,True,1,loan_burden_direction,False,False,False,False,False,True,False,False,False,False
293,1267,True,11,11,True,True,False,False,0,,False,False,False,False,False,False,False,False,False,False
294,1268,True,11,11,True,True,False,False,0,,False,False,False,False,False,False,False,False,False,False
295,1269,True,11,11,True,True,False,False,0,,False,False,False,False,False,False,False,False,False,False
296,127,True,10,10,False,True,False,False,0,,False,False,False,False,False,False,False,False,False,False
297,1270,True,11,9,False,False,False,True,2,literacy_direction_reversed|literacy_omitted,False,False,False,True,True,False,False,False,False,False
298,1271,True,11,11,True,True,False,False,0,,False,False,False,False,False,False,False,False,False,False
299,1272,True,11,10,False,False,False,True,1,flood_binary_omitted,False,True,False,False,False,False,False,False,False,False
300,1273,True,11,11,True,True,False,False,0,,False,False,False,False,False,False,False,False,False,False
301,1274.1.1,True,11,11,True,True,False,False,0,,False,False,False,False,False,False,False,False,False,False
302,1274.1.2,True,11,11,True,True,False,False,0,,False,False,False,False,False,False,False,False,False,False
303,1274.2,True,11,11,True,True,False,False,0,,False,False,False,False,False,False,False,False,False,False
304,1275,False,11,1,False,False,False,True,1,flood_binary_omitted,False,True,False,False,False,False,False,False,False,False
305,1276.1,False,11,0,False,False,True,False,0,,False,False,False,False,False,False,False,False,False,False
306,1276.2,True,11,9,False,False,False,True,2,equal_indicator_weights|flood_binary_omitted,True,True,False,False,False,False,False,False,False,False
307,1277,False,11,1,False,False,False,True,1,loan_burden_direction,False,False,False,False,False,True,False,False,False,False
308,1278,True,11,8,False,False,False,True,3,equal_indicator_weights|flood_binary_omitted|robust_p01_p99_bounds,True,True,False,False,False,False,False,True,False,False
309,1279,True,11,9,False,False,False,True,2,literacy_direction_reversed|literacy_omitted,False,False,False,True,True,False,False,False,False,False
310,128,True,11,11,True,True,False,False,0,,False,False,False,False,False,False,False,False,False,False
311,1280,True,10,7,False,False,False,True,3,literacy_direction_reversed|loan_burden_direction|zero_meals_as_missing,False,False,False,True,False,True,False,False,False,True
312,1281,True,11,11,True,True,False,False,0,,False,False,False,False,False,False,False,False,False,False
313,1282,True,11,7,False,False,False,True,4,equal_indicator_weights|flood_binary_omitted|literacy_direction_reversed|literacy_omitted,True,True,False,True,True,False,False,False,False,False
314,1283,True,11,9,False,False,False,True,2,loan_burden_direction|loan_omitted,False,False,False,False,False,True,True,False,False,False
315,1284,False,11,0,False,False,True,False,0,,False,False,False,False,False,False,False,False,False,False
316,1285,True,11,10,False,False,False,True,1,equal_indicator_weights,True,False,False,False,False,False,False,False,False,False
317,1286,False,11,1,False,False,False,True,1,flood_binary_omitted,False,True,False,False,False,False,False,False,False,False
318,1287,True,11,8,False,False,False,True,3,equal_indicator_weights|flood_binary_omitted|robust_p01_p99_bounds,True,True,False,False,False,False,False,True,False,False
319,1288,False,11,3,False,False,False,True,3,equal_indicator_weights|flood_binary_omitted|literacy_omitted,True,True,False,False,True,False,False,False,False,False
320,1289,False,11,1,False,False,False,True,1,flood_binary_omitted,False,True,False,False,False,False,False,False,False,False
321,129,True,11,11,True,True,False,False,0,,False,False,False,False,False,False,False,False,False,False
322,1290,False,11,0,False,False,True,False,0,,False,False,False,False,False,False,False,False,False,False
323,1291,False,11,0,False,False,True,False,0,,False,False,False,False,False,False,False,False,False,False
324,1292,False,11,5,False,False,False,True,5,equal_indicator_weights|flood_binary_omitted|loan_burden_direction|loan_omitted|robust_p01_p99_bounds,True,True,False,False,False,True,True,True,False,False
325,1293,True,11,11,True,True,False,False,0,,False,False,False,False,False,False,False,False,False,False
326,1295,True,11,9,False,False,False,True,2,equal_indicator_weights|flood_binary_omitted,True,True,False,False,False,False,False,False,False,False
327,1296,False,11,0,False,False,True,False,0,,False,False,False,False,False,False,False,False,False,False
328,1297,False,11,4,False,False,False,True,4,equal_indicator_weights|flood_binary_omitted|literacy_direction_reversed|literacy_omitted,True,True,False,True,True,False,False,False,False,False
329,1298.1,True,11,11,True,True,False,False,0,,False,False,False,False,False,False,False,False,False,False
330,1298.2,False,11,2,False,False,False,True,2,equal_indicator_weights|flood_binary_omitted,True,True,False,False,False,False,False,False,False,False
331,1299,True,11,8,False,False,False,True,3,equal_indicator_weights|flood_binary_omitted|robust_p01_p99_bounds,True,True,False,False,False,False,False,True,False,False
332,13,True,11,11,True,True,False,False,0,,False,False,False,False,False,False,False,False,False,False
333,130,False,11,2,False,False,False,True,2,equal_indicator_weights|flood_binary_omitted,True,True,False,False,False,False,False,False,False,False
334,1300.1,True,11,8,False,False,False,True,3,equal_indicator_weights|flood_binary_omitted|robust_p01_p99_bounds,True,True,False,False,False,False,False,True,False,False
335,1300.2,True,11,11,True,True,False,False,0,,False,False,False,False,False,False,False,False,False,False
336,1301.1,True,11,9,False,False,False,True,2,loan_burden_direction|loan_omitted,False,False,False,False,False,True,True,False,False,False
337,1301.2,True,11,9,False,False,False,True,2,flood_binary_omitted|literacy_direction_reversed,False,True,False,True,False,False,False,False,False,False
338,1302,True,11,11,True,True,False,False,0,,False,False,False,False,False,False,False,False,False,False
339,1303.1,False,11,0,False,False,True,False,0,,False,False,False,False,False,False,False,False,False,False
340,1303.2,True,11,7,False,False,False,True,4,equal_indicator_weights|flood_binary_omitted|loan_burden_direction|loan_omitted,True,True,False,False,False,True,True,False,False,False
341,1304,True,11,9,False,False,False,True,2,flood_binary_omitted|robust_p01_p99_bounds,False,True,False,False,False,False,False,True,False,False
342,1305.1,True,11,11,True,True,False,False,0,,False,False,False,False,False,False,False,False,False,False
343,1305.2,False,11,5,False,False,False,True,5,flood_depth_omitted|literacy_direction_reversed|literacy_omitted|loan_burden_direction|loan_omitted,False,False,True,True,True,True,True,False,False,False
344,1306,True,11,11,True,True,False,False,0,,False,False,False,False,False,False,False,False,False,False
345,1307.1,False,11,3,False,False,False,True,3,literacy_direction_reversed|loan_burden_direction|robust_p01_p99_bounds,False,False,False,True,False,True,False,True,False,False
346,1307.2,True,11,11,True,True,False,False,0,,False,False,False,False,False,False,False,False,False,False
347,1307.3,False,11,4,False,False,False,True,4,flood_depth_omitted|loan_burden_direction|loan_omitted|robust_p01_p99_bounds,False,False,True,False,False,True,True,True,False,False
348,1308,False,11,0,False,False,True,False,0,,False,False,False,False,False,False,False,False,False,False
349,1309.1.1,False,11,1,False,False,False,True,1,flood_binary_omitted,False,True,False,False,False,False,False,False,False,False
350,1309.1.2,True,11,11,True,True,False,False,0,,False,False,False,False,False,False,False,False,False,False
351,1309.2,True,11,11,True,True,False,False,0,,False,False,False,False,False,False,False,False,False,False
352,131,False,11,0,False,False,True,False,0,,False,False,False,False,False,False,False,False,False,False
353,1310,False,11,0,False,False,True,False,0,,False,False,False,False,False,False,False,False,False,False
354,1311,True,11,10,False,False,False,True,1,flood_binary_omitted,False,True,False,False,False,False,False,False,False,False
355,1312,False,11,0,False,False,True,False,0,,False,False,False,False,False,False,False,False,False,False
356,1313,True,11,10,False,False,False,True,1,loan_burden_direction,False,False,False,False,False,True,False,False,False,False
357,1314,False,11,0,False,False,True,False,0,,False,False,False,False,False,False,False,False,False,False
358,1315,False,11,0,False,False,True,False,0,,False,False,False,False,False,False,False,False,False,False
359,1316,False,11,0,False,False,True,False,0,,False,False,False,False,False,False,False,False,False,False
360,1317,False,11,0,False,False,True,False,0,,False,False,False,False,False,False,False,False,False,False
361,1318,True,11,11,True,True,False,False,0,,False,False,False,False,False,False,False,False,False,False
362,1319,False,11,0,False,False,True,False,0,,False,False,False,False,False,False,False,False,False,False
363,132,False,11,0,False,False,True,False,0,,False,False,False,False,False,False,False,False,False,False
364,1320,False,11,0,False,False,True,False,0,,False,False,False,False,False,False,False,False,False,False
365,1321,True,11,10,False,False,False,True,1,loan_burden_direction,False,False,False,False,False,True,False,False,False,False
366,1322,True,11,10,False,False,False,True,1,literacy_direction_reversed,False,False,False,True,False,False,False,False,False,False
367,1323,False,11,0,False,False,True,False,0,,False,False,False,False,False,False,False,False,False,False
368,1324,False,11,1,False,False,False,True,1,loan_burden_direction,False,False,False,False,False,True,False,False,False,False
369,1325,False,11,0,False,False,True,False,0,,False,False,False,False,False,False,False,False,False,False
370,1326,False,11,0,False,False,True,False,0,,False,False,False,False,False,False,False,False,False,False
371,1327,True,11,9,False,False,False,True,2,loan_burden_direction|loan_omitted,False,False,False,False,False,True,True,False,False,False
372,1328,False,11,0,False,False,True,False,0,,False,False,False,False,False,False,False,False,False,False
373,1329,False,11,1,False,False,False,True,1,flood_binary_omitted,False,True,False,False,False,False,False,False,False,False
374,1330,False,11,0,False,False,True,False,0,,False,False,False,False,False,False,False,False,False,False
375,1331.1,False,11,0,False,False,True,False,0,,False,False,False,False,False,False,False,False,False,False
376,1331.2,False,11,2,False,False,False,True,2,equal_indicator_weights|flood_binary_omitted,True,True,False,False,False,False,False,False,False,False
377,1332.1,False,11,5,False,False,False,True,5,literacy_direction_reversed|literacy_omitted|loan_burden_direction|loan_omitted|robust_p01_p99_bounds,False,False,False,True,True,True,True,True,False,False
378,1332.2,False,11,0,False,False,True,False,0,,False,False,False,False,False,False,False,False,False,False
379,1333,False,11,4,False,False,False,True,4,literacy_direction_reversed|loan_burden_direction|loan_omitted|robust_p01_p99_bounds,False,False,False,True,False,True,True,True,False,False
380,1334,False,11,0,False,False,True,False,0,,False,False,False,False,False,False,False,False,False,False
381,1335,False,11,0,False,False,True,False,0,,False,False,False,False,False,False,False,False,False,False
382,1336,False,11,0,False,False,True,False,0,,False,False,False,False,False,False,False,False,False,False
383,1337,False,11,3,False,False,False,True,3,literacy_direction_reversed|loan_burden_direction|loan_omitted,False,False,False,True,False,True,True,False,False,False
384,1338,False,11,0,False,False,True,False,0,,False,False,False,False,False,False,False,False,False,False
385,1339,False,11,0,False,False,True,False,0,,False,False,False,False,False,False,False,False,False,False
386,134,False,11,0,False,False,True,False,0,,False,False,False,False,False,False,False,False,False,False
387,1340.1,False,11,0,False,False,True,False,0,,False,False,False,False,False,False,False,False,False,False
388,1340.2,False,11,1,False,False,False,True,1,flood_binary_omitted,False,True,False,False,False,False,False,False,False,False
389,1341,False,11,1,False,False,False,True,1,flood_binary_omitted,False,True,False,False,False,False,False,False,False,False
390,1342,False,11,0,False,False,True,False,0,,False,False,False,False,False,False,False,False,False,False
391,1343,False,11,0,False,False,True,False,0,,False,False,False,False,False,False,False,False,False,False
392,1344,False,11,0,False,False,True,False,0,,False,False,False,False,False,False,False,False,False,False
393,1345,False,11,3,False,False,False,True,3,loan_burden_direction|loan_omitted|robust_p01_p99_bounds,False,False,False,False,False,True,True,True,False,False
394,1346,True,11,5,False,False,False,True,6,equal_indicator_weights|flood_binary_omitted|literacy_direction_reversed|literacy_omitted|loan_burden_direction|loan_omitted,True,True,False,True,True,True,True,False,False,False
395,1347,False,11,0,False,False,True,False,0,,False,False,False,False,False,False,False,False,False,False
396,1348.1,False,11,0,False,False,True,False,0,,False,False,False,False,False,False,False,False,False,False
397,1348.2,False,11,0,False,False,True,False,0,,False,False,False,False,False,False,False,False,False,False
398,1349,True,11,8,False,False,False,True,3,literacy_direction_reversed|loan_burden_direction|loan_omitted,False,False,False,True,False,True,True,False,False,False
399,135,True,11,10,False,False,False,True,1,flood_binary_omitted,False,True,False,False,False,False,False,False,False,False
400,1350,False,11,1,False,False,False,True,1,loan_burden_direction,False,False,False,False,False,True,False,False,False,False
401,1351,False,11,0,False,False,True,False,0,,False,False,False,False,False,False,False,False,False,False
402,1352,False,11,2,False,False,False,True,2,loan_burden_direction|robust_p01_p99_bounds,False,False,False,False,False,True,False,True,False,False
403,1353,True,11,10,False,False,False,True,1,flood_binary_omitted,False,True,False,False,False,False,False,False,False,False
404,1354,True,11,10,False,False,False,True,1,loan_burden_direction,False,False,False,False,False,True,False,False,False,False
405,1355,False,11,0,False,False,True,False,0,,False,False,False,False,False,False,False,False,False,False
406,1356,True,11,11,True,True,False,False,0,,False,False,False,False,False,False,False,False,False,False
407,1357,False,11,0,False,False,True,False,0,,False,False,False,False,False,False,False,False,False,False
408,1358,False,11,0,False,False,True,False,0,,False,False,False,False,False,False,False,False,False,False
409,1359,False,11,0,False,False,True,False,0,,False,False,False,False,False,False,False,False,False,False
410,136,False,11,0,False,False,True,False,0,,False,False,False,False,False,False,False,False,False,False
411,1360.1,False,11,0,False,False,True,False,0,,False,False,False,False,False,False,False,False,False,False
412,1360.2,False,11,0,False,False,True,False,0,,False,False,False,False,False,False,False,False,False,False
413,1361,False,11,0,False,False,True,False,0,,False,False,False,False,False,False,False,False,False,False
414,1362,False,11,5,False,False,False,True,5,flood_depth_omitted|literacy_direction_reversed|literacy_omitted|loan_burden_direction|loan_omitted,False,False,True,True,True,True,True,False,False,False
415,1363,False,11,0,False,False,True,False,0,,False,False,False,False,False,False,False,False,False,False
416,1364,False,11,0,False,False,True,False,0,,False,False,False,False,False,False,False,False,False,False
417,1365,False,11,0,False,False,True,False,0,,False,False,False,False,False,False,False,False,False,False
418,1366,False,11,0,False,False,True,False,0,,False,False,False,False,False,False,False,False,False,False
419,1367.1,False,11,5,False,False,False,True,5,flood_depth_omitted|literacy_direction_reversed|literacy_omitted|loan_burden_direction|loan_omitted,False,False,True,True,True,True,True,False,False,False
420,1367.2,False,11,0,False,False,True,False,0,,False,False,False,False,False,False,False,False,False,False
421,1368,False,11,0,False,False,True,False,0,,False,False,False,False,False,False,False,False,False,False
422,1369,False,11,0,False,False,True,False,0,,False,False,False,False,False,False,False,False,False,False
423,137,False,11,0,False,False,True,False,0,,False,False,False,False,False,False,False,False,False,False
424,1370,False,11,0,False,False,True,False,0,,False,False,False,False,False,False,False,False,False,False
425,1371,True,11,11,True,True,False,False,0,,False,False,False,False,False,False,False,False,False,False
426,1373,True,11,10,False,False,False,True,1,flood_binary_omitted,False,True,False,False,False,False,False,False,False,False
427,1374,False,11,0,False,False,True,False,0,,False,False,False,False,False,False,False,False,False,False
428,1375,False,11,0,False,False,True,False,0,,False,False,False,False,False,False,False,False,False,False
429,1376,False,11,0,False,False,True,False,0,,False,False,False,False,False,False,False,False,False,False
430,1377,False,11,0,False,False,True,False,0,,False,False,False,False,False,False,False,False,False,False
431,1378,True,11,10,False,False,False,True,1,loan_burden_direction,False,False,False,False,False,True,False,False,False,False
432,1379,False,11,3,False,False,False,True,3,flood_depth_omitted|literacy_direction_reversed|literacy_omitted,False,False,True,True,True,False,False,False,False,False
433,1380,True,11,6,False,False,False,True,5,equal_indicator_weights|flood_binary_omitted|loan_burden_direction|loan_omitted|robust_p01_p99_bounds,True,True,False,False,False,True,True,True,False,False
434,1382,True,11,8,False,False,False,True,3,flood_binary_omitted|loan_burden_direction|loan_omitted,False,True,False,False,False,True,True,False,False,False
435,1383,False,11,0,False,False,True,False,0,,False,False,False,False,False,False,False,False,False,False
436,1384,False,11,1,False,False,False,True,1,loan_burden_direction,False,False,False,False,False,True,False,False,False,False
437,1385,False,11,0,False,False,True,False,0,,False,False,False,False,False,False,False,False,False,False
438,1386,False,11,0,False,False,True,False,0,,False,False,False,False,False,False,False,False,False,False
439,1387,False,11,0,False,False,True,False,0,,False,False,False,False,False,False,False,False,False,False
440,1388,True,11,11,True,True,False,False,0,,False,False,False,False,False,False,False,False,False,False
441,1389,False,11,0,False,False,True,False,0,,False,False,False,False,False,False,False,False,False,False
442,1390,True,11,10,False,False,False,True,1,flood_binary_omitted,False,True,False,False,False,False,False,False,False,False
443,1391,True,11,7,False,False,False,True,4,equal_indicator_weights|flood_binary_omitted|loan_burden_direction|loan_omitted,True,True,False,False,False,True,True,False,False,False
444,1392,False,11,0,False,False,True,False,0,,False,False,False,False,False,False,False,False,False,False
445,1393.1,False,11,0,False,False,True,False,0,,False,False,False,False,False,False,False,False,False,False
446,1393.2,True,11,9,False,False,False,True,2,literacy_direction_reversed|literacy_omitted,False,False,False,True,True,False,False,False,False,False
447,1393.3,False,11,1,False,False,False,True,1,loan_burden_direction,False,False,False,False,False,True,False,False,False,False
448,1394.1,False,11,1,False,False,False,True,1,flood_binary_omitted,False,True,False,False,False,False,False,False,False,False
449,1394.2,False,11,0,False,False,True,False,0,,False,False,False,False,False,False,False,False,False,False
450,1395,False,11,0,False,False,True,False,0,,False,False,False,False,False,False,False,False,False,False
451,1396,True,11,10,False,False,False,True,1,flood_binary_omitted,False,True,False,False,False,False,False,False,False,False
452,1397,False,11,0,False,False,True,False,0,,False,False,False,False,False,False,False,False,False,False
453,1398,True,11,11,True,True,False,False,0,,False,False,False,False,False,False,False,False,False,False
454,1399,False,11,0,False,False,True,False,0,,False,False,False,False,False,False,False,False,False,False
455,14,False,11,0,False,False,True,False,0,,False,False,False,False,False,False,False,False,False,False
456,140,False,11,2,False,False,False,True,2,equal_indicator_weights|flood_binary_omitted,True,True,False,False,False,False,False,False,False,False
457,1400,False,11,0,False,False,True,False,0,,False,False,False,False,False,False,False,False,False,False
458,1401,False,11,0,False,False,True,False,0,,False,False,False,False,False,False,False,False,False,False
459,1402,False,11,0,False,False,True,False,0,,False,False,False,False,False,False,False,False,False,False
460,1403,False,11,0,False,False,True,False,0,,False,False,False,False,False,False,False,False,False,False
461,1404,False,11,0,False,False,True,False,0,,False,False,False,False,False,False,False,False,False,False
462,1405,False,11,0,False,False,True,False,0,,False,False,False,False,False,False,False,False,False,False
463,1406,False,11,0,False,False,True,False,0,,False,False,False,False,False,False,False,False,False,False
464,1407,True,11,10,False,False,False,True,1,loan_burden_direction,False,False,False,False,False,True,False,False,False,False
465,1408.1,False,11,0,False,False,True,False,0,,False,False,False,False,False,False,False,False,False,False
466,1408.2,False,11,0,False,False,True,False,0,,False,False,False,False,False,False,False,False,False,False
467,141,False,11,0,False,False,True,False,0,,False,False,False,False,False,False,False,False,False,False
468,1410,False,11,0,False,False,True,False,0,,False,False,False,False,False,False,False,False,False,False
469,1411.1,False,11,0,False,False,True,False,0,,False,False,False,False,False,False,False,False,False,False
470,1411.2,False,11,0,False,False,True,False,0,,False,False,False,False,False,False,False,False,False,False
471,1413,False,11,0,False,False,True,False,0,,False,False,False,False,False,False,False,False,False,False
472,1414.1,False,11,0,False,False,True,False,0,,False,False,False,False,False,False,False,False,False,False
473,1414.2,False,11,0,False,False,True,False,0,,False,False,False,False,False,False,False,False,False,False
474,1414.3,False,11,0,False,False,True,False,0,,False,False,False,False,False,False,False,False,False,False
475,1415,False,11,0,False,False,True,False,0,,False,False,False,False,False,False,False,False,False,False
476,1416,False,11,0,False,False,True,False,0,,False,False,False,False,False,False,False,False,False,False
477,1417.1,True,11,10,False,False,False,True,1,loan_burden_direction,False,False,False,False,False,True,False,False,False,False
478,1417.2,False,11,0,False,False,True,False,0,,False,False,False,False,False,False,False,False,False,False
479,1418,True,11,11,True,True,False,False,0,,False,False,False,False,False,False,False,False,False,False
480,1419,False,11,0,False,False,True,False,0,,False,False,False,False,False,False,False,False,False,False
481,142.1,False,11,0,False,False,True,False,0,,False,False,False,False,False,False,False,False,False,False
482,142.2,True,11,11,True,True,False,False,0,,False,False,False,False,False,False,False,False,False,False
483,1420,False,11,0,False,False,True,False,0,,False,False,False,False,False,False,False,False,False,False
484,1421,False,11,0,False,False,True,False,0,,False,False,False,False,False,False,False,False,False,False
485,1422,False,11,0,False,False,True,False,0,,False,False,False,False,False,False,False,False,False,False
486,1423.1,False,11,0,False,False,True,False,0,,False,False,False,False,False,False,False,False,False,False
487,1423.2,False,11,0,False,False,True,False,0,,False,False,False,False,False,False,False,False,False,False
488,1424,False,11,1,False,False,False,True,1,flood_binary_omitted,False,True,False,False,False,False,False,False,False,False
489,1425,True,11,9,False,False,False,True,2,literacy_direction_reversed|literacy_omitted,False,False,False,True,True,False,False,False,False,False
490,1426,False,11,0,False,False,True,False,0,,False,False,False,False,False,False,False,False,False,False
491,1427.1,True,11,9,False,False,False,True,2,equal_indicator_weights|flood_binary_omitted,True,True,False,False,False,False,False,False,False,False
492,1427.2,True,11,8,False,False,False,True,3,flood_binary_omitted|literacy_direction_reversed|literacy_omitted,False,True,False,True,True,False,False,False,False,False
493,1428.1,False,11,0,False,False,True,False,0,,False,False,False,False,False,False,False,False,False,False
494,1428.2,True,11,11,True,True,False,False,0,,False,False,False,False,False,False,False,False,False,False
495,1429,True,11,8,False,False,False,True,3,equal_indicator_weights|flood_binary_omitted|flood_depth_omitted,True,True,True,False,False,False,False,False,False,False
496,143,True,11,10,False,False,False,True,1,flood_binary_omitted,False,True,False,False,False,False,False,False,False,False
497,1430,False,11,0,False,False,True,False,0,,False,False,False,False,False,False,False,False,False,False
498,1431,False,11,0,False,False,True,False,0,,False,False,False,False,False,False,False,False,False,False
499,1432,False,11,0,False,False,True,False,0,,False,False,False,False,False,False,False,False,False,False
500,1433,False,11,0,False,False,True,False,0,,False,False,False,False,False,False,False,False,False,False
501,1434,True,11,10,False,False,False,True,1,loan_burden_direction,False,False,False,False,False,True,False,False,False,False
502,1435,True,11,6,False,False,False,True,5,equal_indicator_weights|flood_binary_omitted|loan_burden_direction|loan_omitted|robust_p01_p99_bounds,True,True,False,False,False,True,True,True,False,False
503,1436,False,11,1,False,False,False,True,1,flood_binary_omitted,False,True,False,False,False,False,False,False,False,False
504,1437,False,11,4,False,False,False,True,4,equal_indicator_weights|flood_binary_omitted|literacy_direction_reversed|literacy_omitted,True,True,False,True,True,False,False,False,False,False
505,1438,False,11,0,False,False,True,False,0,,False,False,False,False,False,False,False,False,False,False
506,1439,False,11,0,False,False,True,False,0,,False,False,False,False,False,False,False,False,False,False
507,144,False,11,0,False,False,True,False,0,,False,False,False,False,False,False,False,False,False,False
508,1440,False,11,0,False,False,True,False,0,,False,False,False,False,False,False,False,False,False,False
509,1441,False,11,1,False,False,False,True,1,flood_binary_omitted,False,True,False,False,False,False,False,False,False,False
510,1442,True,11,7,False,False,False,True,4,flood_binary_omitted|loan_burden_direction|loan_omitted|robust_p01_p99_bounds,False,True,False,False,False,True,True,True,False,False
511,1443,False,11,0,False,False,True,False,0,,False,False,False,False,False,False,False,False,False,False
512,1444,False,11,0,False,False,True,False,0,,False,False,False,False,False,False,False,False,False,False
513,1445,False,11,0,False,False,True,False,0,,False,False,False,False,False,False,False,False,False,False
514,1446,True,11,8,False,False,False,True,3,flood_binary_omitted|loan_burden_direction|loan_omitted,False,True,False,False,False,True,True,False,False,False
515,1447,True,11,8,False,False,False,True,3,flood_depth_omitted|loan_burden_direction|loan_omitted,False,False,True,False,False,True,True,False,False,False
516,1448,False,11,1,False,False,False,True,1,flood_binary_omitted,False,True,False,False,False,False,False,False,False,False
517,1449,False,11,0,False,False,True,False,0,,False,False,False,False,False,False,False,False,False,False
518,145,True,11,11,True,True,False,False,0,,False,False,False,False,False,False,False,False,False,False
519,1450.1,False,11,1,False,False,False,True,1,loan_burden_direction,False,False,False,False,False,True,False,False,False,False
520,1450.2,False,11,0,False,False,True,False,0,,False,False,False,False,False,False,False,False,False,False
521,1451,False,11,0,False,False,True,False,0,,False,False,False,False,False,False,False,False,False,False
522,1452,False,11,0,False,False,True,False,0,,False,False,False,False,False,False,False,False,False,False
523,1453.1,True,11,5,False,False,False,True,6,flood_depth_omitted|literacy_direction_reversed|literacy_omitted|loan_burden_direction|loan_omitted|robust_p01_p99_bounds,False,False,True,True,True,True,True,True,False,False
524,1453.2,False,11,0,False,False,True,False,0,,False,False,False,False,False,False,False,False,False,False
525,1454,True,11,9,False,False,False,True,2,flood_binary_omitted|literacy_direction_reversed,False,True,False,True,False,False,False,False,False,False
526,1455.1,True,11,9,False,False,False,True,2,flood_binary_omitted|literacy_direction_reversed,False,True,False,True,False,False,False,False,False,False
527,1455.2,True,11,5,False,False,False,True,6,flood_depth_omitted|literacy_direction_reversed|literacy_omitted|loan_burden_direction|loan_omitted|robust_p01_p99_bounds,False,False,True,True,True,True,True,True,False,False
528,1455.3,True,11,11,True,True,False,False,0,,False,False,False,False,False,False,False,False,False,False
529,1456,False,11,1,False,False,False,True,1,flood_binary_omitted,False,True,False,False,False,False,False,False,False,False
530,1457,True,11,11,True,True,False,False,0,,False,False,False,False,False,False,False,False,False,False
531,1458,False,11,0,False,False,True,False,0,,False,False,False,False,False,False,False,False,False,False
532,1459,False,11,1,False,False,False,True,1,flood_binary_omitted,False,True,False,False,False,False,False,False,False,False
533,146,False,11,3,False,False,False,True,3,literacy_direction_reversed|loan_burden_direction|loan_omitted,False,False,False,True,False,True,True,False,False,False
534,1460,True,11,10,False,False,False,True,1,equal_indicator_weights,True,False,False,False,False,False,False,False,False,False
535,1462,True,11,10,False,False,False,True,1,loan_burden_direction,False,False,False,False,False,True,False,False,False,False
536,1463,False,11,0,False,False,True,False,0,,False,False,False,False,False,False,False,False,False,False
537,1464,False,11,0,False,False,True,False,0,,False,False,False,False,False,False,False,False,False,False
538,1465,False,11,3,False,False,False,True,3,equal_indicator_weights|flood_binary_omitted|literacy_omitted,True,True,False,False,True,False,False,False,False,False
539,1466,False,11,0,False,False,True,False,0,,False,False,False,False,False,False,False,False,False,False
540,1467.1,True,11,11,True,True,False,False,0,,False,False,False,False,False,False,False,False,False,False
541,1467.2,True,11,10,False,False,False,True,1,flood_binary_omitted,False,True,False,False,False,False,False,False,False,False
542,1468,True,11,11,True,True,False,False,0,,False,False,False,False,False,False,False,False,False,False
543,1469,False,11,0,False,False,True,False,0,,False,False,False,False,False,False,False,False,False,False
544,147,False,11,0,False,False,True,False,0,,False,False,False,False,False,False,False,False,False,False
545,1470,False,11,0,False,False,True,False,0,,False,False,False,False,False,False,False,False,False,False
546,1471,False,11,0,False,False,True,False,0,,False,False,False,False,False,False,False,False,False,False
547,1472,False,11,3,False,False,False,True,3,literacy_direction_reversed|loan_burden_direction|loan_omitted,False,False,False,True,False,True,True,False,False,False
548,1473,False,11,0,False,False,True,False,0,,False,False,False,False,False,False,False,False,False,False
549,1474,True,11,10,False,False,False,True,1,loan_burden_direction,False,False,False,False,False,True,False,False,False,False
550,1475,False,11,0,False,False,True,False,0,,False,False,False,False,False,False,False,False,False,False
551,1476,False,11,1,False,False,False,True,1,flood_binary_omitted,False,True,False,False,False,False,False,False,False,False
552,1477,False,11,0,False,False,True,False,0,,False,False,False,False,False,False,False,False,False,False
553,1478,False,11,1,False,False,False,True,1,loan_burden_direction,False,False,False,False,False,True,False,False,False,False
554,1479,False,11,0,False,False,True,False,0,,False,False,False,False,False,False,False,False,False,False
555,148.1,True,11,7,False,False,False,True,4,equal_indicator_weights|flood_binary_omitted|literacy_direction_reversed|literacy_omitted,True,True,False,True,True,False,False,False,False,False
556,148.2,False,11,0,False,False,True,False,0,,False,False,False,False,False,False,False,False,False,False
557,148.3,False,11,2,False,False,False,True,2,equal_indicator_weights|flood_binary_omitted,True,True,False,False,False,False,False,False,False,False
558,1480,False,11,0,False,False,True,False,0,,False,False,False,False,False,False,False,False,False,False
559,1481,False,11,0,False,False,True,False,0,,False,False,False,False,False,False,False,False,False,False
560,1482,True,11,10,False,False,False,True,1,flood_binary_omitted,False,True,False,False,False,False,False,False,False,False
561,1483,False,11,2,False,False,False,True,2,literacy_direction_reversed|literacy_omitted,False,False,False,True,True,False,False,False,False,False
562,1485,False,11,0,False,False,True,False,0,,False,False,False,False,False,False,False,False,False,False
563,1486,True,11,11,True,True,False,False,0,,False,False,False,False,False,False,False,False,False,False
564,1487,False,11,1,False,False,False,True,1,flood_binary_omitted,False,True,False,False,False,False,False,False,False,False
565,1488,True,11,8,False,False,False,True,3,flood_binary_omitted|loan_burden_direction|loan_omitted,False,True,False,False,False,True,True,False,False,False
566,1489,True,11,10,False,False,False,True,1,loan_burden_direction,False,False,False,False,False,True,False,False,False,False
567,149,False,11,1,False,False,False,True,1,loan_burden_direction,False,False,False,False,False,True,False,False,False,False
568,1490,False,11,0,False,False,True,False,0,,False,False,False,False,False,False,False,False,False,False
569,1491,False,11,0,False,False,True,False,0,,False,False,False,False,False,False,False,False,False,False
570,1492,False,11,0,False,False,True,False,0,,False,False,False,False,False,False,False,False,False,False
571,1493,False,11,0,False,False,True,False,0,,False,False,False,False,False,False,False,False,False,False
572,1494,False,11,3,False,False,False,True,3,loan_burden_direction|loan_omitted|robust_p01_p99_bounds,False,False,False,False,False,True,True,True,False,False
573,1495.1,False,11,0,False,False,True,False,0,,False,False,False,False,False,False,False,False,False,False
574,1495.2,False,11,1,False,False,False,True,1,flood_binary_omitted,False,True,False,False,False,False,False,False,False,False
575,1495.3,False,11,0,False,False,True,False,0,,False,False,False,False,False,False,False,False,False,False
576,1496,False,11,0,False,False,True,False,0,,False,False,False,False,False,False,False,False,False,False
577,1497,False,11,0,False,False,True,False,0,,False,False,False,False,False,False,False,False,False,False
578,1498,True,11,10,False,False,False,True,1,loan_burden_direction,False,False,False,False,False,True,False,False,False,False
579,1499,False,11,0,False,False,True,False,0,,False,False,False,False,False,False,False,False,False,False
580,15,False,11,0,False,False,True,False,0,,False,False,False,False,False,False,False,False,False,False
581,150,False,11,1,False,False,False,True,1,loan_burden_direction,False,False,False,False,False,True,False,False,False,False
582,1500,True,11,9,False,False,False,True,2,equal_indicator_weights|flood_binary_omitted,True,True,False,False,False,False,False,False,False,False
583,1502,False,11,0,False,False,True,False,0,,False,False,False,False,False,False,False,False,False,False
584,1505,False,11,0,False,False,True,False,0,,False,False,False,False,False,False,False,False,False,False
585,1506,True,11,9,False,False,False,True,2,equal_indicator_weights|flood_binary_omitted,True,True,False,False,False,False,False,False,False,False
586,1507,True,11,10,False,False,False,True,1,literacy_direction_reversed,False,False,False,True,False,False,False,False,False,False
587,151,True,11,11,True,True,False,False,0,,False,False,False,False,False,False,False,False,False,False
588,1510,True,11,9,False,False,False,True,2,loan_burden_direction|loan_omitted,False,False,False,False,False,True,True,False,False,False
589,1511,False,11,4,False,False,False,True,4,flood_depth_omitted|loan_burden_direction|loan_omitted|robust_p01_p99_bounds,False,False,True,False,False,True,True,True,False,False
590,1514,False,11,1,False,False,False,True,1,loan_burden_direction,False,False,False,False,False,True,False,False,False,False
591,1515,False,11,1,False,False,False,True,1,loan_burden_direction,False,False,False,False,False,True,False,False,False,False
592,1516,False,11,0,False,False,True,False,0,,False,False,False,False,False,False,False,False,False,False
593,1519.1,True,11,11,True,True,False,False,0,,False,False,False,False,False,False,False,False,False,False
594,1519.2,False,11,1,False,False,False,True,1,flood_binary_omitted,False,True,False,False,False,False,False,False,False,False
595,152,False,10,4,False,False,False,True,4,equal_indicator_weights|flood_binary_omitted|literacy_direction_reversed|literacy_omitted,True,True,False,True,True,False,False,False,False,False
596,1520,True,11,7,False,False,False,True,4,equal_indicator_weights|flood_binary_omitted|literacy_direction_reversed|literacy_omitted,True,True,False,True,True,False,False,False,False,False
597,1521.1,True,11,11,True,True,False,False,0,,False,False,False,False,False,False,False,False,False,False
598,1521.2,True,11,8,False,False,False,True,3,literacy_direction_reversed|loan_burden_direction|loan_omitted,False,False,False,True,False,True,True,False,False,False
599,1522.1,True,11,11,True,True,False,False,0,,False,False,False,False,False,False,False,False,False,False
600,1522.2,True,11,11,True,True,False,False,0,,False,False,False,False,False,False,False,False,False,False
601,1523,False,11,3,False,False,False,True,3,equal_indicator_weights|flood_binary_omitted|literacy_omitted,True,True,False,False,True,False,False,False,False,False
602,1524,True,11,8,False,False,False,True,3,literacy_direction_reversed|literacy_omitted|loan_burden_direction,False,False,False,True,True,True,False,False,False,False
603,1525.1,True,11,8,False,False,False,True,3,equal_indicator_weights|flood_binary_omitted|robust_p01_p99_bounds,True,True,False,False,False,False,False,True,False,False
604,1525.2,False,11,1,False,False,False,True,1,flood_binary_omitted,False,True,False,False,False,False,False,False,False,False
605,1526,False,11,1,False,False,False,True,1,flood_binary_omitted,False,True,False,False,False,False,False,False,False,False
606,1527,True,11,6,False,False,False,True,5,equal_indicator_weights|flood_binary_omitted|literacy_direction_reversed|literacy_omitted|robust_p01_p99_bounds,True,True,False,True,True,False,False,True,False,False
607,1528,False,11,0,False,False,True,False,0,,False,False,False,False,False,False,False,False,False,False
608,1529,False,11,0,False,False,True,False,0,,False,False,False,False,False,False,False,False,False,False
609,153,False,11,3,False,False,False,True,3,literacy_direction_reversed|loan_burden_direction|robust_p01_p99_bounds,False,False,False,True,False,True,False,True,False,False
610,1530,True,11,9,False,False,False,True,2,flood_binary_omitted|robust_p01_p99_bounds,False,True,False,False,False,False,False,True,False,False
611,1531,False,11,0,False,False,True,False,0,,False,False,False,False,False,False,False,False,False,False
612,1532,False,11,1,False,False,False,True,1,loan_burden_direction,False,False,False,False,False,True,False,False,False,False
613,1533,False,11,0,False,False,True,False,0,,False,False,False,False,False,False,False,False,False,False
614,1534,True,11,11,True,True,False,False,0,,False,False,False,False,False,False,False,False,False,False
615,1535,True,11,11,True,True,False,False,0,,False,False,False,False,False,False,False,False,False,False
616,1536,False,11,3,False,False,False,True,3,flood_depth_omitted|literacy_direction_reversed|literacy_omitted,False,False,True,True,True,False,False,False,False,False
617,1537,False,11,0,False,False,True,False,0,,False,False,False,False,False,False,False,False,False,False
618,1538,True,11,10,False,False,False,True,1,loan_burden_direction,False,False,False,False,False,True,False,False,False,False
619,154,False,11,0,False,False,True,False,0,,False,False,False,False,False,False,False,False,False,False
620,1540,True,11,8,False,False,False,True,3,equal_indicator_weights|flood_binary_omitted|robust_p01_p99_bounds,True,True,False,False,False,False,False,True,False,False
621,1541,False,11,2,False,False,False,True,2,equal_indicator_weights|flood_binary_omitted,True,True,False,False,False,False,False,False,False,False
622,1542,False,11,0,False,False,True,False,0,,False,False,False,False,False,False,False,False,False,False
623,1543,False,11,0,False,False,True,False,0,,False,False,False,False,False,False,False,False,False,False
624,1546,False,11,5,False,False,False,True,5,flood_depth_omitted|literacy_direction_reversed|literacy_omitted|loan_burden_direction|loan_omitted,False,False,True,True,True,True,True,False,False,False
625,1547,True,11,10,False,False,False,True,1,literacy_direction_reversed,False,False,False,True,False,False,False,False,False,False
626,1548,False,11,0,False,False,True,False,0,,False,False,False,False,False,False,False,False,False,False
627,1549.1,False,11,5,False,False,False,True,5,flood_depth_omitted|literacy_direction_reversed|loan_burden_direction|loan_omitted|robust_p01_p99_bounds,False,False,True,True,False,True,True,True,False,False
628,1549.2,False,11,4,False,False,False,True,4,equal_indicator_weights|flood_binary_omitted|loan_burden_direction|loan_omitted,True,True,False,False,False,True,True,False,False,False
629,155,True,11,9,False,False,False,True,2,equal_indicator_weights|flood_binary_omitted,True,True,False,False,False,False,False,False,False,False
630,1550,False,11,0,False,False,True,False,0,,False,False,False,False,False,False,False,False,False,False
631,1551,True,11,11,True,True,False,False,0,,False,False,False,False,False,False,False,False,False,False
632,1552,False,11,0,False,False,True,False,0,,False,False,False,False,False,False,False,False,False,False
633,1553,True,11,11,True,True,False,False,0,,False,False,False,False,False,False,False,False,False,False
634,1556,True,11,7,False,False,False,True,4,literacy_direction_reversed|loan_burden_direction|loan_omitted|robust_p01_p99_bounds,False,False,False,True,False,True,True,True,False,False
635,1557,False,11,3,False,False,False,True,3,literacy_direction_reversed|loan_burden_direction|robust_p01_p99_bounds,False,False,False,True,False,True,False,True,False,False
636,1558,True,11,11,True,True,False,False,0,,False,False,False,False,False,False,False,False,False,False
637,1559,False,11,1,False,False,False,True,1,loan_burden_direction,False,False,False,False,False,True,False,False,False,False
638,1560,True,11,11,True,True,False,False,0,,False,False,False,False,False,False,False,False,False,False
639,1561,True,11,9,False,False,False,True,2,equal_indicator_weights|flood_binary_omitted,True,True,False,False,False,False,False,False,False,False
640,1563,True,11,11,True,True,False,False,0,,False,False,False,False,False,False,False,False,False,False
641,1564,True,11,11,True,True,False,False,0,,False,False,False,False,False,False,False,False,False,False
642,1565,False,11,0,False,False,True,False,0,,False,False,False,False,False,False,False,False,False,False
643,1566,True,11,11,True,True,False,False,0,,False,False,False,False,False,False,False,False,False,False
644,1568,False,11,1,False,False,False,True,1,flood_binary_omitted,False,True,False,False,False,False,False,False,False,False
645,157,False,11,1,False,False,False,True,1,flood_binary_omitted,False,True,False,False,False,False,False,False,False,False
646,1570,True,11,10,False,False,False,True,1,loan_burden_direction,False,False,False,False,False,True,False,False,False,False
647,1571,False,11,2,False,False,False,True,2,loan_burden_direction|robust_p01_p99_bounds,False,False,False,False,False,True,False,True,False,False
648,1573,True,11,11,True,True,False,False,0,,False,False,False,False,False,False,False,False,False,False
649,1574,True,11,8,False,False,False,True,3,equal_indicator_weights|flood_binary_omitted|robust_p01_p99_bounds,True,True,False,False,False,False,False,True,False,False
650,1575,True,11,11,True,True,False,False,0,,False,False,False,False,False,False,False,False,False,False
651,1576,False,11,0,False,False,True,False,0,,False,False,False,False,False,False,False,False,False,False
652,1577.1,True,11,9,False,False,False,True,2,equal_indicator_weights|flood_binary_omitted,True,True,False,False,False,False,False,False,False,False
653,1577.2,False,11,3,False,False,False,True,3,literacy_direction_reversed|loan_burden_direction|robust_p01_p99_bounds,False,False,False,True,False,True,False,True,False,False
654,1578,True,11,9,False,False,False,True,2,loan_burden_direction|loan_omitted,False,False,False,False,False,True,True,False,False,False
655,1579,True,11,9,False,False,False,True,2,equal_indicator_weights|flood_binary_omitted,True,True,False,False,False,False,False,False,False,False
656,1580,True,11,9,False,False,False,True,2,equal_indicator_weights|flood_binary_omitted,True,True,False,False,False,False,False,False,False,False
657,1581,True,11,11,True,True,False,False,0,,False,False,False,False,False,False,False,False,False,False
658,1582,True,10,10,False,True,False,False,0,,False,False,False,False,False,False,False,False,False,False
659,1583,True,11,11,True,True,False,False,0,,False,False,False,False,False,False,False,False,False,False
660,1584,False,11,3,False,False,False,True,3,literacy_direction_reversed|loan_burden_direction|loan_omitted,False,False,False,True,False,True,True,False,False,False
661,1585,True,11,7,False,False,False,True,4,equal_indicator_weights|flood_binary_omitted|literacy_direction_reversed|literacy_omitted,True,True,False,True,True,False,False,False,False,False
662,1586.1,False,11,2,False,False,False,True,2,equal_indicator_weights|flood_binary_omitted,True,True,False,False,False,False,False,False,False,False
663,1586.2,True,11,10,False,False,False,True,1,literacy_direction_reversed,False,False,False,True,False,False,False,False,False,False
664,1587,True,11,11,True,True,False,False,0,,False,False,False,False,False,False,False,False,False,False
665,1588,True,11,11,True,True,False,False,0,,False,False,False,False,False,False,False,False,False,False
666,1589,True,11,10,False,False,False,True,1,loan_burden_direction,False,False,False,False,False,True,False,False,False,False
667,1590,True,11,11,True,True,False,False,0,,False,False,False,False,False,False,False,False,False,False
668,1591,True,11,9,False,False,False,True,2,equal_indicator_weights|flood_binary_omitted,True,True,False,False,False,False,False,False,False,False
669,1592,False,11,1,False,False,False,True,1,flood_binary_omitted,False,True,False,False,False,False,False,False,False,False
670,1595,False,11,1,False,False,False,True,1,flood_binary_omitted,False,True,False,False,False,False,False,False,False,False
671,1596,True,11,10,False,False,False,True,1,loan_burden_direction,False,False,False,False,False,True,False,False,False,False
672,1597,False,11,1,False,False,False,True,1,flood_binary_omitted,False,True,False,False,False,False,False,False,False,False
673,1598,False,11,0,False,False,True,False,0,,False,False,False,False,False,False,False,False,False,False
674,1599,True,11,8,False,False,False,True,3,equal_indicator_weights|flood_binary_omitted|robust_p01_p99_bounds,True,True,False,False,False,False,False,True,False,False
675,16.1,True,11,10,False,False,False,True,1,loan_burden_direction,False,False,False,False,False,True,False,False,False,False
676,16.2,True,11,11,True,True,False,False,0,,False,False,False,False,False,False,False,False,False,False
677,160,True,11,11,True,True,False,False,0,,False,False,False,False,False,False,False,False,False,False
678,1600.1,True,11,10,False,False,False,True,1,loan_burden_direction,False,False,False,False,False,True,False,False,False,False
679,1600.2.1,True,11,7,False,False,False,True,4,equal_indicator_weights|flood_binary_omitted|literacy_direction_reversed|literacy_omitted,True,True,False,True,True,False,False,False,False,False
680,1600.2.2,False,11,1,False,False,False,True,1,flood_binary_omitted,False,True,False,False,False,False,False,False,False,False
681,1601,False,11,2,False,False,False,True,2,equal_indicator_weights|flood_binary_omitted,True,True,False,False,False,False,False,False,False,False
682,1602,False,11,0,False,False,True,False,0,,False,False,False,False,False,False,False,False,False,False
683,1603,True,11,6,False,False,False,True,5,literacy_direction_reversed|literacy_omitted|loan_burden_direction|loan_omitted|robust_p01_p99_bounds,False,False,False,True,True,True,True,True,False,False
684,1604,False,11,1,False,False,False,True,1,flood_binary_omitted,False,True,False,False,False,False,False,False,False,False
685,1605,True,11,8,False,False,False,True,3,flood_binary_omitted|loan_burden_direction|loan_omitted,False,True,False,False,False,True,True,False,False,False
686,1606,True,11,11,True,True,False,False,0,,False,False,False,False,False,False,False,False,False,False
687,1607,True,11,9,False,False,False,True,2,flood_binary_omitted|robust_p01_p99_bounds,False,True,False,False,False,False,False,True,False,False
688,1608,True,11,10,False,False,False,True,1,loan_burden_direction,False,False,False,False,False,True,False,False,False,False
689,1609,False,11,0,False,False,True,False,0,,False,False,False,False,False,False,False,False,False,False
690,161,False,11,3,False,False,False,True,3,flood_depth_omitted|loan_burden_direction|loan_omitted,False,False,True,False,False,True,True,False,False,False
691,1610,True,11,11,True,True,False,False,0,,False,False,False,False,False,False,False,False,False,False
692,1611,True,11,10,False,False,False,True,1,loan_burden_direction,False,False,False,False,False,True,False,False,False,False
693,1612,True,11,9,False,False,False,True,2,equal_indicator_weights|flood_binary_omitted,True,True,False,False,False,False,False,False,False,False
694,1613,True,11,11,True,True,False,False,0,,False,False,False,False,False,False,False,False,False,False
695,1614,True,11,11,True,True,False,False,0,,False,False,False,False,False,False,False,False,False,False
696,1615,False,11,4,False,False,False,True,4,equal_indicator_weights|flood_binary_omitted|loan_burden_direction|loan_omitted,True,True,False,False,False,True,True,False,False,False
697,1616,False,11,0,False,False,True,False,0,,False,False,False,False,False,False,False,False,False,False
698,1617,True,11,8,False,False,False,True,3,flood_binary_omitted|loan_burden_direction|loan_omitted,False,True,False,False,False,True,True,False,False,False
699,1618,False,11,4,False,False,False,True,4,flood_depth_omitted|literacy_direction_reversed|loan_burden_direction|robust_p01_p99_bounds,False,False,True,True,False,True,False,True,False,False
700,1619,True,11,11,True,True,False,False,0,,False,False,False,False,False,False,False,False,False,False
701,162,True,11,11,True,True,False,False,0,,False,False,False,False,False,False,False,False,False,False
702,1620,True,11,11,True,True,False,False,0,,False,False,False,False,False,False,False,False,False,False
703,1621,False,11,3,False,False,False,True,3,equal_indicator_weights|flood_binary_omitted|literacy_omitted,True,True,False,False,True,False,False,False,False,False
704,1622,False,11,3,False,False,False,True,3,literacy_direction_reversed|loan_burden_direction|robust_p01_p99_bounds,False,False,False,True,False,True,False,True,False,False
705,1623,True,11,11,True,True,False,False,0,,False,False,False,False,False,False,False,False,False,False
706,1624,False,11,2,False,False,False,True,2,equal_indicator_weights|flood_binary_omitted,True,True,False,False,False,False,False,False,False,False
707,1625.1,True,11,11,True,True,False,False,0,,False,False,False,False,False,False,False,False,False,False
708,1625.2,False,11,0,False,False,True,False,0,,False,False,False,False,False,False,False,False,False,False
709,1625.3,True,11,10,False,False,False,True,1,loan_burden_direction,False,False,False,False,False,True,False,False,False,False
710,1626,True,11,10,False,False,False,True,1,equal_indicator_weights,True,False,False,False,False,False,False,False,False,False
711,1627,False,11,0,False,False,True,False,0,,False,False,False,False,False,False,False,False,False,False
712,1628,False,11,1,False,False,False,True,1,flood_binary_omitted,False,True,False,False,False,False,False,False,False,False
713,1629,False,11,0,False,False,True,False,0,,False,False,False,False,False,False,False,False,False,False
714,163,True,11,7,False,False,False,True,4,equal_indicator_weights|flood_binary_omitted|literacy_direction_reversed|literacy_omitted,True,True,False,True,True,False,False,False,False,False
715,1630,True,11,11,True,True,False,False,0,,False,False,False,False,False,False,False,False,False,False
716,1631,True,11,10,False,False,False,True,1,loan_burden_direction,False,False,False,False,False,True,False,False,False,False
717,1632,False,11,2,False,False,False,True,2,loan_burden_direction|robust_p01_p99_bounds,False,False,False,False,False,True,False,True,False,False
718,1633,False,11,0,False,False,True,False,0,,False,False,False,False,False,False,False,False,False,False
719,1634,True,11,11,True,True,False,False,0,,False,False,False,False,False,False,False,False,False,False
720,1635,True,11,9,False,False,False,True,2,loan_burden_direction|loan_omitted,False,False,False,False,False,True,True,False,False,False
721,1636,False,11,2,False,False,False,True,2,equal_indicator_weights|flood_binary_omitted,True,True,False,False,False,False,False,False,False,False
722,1637,True,11,9,False,False,False,True,2,equal_indicator_weights|flood_binary_omitted,True,True,False,False,False,False,False,False,False,False
723,1638.1,False,11,1,False,False,False,True,1,flood_binary_omitted,False,True,False,False,False,False,False,False,False,False
724,1638.2,True,11,9,False,False,False,True,2,equal_indicator_weights|flood_binary_omitted,True,True,False,False,False,False,False,False,False,False
725,1639,False,11,4,False,False,False,True,4,equal_indicator_weights|flood_binary_omitted|loan_burden_direction|loan_omitted,True,True,False,False,False,True,True,False,False,False
726,164,False,11,5,False,False,False,True,5,flood_depth_omitted|literacy_direction_reversed|literacy_omitted|loan_burden_direction|loan_omitted,False,False,True,True,True,True,True,False,False,False
727,1640.1,True,11,11,True,True,False,False,0,,False,False,False,False,False,False,False,False,False,False
728,1640.2,False,11,0,False,False,True,False,0,,False,False,False,False,False,False,False,False,False,False
729,1641,False,11,0,False,False,True,False,0,,False,False,False,False,False,False,False,False,False,False
730,1642,True,11,11,True,True,False,False,0,,False,False,False,False,False,False,False,False,False,False
731,1643,False,11,4,False,False,False,True,4,equal_indicator_weights|flood_depth_omitted|loan_burden_direction|loan_omitted,True,False,True,False,False,True,True,False,False,False
732,1644.1,True,11,10,False,False,False,True,1,literacy_direction_reversed,False,False,False,True,False,False,False,False,False,False
733,1644.2,True,11,11,True,True,False,False,0,,False,False,False,False,False,False,False,False,False,False
734,1645,False,11,0,False,False,True,False,0,,False,False,False,False,False,False,False,False,False,False
735,1646,False,11,6,False,False,False,True,6,equal_indicator_weights|flood_depth_omitted|literacy_direction_reversed|literacy_omitted|loan_burden_direction|loan_omitted,True,False,True,True,True,True,True,False,False,False
736,1648,False,11,0,False,False,True,False,0,,False,False,False,False,False,False,False,False,False,False
737,1649,False,11,1,False,False,False,True,1,flood_binary_omitted,False,True,False,False,False,False,False,False,False,False
738,165,False,11,1,False,False,False,True,1,flood_binary_omitted,False,True,False,False,False,False,False,False,False,False
739,1650,False,11,0,False,False,True,False,0,,False,False,False,False,False,False,False,False,False,False
740,1651,True,11,11,True,True,False,False,0,,False,False,False,False,False,False,False,False,False,False
741,1652,True,11,9,False,False,False,True,2,equal_indicator_weights|flood_binary_omitted,True,True,False,False,False,False,False,False,False,False
742,1653,True,11,7,False,False,False,True,4,flood_binary_omitted|loan_burden_direction|loan_omitted|robust_p01_p99_bounds,False,True,False,False,False,True,True,True,False,False
743,1654,False,11,3,False,False,False,True,3,flood_depth_omitted|loan_burden_direction|loan_omitted,False,False,True,False,False,True,True,False,False,False
744,1655,False,11,0,False,False,True,False,0,,False,False,False,False,False,False,False,False,False,False
745,1656,False,11,0,False,False,True,False,0,,False,False,False,False,False,False,False,False,False,False
746,1657.1,False,11,1,False,False,False,True,1,loan_burden_direction,False,False,False,False,False,True,False,False,False,False
747,1657.2,False,11,0,False,False,True,False,0,,False,False,False,False,False,False,False,False,False,False
748,1658,True,11,10,False,False,False,True,1,flood_binary_omitted,False,True,False,False,False,False,False,False,False,False
749,1659,False,11,0,False,False,True,False,0,,False,False,False,False,False,False,False,False,False,False
750,166,True,11,11,True,True,False,False,0,,False,False,False,False,False,False,False,False,False,False
751,1660,False,11,0,False,False,True,False,0,,False,False,False,False,False,False,False,False,False,False
752,1661,False,11,0,False,False,True,False,0,,False,False,False,False,False,False,False,False,False,False
753,1662,False,11,0,False,False,True,False,0,,False,False,False,False,False,False,False,False,False,False
754,1663,True,11,11,True,True,False,False,0,,False,False,False,False,False,False,False,False,False,False
755,1664,False,11,2,False,False,False,True,2,equal_indicator_weights|flood_binary_omitted,True,True,False,False,False,False,False,False,False,False
756,1665,False,11,0,False,False,True,False,0,,False,False,False,False,False,False,False,False,False,False
757,1666,False,11,0,False,False,True,False,0,,False,False,False,False,False,False,False,False,False,False
758,1668.1,False,11,1,False,False,False,True,1,flood_binary_omitted,False,True,False,False,False,False,False,False,False,False
759,1668.2,False,11,4,False,False,False,True,4,equal_indicator_weights|flood_binary_omitted|literacy_direction_reversed|literacy_omitted,True,True,False,True,True,False,False,False,False,False
760,1669,False,11,2,False,False,False,True,2,literacy_direction_reversed|loan_burden_direction,False,False,False,True,False,True,False,False,False,False
761,167,False,11,0,False,False,True,False,0,,False,False,False,False,False,False,False,False,False,False
762,1670,False,11,0,False,False,True,False,0,,False,False,False,False,False,False,False,False,False,False
763,1671,False,11,0,False,False,True,False,0,,False,False,False,False,False,False,False,False,False,False
764,1672,True,11,10,False,False,False,True,1,flood_binary_omitted,False,True,False,False,False,False,False,False,False,False
765,1673,True,11,9,False,False,False,True,2,loan_burden_direction|loan_omitted,False,False,False,False,False,True,True,False,False,False
766,1674,True,11,11,True,True,False,False,0,,False,False,False,False,False,False,False,False,False,False
767,1675,True,11,9,False,False,False,True,2,loan_burden_direction|loan_omitted,False,False,False,False,False,True,True,False,False,False
768,1676,False,11,0,False,False,True,False,0,,False,False,False,False,False,False,False,False,False,False
769,1677,False,11,0,False,False,True,False,0,,False,False,False,False,False,False,False,False,False,False
770,1678,False,11,0,False,False,True,False,0,,False,False,False,False,False,False,False,False,False,False
771,1679.2,False,11,0,False,False,True,False,0,,False,False,False,False,False,False,False,False,False,False
772,168,False,11,0,False,False,True,False,0,,False,False,False,False,False,False,False,False,False,False
773,1680,False,11,0,False,False,True,False,0,,False,False,False,False,False,False,False,False,False,False
774,1681,False,11,5,False,False,False,True,5,flood_depth_omitted|literacy_direction_reversed|literacy_omitted|loan_burden_direction|loan_omitted,False,False,True,True,True,True,True,False,False,False
775,1682,False,11,0,False,False,True,False,0,,False,False,False,False,False,False,False,False,False,False
776,1683,True,11,10,False,False,False,True,1,loan_burden_direction,False,False,False,False,False,True,False,False,False,False
777,1684,False,11,2,False,False,False,True,2,equal_indicator_weights|flood_binary_omitted,True,True,False,False,False,False,False,False,False,False
778,1685,False,11,0,False,False,True,False,0,,False,False,False,False,False,False,False,False,False,False
779,1686,False,11,0,False,False,True,False,0,,False,False,False,False,False,False,False,False,False,False
780,1687,False,11,0,False,False,True,False,0,,False,False,False,False,False,False,False,False,False,False
781,1688,False,11,0,False,False,True,False,0,,False,False,False,False,False,False,False,False,False,False
782,1689,False,11,0,False,False,True,False,0,,False,False,False,False,False,False,False,False,False,False
783,169,False,11,0,False,False,True,False,0,,False,False,False,False,False,False,False,False,False,False
784,1691,False,11,4,False,False,False,True,4,equal_indicator_weights|flood_binary_omitted|literacy_direction_reversed|literacy_omitted,True,True,False,True,True,False,False,False,False,False
785,1693,True,11,11,True,True,False,False,0,,False,False,False,False,False,False,False,False,False,False
786,1694,False,11,0,False,False,True,False,0,,False,False,False,False,False,False,False,False,False,False
787,1695,False,11,0,False,False,True,False,0,,False,False,False,False,False,False,False,False,False,False
788,1696,False,10,1,False,False,False,True,1,flood_binary_omitted,False,True,False,False,False,False,False,False,False,False
789,1697,False,11,1,False,False,False,True,1,flood_binary_omitted,False,True,False,False,False,False,False,False,False,False
790,1698,False,11,0,False,False,True,False,0,,False,False,False,False,False,False,False,False,False,False
791,1699,False,11,0,False,False,True,False,0,,False,False,False,False,False,False,False,False,False,False
792,17,False,11,0,False,False,True,False,0,,False,False,False,False,False,False,False,False,False,False
793,170,True,11,11,True,True,False,False,0,,False,False,False,False,False,False,False,False,False,False
794,1700,True,11,10,False,False,False,True,1,loan_burden_direction,False,False,False,False,False,True,False,False,False,False
795,1701,True,11,8,False,False,False,True,3,flood_binary_omitted|literacy_direction_reversed|robust_p01_p99_bounds,False,True,False,True,False,False,False,True,False,False
796,1702,False,11,0,False,False,True,False,0,,False,False,False,False,False,False,False,False,False,False
797,1703,False,11,1,False,False,False,True,1,flood_binary_omitted,False,True,False,False,False,False,False,False,False,False
798,1704,False,11,0,False,False,True,False,0,,False,False,False,False,False,False,False,False,False,False
799,1705,False,11,1,False,False,False,True,1,flood_binary_omitted,False,True,False,False,False,False,False,False,False,False
800,1706,False,11,0,False,False,True,False,0,,False,False,False,False,False,False,False,False,False,False
801,1707,True,11,7,False,False,False,True,4,equal_indicator_weights|flood_binary_omitted|literacy_direction_reversed|literacy_omitted,True,True,False,True,True,False,False,False,False,False
802,1708.1,False,11,0,False,False,True,False,0,,False,False,False,False,False,False,False,False,False,False
803,1708.2,True,11,9,False,False,False,True,2,loan_burden_direction|loan_omitted,False,False,False,False,False,True,True,False,False,False
804,1709,True,11,10,False,False,False,True,1,loan_burden_direction,False,False,False,False,False,True,False,False,False,False
805,171,True,11,9,False,False,False,True,2,flood_binary_omitted|literacy_direction_reversed,False,True,False,True,False,False,False,False,False,False
806,1710,False,11,0,False,False,True,False,0,,False,False,False,False,False,False,False,False,False,False
807,1711,True,11,11,True,True,False,False,0,,False,False,False,False,False,False,False,False,False,False
808,1712,True,11,10,False,False,False,True,1,flood_binary_omitted,False,True,False,False,False,False,False,False,False,False
809,1713,True,11,10,False,False,False,True,1,literacy_direction_reversed,False,False,False,True,False,False,False,False,False,False
810,1714,True,11,9,False,False,False,True,2,equal_indicator_weights|flood_binary_omitted,True,True,False,False,False,False,False,False,False,False
811,1715,False,11,0,False,False,True,False,0,,False,False,False,False,False,False,False,False,False,False
812,1716,True,11,11,True,True,False,False,0,,False,False,False,False,False,False,False,False,False,False
813,1717,True,11,11,True,True,False,False,0,,False,False,False,False,False,False,False,False,False,False
814,1718,True,11,8,False,False,False,True,3,flood_binary_omitted|literacy_direction_reversed|robust_p01_p99_bounds,False,True,False,True,False,False,False,True,False,False
815,1719,False,11,0,False,False,True,False,0,,False,False,False,False,False,False,False,False,False,False
816,172,False,11,0,False,False,True,False,0,,False,False,False,False,False,False,False,False,False,False
817,1720,False,11,2,False,False,False,True,2,equal_indicator_weights|flood_binary_omitted,True,True,False,False,False,False,False,False,False,False
818,1721,True,11,10,False,False,False,True,1,literacy_direction_reversed,False,False,False,True,False,False,False,False,False,False
819,1722,True,11,10,False,False,False,True,1,loan_burden_direction,False,False,False,False,False,True,False,False,False,False
820,1723,False,11,6,False,False,False,True,6,flood_depth_omitted|literacy_direction_reversed|literacy_omitted|loan_burden_direction|loan_omitted|robust_p01_p99_bounds,False,False,True,True,True,True,True,True,False,False
821,1724.1,False,11,3,False,False,False,True,3,flood_binary_omitted|loan_burden_direction|loan_omitted,False,True,False,False,False,True,True,False,False,False
822,1724.2,True,11,9,False,False,False,True,2,loan_burden_direction|loan_omitted,False,False,False,False,False,True,True,False,False,False
823,1724.3,True,11,9,False,False,False,True,2,equal_indicator_weights|flood_binary_omitted,True,True,False,False,False,False,False,False,False,False
824,1725,True,11,11,True,True,False,False,0,,False,False,False,False,False,False,False,False,False,False
825,1726,True,11,11,True,True,False,False,0,,False,False,False,False,False,False,False,False,False,False
826,1727,False,11,0,False,False,True,False,0,,False,False,False,False,False,False,False,False,False,False
827,1728,False,11,1,False,False,False,True,1,flood_binary_omitted,False,True,False,False,False,False,False,False,False,False
828,1729.1,False,11,0,False,False,True,False,0,,False,False,False,False,False,False,False,False,False,False
829,1729.2,True,11,10,False,False,False,True,1,loan_burden_direction,False,False,False,False,False,True,False,False,False,False
830,173,True,11,11,True,True,False,False,0,,False,False,False,False,False,False,False,False,False,False
831,1730,False,11,0,False,False,True,False,0,,False,False,False,False,False,False,False,False,False,False
832,1731,True,11,10,False,False,False,True,1,flood_binary_omitted,False,True,False,False,False,False,False,False,False,False
833,1732,False,11,3,False,False,False,True,3,loan_burden_direction|loan_omitted|robust_p01_p99_bounds,False,False,False,False,False,True,True,True,False,False
834,1733,True,11,11,True,True,False,False,0,,False,False,False,False,False,False,False,False,False,False
835,1735,False,11,0,False,False,True,False,0,,False,False,False,False,False,False,False,False,False,False
836,1736,False,11,0,False,False,True,False,0,,False,False,False,False,False,False,False,False,False,False
837,1737,False,11,1,False,False,False,True,1,flood_binary_omitted,False,True,False,False,False,False,False,False,False,False
838,1738,True,11,9,False,False,False,True,2,equal_indicator_weights|flood_binary_omitted,True,True,False,False,False,False,False,False,False,False
839,1739.1,True,11,10,False,False,False,True,1,flood_binary_omitted,False,True,False,False,False,False,False,False,False,False
840,1739.2,False,11,1,False,False,False,True,1,loan_burden_direction,False,False,False,False,False,True,False,False,False,False
841,174,False,11,0,False,False,True,False,0,,False,False,False,False,False,False,False,False,False,False
842,1740,False,11,0,False,False,True,False,0,,False,False,False,False,False,False,False,False,False,False
843,1741,False,11,1,False,False,False,True,1,flood_binary_omitted,False,True,False,False,False,False,False,False,False,False
844,1742,False,11,0,False,False,True,False,0,,False,False,False,False,False,False,False,False,False,False
845,1743.1,False,11,0,False,False,True,False,0,,False,False,False,False,False,False,False,False,False,False
846,1743.2,True,11,11,True,True,False,False,0,,False,False,False,False,False,False,False,False,False,False
847,1745,False,11,2,False,False,False,True,2,literacy_direction_reversed|loan_burden_direction,False,False,False,True,False,True,False,False,False,False
848,1746,False,11,0,False,False,True,False,0,,False,False,False,False,False,False,False,False,False,False
849,1749.1,True,11,9,False,False,False,True,2,loan_burden_direction|loan_omitted,False,False,False,False,False,True,True,False,False,False
850,1749.2,False,11,0,False,False,True,False,0,,False,False,False,False,False,False,False,False,False,False
851,175,False,11,1,False,False,False,True,1,loan_burden_direction,False,False,False,False,False,True,False,False,False,False
852,1750,False,11,0,False,False,True,False,0,,False,False,False,False,False,False,False,False,False,False
853,1751,False,11,1,False,False,False,True,1,flood_binary_omitted,False,True,False,False,False,False,False,False,False,False
854,1752,False,11,2,False,False,False,True,2,equal_indicator_weights|flood_binary_omitted,True,True,False,False,False,False,False,False,False,False
855,1753,True,11,10,False,False,False,True,1,flood_binary_omitted,False,True,False,False,False,False,False,False,False,False
856,1754,False,11,0,False,False,True,False,0,,False,False,False,False,False,False,False,False,False,False
857,1755,False,11,0,False,False,True,False,0,,False,False,False,False,False,False,False,False,False,False
858,1756,True,11,11,True,True,False,False,0,,False,False,False,False,False,False,False,False,False,False
859,1757,False,11,2,False,False,False,True,2,equal_indicator_weights|flood_binary_omitted,True,True,False,False,False,False,False,False,False,False
860,1759,False,11,0,False,False,True,False,0,,False,False,False,False,False,False,False,False,False,False
861,176,False,11,0,False,False,True,False,0,,False,False,False,False,False,False,False,False,False,False
862,1760,False,11,0,False,False,True,False,0,,False,False,False,False,False,False,False,False,False,False
863,1761,True,11,10,False,False,False,True,1,loan_burden_direction,False,False,False,False,False,True,False,False,False,False
864,1762,True,11,10,False,False,False,True,1,flood_binary_omitted,False,True,False,False,False,False,False,False,False,False
865,1763,True,11,9,False,False,False,True,2,equal_indicator_weights|flood_binary_omitted,True,True,False,False,False,False,False,False,False,False
866,1764,True,11,8,False,False,False,True,3,equal_indicator_weights|flood_binary_omitted|flood_depth_omitted,True,True,True,False,False,False,False,False,False,False
867,1765,False,11,0,False,False,True,False,0,,False,False,False,False,False,False,False,False,False,False
868,1766,False,11,0,False,False,True,False,0,,False,False,False,False,False,False,False,False,False,False
869,1767,True,11,11,True,True,False,False,0,,False,False,False,False,False,False,False,False,False,False
870,1769,True,11,8,False,False,False,True,3,equal_indicator_weights|flood_binary_omitted|robust_p01_p99_bounds,True,True,False,False,False,False,False,True,False,False
871,177,False,11,0,False,False,True,False,0,,False,False,False,False,False,False,False,False,False,False
872,1770,False,11,1,False,False,False,True,1,flood_binary_omitted,False,True,False,False,False,False,False,False,False,False
873,1771,True,11,11,True,True,False,False,0,,False,False,False,False,False,False,False,False,False,False
874,1772,False,11,1,False,False,False,True,1,loan_burden_direction,False,False,False,False,False,True,False,False,False,False
875,1773,False,11,2,False,False,False,True,2,literacy_direction_reversed|loan_burden_direction,False,False,False,True,False,True,False,False,False,False
876,1774,False,11,0,False,False,True,False,0,,False,False,False,False,False,False,False,False,False,False
877,1775.1.1,False,11,0,False,False,True,False,0,,False,False,False,False,False,False,False,False,False,False
878,1775.1.2,True,11,8,False,False,False,True,3,equal_indicator_weights|flood_binary_omitted|robust_p01_p99_bounds,True,True,False,False,False,False,False,True,False,False
879,1775.2,False,11,0,False,False,True,False,0,,False,False,False,False,False,False,False,False,False,False
880,1775.3,True,11,11,True,True,False,False,0,,False,False,False,False,False,False,False,False,False,False
881,1776,False,11,0,False,False,True,False,0,,False,False,False,False,False,False,False,False,False,False
882,1777,True,11,8,False,False,False,True,3,equal_indicator_weights|flood_binary_omitted|flood_depth_omitted,True,True,True,False,False,False,False,False,False,False
883,1778,True,11,10,False,False,False,True,1,loan_burden_direction,False,False,False,False,False,True,False,False,False,False
884,1779,True,11,6,False,False,False,True,5,equal_indicator_weights|flood_binary_omitted|literacy_direction_reversed|literacy_omitted|robust_p01_p99_bounds,True,True,False,True,True,False,False,True,False,False
885,178,False,11,0,False,False,True,False,0,,False,False,False,False,False,False,False,False,False,False
886,1780,False,11,0,False,False,True,False,0,,False,False,False,False,False,False,False,False,False,False
887,1781,False,11,0,False,False,True,False,0,,False,False,False,False,False,False,False,False,False,False
888,1782,False,11,0,False,False,True,False,0,,False,False,False,False,False,False,False,False,False,False
889,1783,True,11,7,False,False,False,True,4,flood_binary_omitted|literacy_direction_reversed|literacy_omitted|robust_p01_p99_bounds,False,True,False,True,True,False,False,True,False,False
890,1784,False,11,0,False,False,True,False,0,,False,False,False,False,False,False,False,False,False,False
891,1786,False,11,0,False,False,True,False,0,,False,False,False,False,False,False,False,False,False,False
892,1787,False,11,0,False,False,True,False,0,,False,False,False,False,False,False,False,False,False,False
893,1788,False,11,0,False,False,True,False,0,,False,False,False,False,False,False,False,False,False,False
894,1789,False,11,0,False,False,True,False,0,,False,False,False,False,False,False,False,False,False,False
895,179,False,11,2,False,False,False,True,2,equal_indicator_weights|flood_binary_omitted,True,True,False,False,False,False,False,False,False,False
896,1790,False,11,0,False,False,True,False,0,,False,False,False,False,False,False,False,False,False,False
897,1791.1,False,11,0,False,False,True,False,0,,False,False,False,False,False,False,False,False,False,False
898,1791.2,False,11,0,False,False,True,False,0,,False,False,False,False,False,False,False,False,False,False
899,1791.3,True,11,9,False,False,False,True,2,flood_binary_omitted|loan_burden_direction,False,True,False,False,False,True,False,False,False,False
900,1793,False,11,0,False,False,True,False,0,,False,False,False,False,False,False,False,False,False,False
901,1795,False,11,0,False,False,True,False,0,,False,False,False,False,False,False,False,False,False,False
902,1796,False,11,0,False,False,True,False,0,,False,False,False,False,False,False,False,False,False,False
903,1797.1,False,11,2,False,False,False,True,2,equal_indicator_weights|flood_binary_omitted,True,True,False,False,False,False,False,False,False,False
904,1797.2,False,11,0,False,False,True,False,0,,False,False,False,False,False,False,False,False,False,False
905,1798,False,11,0,False,False,True,False,0,,False,False,False,False,False,False,False,False,False,False
906,1799,False,11,0,False,False,True,False,0,,False,False,False,False,False,False,False,False,False,False
907,18.1,False,11,0,False,False,True,False,0,,False,False,False,False,False,False,False,False,False,False
908,18.2,False,11,0,False,False,True,False,0,,False,False,False,False,False,False,False,False,False,False
909,180,False,11,0,False,False,True,False,0,,False,False,False,False,False,False,False,False,False,False
910,1800,False,11,0,False,False,True,False,0,,False,False,False,False,False,False,False,False,False,False
911,1801,False,11,0,False,False,True,False,0,,False,False,False,False,False,False,False,False,False,False
912,1802,True,11,8,False,False,False,True,3,equal_indicator_weights|flood_binary_omitted|flood_depth_omitted,True,True,True,False,False,False,False,False,False,False
913,1803.1,False,11,0,False,False,True,False,0,,False,False,False,False,False,False,False,False,False,False
914,1803.2,False,11,0,False,False,True,False,0,,False,False,False,False,False,False,False,False,False,False
915,1804,False,11,0,False,False,True,False,0,,False,False,False,False,False,False,False,False,False,False
916,1805,False,11,0,False,False,True,False,0,,False,False,False,False,False,False,False,False,False,False
917,1806,False,11,2,False,False,False,True,2,loan_burden_direction|loan_omitted,False,False,False,False,False,True,True,False,False,False
918,1807,False,11,1,False,False,False,True,1,loan_burden_direction,False,False,False,False,False,True,False,False,False,False
919,1808.1,False,11,0,False,False,True,False,0,,False,False,False,False,False,False,False,False,False,False
920,1808.2,False,11,0,False,False,True,False,0,,False,False,False,False,False,False,False,False,False,False
921,1809,True,11,6,False,False,False,True,5,flood_binary_omitted|literacy_direction_reversed|literacy_omitted|loan_burden_direction|loan_omitted,False,True,False,True,True,True,True,False,False,False
922,1810,False,11,0,False,False,True,False,0,,False,False,False,False,False,False,False,False,False,False
923,1811.1,False,11,0,False,False,True,False,0,,False,False,False,False,False,False,False,False,False,False
924,1811.2,False,11,0,False,False,True,False,0,,False,False,False,False,False,False,False,False,False,False
925,1812,False,11,0,False,False,True,False,0,,False,False,False,False,False,False,False,False,False,False
926,1813,False,11,2,False,False,False,True,2,equal_indicator_weights|flood_binary_omitted,True,True,False,False,False,False,False,False,False,False
927,1814,False,11,0,False,False,True,False,0,,False,False,False,False,False,False,False,False,False,False
928,1815,True,11,11,True,True,False,False,0,,False,False,False,False,False,False,False,False,False,False
929,1816,True,11,8,False,False,False,True,3,flood_depth_omitted|literacy_direction_reversed|literacy_omitted,False,False,True,True,True,False,False,False,False,False
930,1817,False,11,0,False,False,True,False,0,,False,False,False,False,False,False,False,False,False,False
931,1818,False,11,1,False,False,False,True,1,flood_binary_omitted,False,True,False,False,False,False,False,False,False,False
932,1819,False,11,1,False,False,False,True,1,flood_binary_omitted,False,True,False,False,False,False,False,False,False,False
933,182,True,11,11,True,True,False,False,0,,False,False,False,False,False,False,False,False,False,False
934,1820,False,11,2,False,False,False,True,2,equal_indicator_weights|flood_binary_omitted,True,True,False,False,False,False,False,False,False,False
935,1821,False,11,0,False,False,True,False,0,,False,False,False,False,False,False,False,False,False,False
936,1822,False,11,5,False,False,False,True,5,flood_depth_omitted|literacy_direction_reversed|loan_burden_direction|loan_omitted|robust_p01_p99_bounds,False,False,True,True,False,True,True,True,False,False
937,1823,False,11,0,False,False,True,False,0,,False,False,False,False,False,False,False,False,False,False
938,1824,False,11,0,False,False,True,False,0,,False,False,False,False,False,False,False,False,False,False
939,1825,False,11,1,False,False,False,True,1,flood_binary_omitted,False,True,False,False,False,False,False,False,False,False
940,1826,False,11,0,False,False,True,False,0,,False,False,False,False,False,False,False,False,False,False
941,1827,False,11,0,False,False,True,False,0,,False,False,False,False,False,False,False,False,False,False
942,1828,True,11,8,False,False,False,True,3,equal_indicator_weights|flood_binary_omitted|robust_p01_p99_bounds,True,True,False,False,False,False,False,True,False,False
943,1829,False,11,0,False,False,True,False,0,,False,False,False,False,False,False,False,False,False,False
944,183,False,11,0,False,False,True,False,0,,False,False,False,False,False,False,False,False,False,False
945,1830,True,11,11,True,True,False,False,0,,False,False,False,False,False,False,False,False,False,False
946,1832.1,False,11,2,False,False,False,True,2,literacy_direction_reversed|loan_burden_direction,False,False,False,True,False,True,False,False,False,False
947,1832.2,False,11,0,False,False,True,False,0,,False,False,False,False,False,False,False,False,False,False
948,1833,False,11,0,False,False,True,False,0,,False,False,False,False,False,False,False,False,False,False
949,1834,True,11,10,False,False,False,True,1,loan_burden_direction,False,False,False,False,False,True,False,False,False,False
950,1835,False,11,0,False,False,True,False,0,,False,False,False,False,False,False,False,False,False,False
951,1836,False,11,1,False,False,False,True,1,loan_burden_direction,False,False,False,False,False,True,False,False,False,False
952,1837,False,11,0,False,False,True,False,0,,False,False,False,False,False,False,False,False,False,False
953,1838,True,11,10,False,False,False,True,1,loan_burden_direction,False,False,False,False,False,True,False,False,False,False
954,1839,False,11,1,False,False,False,True,1,flood_binary_omitted,False,True,False,False,False,False,False,False,False,False
955,184,False,11,0,False,False,True,False,0,,False,False,False,False,False,False,False,False,False,False
956,1840,False,11,0,False,False,True,False,0,,False,False,False,False,False,False,False,False,False,False
957,1841,False,11,0,False,False,True,False,0,,False,False,False,False,False,False,False,False,False,False
958,1842,False,11,0,False,False,True,False,0,,False,False,False,False,False,False,False,False,False,False
959,1843.1.1,True,11,11,True,True,False,False,0,,False,False,False,False,False,False,False,False,False,False
960,1843.1.2,False,11,2,False,False,False,True,2,equal_indicator_weights|flood_binary_omitted,True,True,False,False,False,False,False,False,False,False
961,1843.2,False,11,0,False,False,True,False,0,,False,False,False,False,False,False,False,False,False,False
962,1844,False,11,0,False,False,True,False,0,,False,False,False,False,False,False,False,False,False,False
963,1845,False,11,2,False,False,False,True,2,equal_indicator_weights|flood_binary_omitted,True,True,False,False,False,False,False,False,False,False
964,1846,False,11,0,False,False,True,False,0,,False,False,False,False,False,False,False,False,False,False
965,1847,True,11,7,False,False,False,True,4,flood_depth_omitted|literacy_direction_reversed|loan_burden_direction|loan_omitted,False,False,True,True,False,True,True,False,False,False
966,1848,False,11,5,False,False,False,True,5,flood_depth_omitted|literacy_direction_reversed|literacy_omitted|loan_burden_direction|loan_omitted,False,False,True,True,True,True,True,False,False,False
967,1849,False,11,1,False,False,False,True,1,loan_burden_direction,False,False,False,False,False,True,False,False,False,False
968,185,False,11,3,False,False,False,True,3,literacy_direction_reversed|loan_burden_direction|loan_omitted,False,False,False,True,False,True,True,False,False,False
969,1850,True,11,9,False,False,False,True,2,flood_binary_omitted|robust_p01_p99_bounds,False,True,False,False,False,False,False,True,False,False
970,1851,False,11,5,False,False,False,True,5,flood_depth_omitted|literacy_direction_reversed|literacy_omitted|loan_burden_direction|loan_omitted,False,False,True,True,True,True,True,False,False,False
971,1853,False,11,2,False,False,False,True,2,equal_indicator_weights|flood_binary_omitted,True,True,False,False,False,False,False,False,False,False
972,1854,True,11,9,False,False,False,True,2,equal_indicator_weights|flood_binary_omitted,True,True,False,False,False,False,False,False,False,False
973,1855,False,11,1,False,False,False,True,1,flood_binary_omitted,False,True,False,False,False,False,False,False,False,False
974,1856.1,False,11,4,False,False,False,True,4,equal_indicator_weights|flood_binary_omitted|literacy_direction_reversed|literacy_omitted,True,True,False,True,True,False,False,False,False,False
975,1856.2,True,11,9,False,False,False,True,2,equal_indicator_weights|flood_binary_omitted,True,True,False,False,False,False,False,False,False,False
976,1857,False,11,6,False,False,False,True,6,equal_indicator_weights|flood_depth_omitted|literacy_direction_reversed|literacy_omitted|loan_burden_direction|loan_omitted,True,False,True,True,True,True,True,False,False,False
977,1858,True,11,11,True,True,False,False,0,,False,False,False,False,False,False,False,False,False,False
978,1859,True,11,9,False,False,False,True,2,equal_indicator_weights|flood_binary_omitted,True,True,False,False,False,False,False,False,False,False
979,186,True,11,9,False,False,False,True,2,equal_indicator_weights|flood_binary_omitted,True,True,False,False,False,False,False,False,False,False
980,1860,False,11,0,False,False,True,False,0,,False,False,False,False,False,False,False,False,False,False
981,1861.1,True,11,7,False,False,False,True,4,flood_depth_omitted|literacy_direction_reversed|loan_burden_direction|loan_omitted,False,False,True,True,False,True,True,False,False,False
982,1861.2,True,11,11,True,True,False,False,0,,False,False,False,False,False,False,False,False,False,False
983,1862,True,11,10,False,False,False,True,1,literacy_direction_reversed,False,False,False,True,False,False,False,False,False,False
984,1863,True,11,11,True,True,False,False,0,,False,False,False,False,False,False,False,False,False,False
985,1864,True,11,7,False,False,False,True,4,equal_indicator_weights|flood_binary_omitted|literacy_direction_reversed|literacy_omitted,True,True,False,True,True,False,False,False,False,False
986,1865.1,False,11,0,False,False,True,False,0,,False,False,False,False,False,False,False,False,False,False
987,1865.2,True,11,10,False,False,False,True,1,flood_binary_omitted,False,True,False,False,False,False,False,False,False,False
988,1866,True,11,10,False,False,False,True,1,loan_burden_direction,False,False,False,False,False,True,False,False,False,False
989,1867,False,11,3,False,False,False,True,3,equal_indicator_weights|literacy_direction_reversed|literacy_omitted,True,False,False,True,True,False,False,False,False,False
990,1868,True,11,10,False,False,False,True,1,loan_burden_direction,False,False,False,False,False,True,False,False,False,False
991,1869,True,11,9,False,False,False,True,2,loan_burden_direction|loan_omitted,False,False,False,False,False,True,True,False,False,False
992,187,False,11,0,False,False,True,False,0,,False,False,False,False,False,False,False,False,False,False
993,1870,False,11,0,False,False,True,False,0,,False,False,False,False,False,False,False,False,False,False
994,1871,True,11,11,True,True,False,False,0,,False,False,False,False,False,False,False,False,False,False
995,1872,False,11,0,False,False,True,False,0,,False,False,False,False,False,False,False,False,False,False
996,1873,False,11,0,False,False,True,False,0,,False,False,False,False,False,False,False,False,False,False
997,1874,False,11,1,False,False,False,True,1,flood_binary_omitted,False,True,False,False,False,False,False,False,False,False
998,1875,False,11,0,False,False,True,False,0,,False,False,False,False,False,False,False,False,False,False
999,1876.1,False,11,0,False,False,True,False,0,,False,False,False,False,False,False,False,False,False,False
1000,1876.2,False,11,0,False,False,True,False,0,,False,False,False,False,False,False,False,False,False,False
1001,1877,False,11,2,False,False,False,True,2,loan_burden_direction|loan_omitted,False,False,False,False,False,True,True,False,False,False
1002,1878,True,11,7,False,False,False,True,4,equal_indicator_weights|flood_binary_omitted|literacy_direction_reversed|literacy_omitted,True,True,False,True,True,False,False,False,False,False
1003,1879.1,False,11,5,False,False,False,True,5,flood_depth_omitted|literacy_direction_reversed|literacy_omitted|loan_burden_direction|loan_omitted,False,False,True,True,True,True,True,False,False,False
1004,1879.2,False,11,2,False,False,False,True,2,literacy_direction_reversed|literacy_omitted,False,False,False,True,True,False,False,False,False,False
1005,188,False,11,2,False,False,False,True,2,equal_indicator_weights|flood_binary_omitted,True,True,False,False,False,False,False,False,False,False
1006,1880,False,11,0,False,False,True,False,0,,False,False,False,False,False,False,False,False,False,False
1007,1881,True,11,10,False,False,False,True,1,loan_burden_direction,False,False,False,False,False,True,False,False,False,False
1008,1882,True,11,8,False,False,False,True,3,flood_binary_omitted|loan_burden_direction|loan_omitted,False,True,False,False,False,True,True,False,False,False
1009,1883,False,11,1,False,False,False,True,1,flood_binary_omitted,False,True,False,False,False,False,False,False,False,False
1010,1884,True,11,8,False,False,False,True,3,equal_indicator_weights|flood_binary_omitted|robust_p01_p99_bounds,True,True,False,False,False,False,False,True,False,False
1011,1885,True,11,9,False,False,False,True,2,flood_binary_omitted|robust_p01_p99_bounds,False,True,False,False,False,False,False,True,False,False
1012,1886,False,11,3,False,False,False,True,3,literacy_direction_reversed|loan_burden_direction|loan_omitted,False,False,False,True,False,True,True,False,False,False
1013,1887,True,11,10,False,False,False,True,1,loan_burden_direction,False,False,False,False,False,True,False,False,False,False
1014,1888,False,11,4,False,False,False,True,4,equal_indicator_weights|flood_binary_omitted|loan_burden_direction|loan_omitted,True,True,False,False,False,True,True,False,False,False
1015,1889,True,11,8,False,False,False,True,3,equal_indicator_weights|flood_binary_omitted|robust_p01_p99_bounds,True,True,False,False,False,False,False,True,False,False
1016,189,True,11,9,False,False,False,True,2,flood_binary_omitted|robust_p01_p99_bounds,False,True,False,False,False,False,False,True,False,False
1017,1891,True,11,11,True,True,False,False,0,,False,False,False,False,False,False,False,False,False,False
1018,1892,False,11,0,False,False,True,False,0,,False,False,False,False,False,False,False,False,False,False
1019,1893,True,11,10,False,False,False,True,1,loan_burden_direction,False,False,False,False,False,True,False,False,False,False
1020,1894,False,11,0,False,False,True,False,0,,False,False,False,False,False,False,False,False,False,False
1021,1895,False,11,1,False,False,False,True,1,flood_binary_omitted,False,True,False,False,False,False,False,False,False,False
1022,1896,False,11,0,False,False,True,False,0,,False,False,False,False,False,False,False,False,False,False
1023,1897,False,11,1,False,False,False,True,1,flood_binary_omitted,False,True,False,False,False,False,False,False,False,False
1024,1898,True,11,11,True,True,False,False,0,,False,False,False,False,False,False,False,False,False,False
1025,1899,False,11,1,False,False,False,True,1,flood_binary_omitted,False,True,False,False,False,False,False,False,False,False
1026,19,True,11,11,True,True,False,False,0,,False,False,False,False,False,False,False,False,False,False
1027,190,True,11,9,False,False,False,True,2,loan_burden_direction|loan_omitted,False,False,False,False,False,True,True,False,False,False
1028,1900,True,11,11,True,True,False,False,0,,False,False,False,False,False,False,False,False,False,False
1029,1901,True,11,11,True,True,False,False,0,,False,False,False,False,False,False,False,False,False,False
1030,1902,True,11,9,False,False,False,True,2,equal_indicator_weights|flood_binary_omitted,True,True,False,False,False,False,False,False,False,False
1031,1903,True,11,11,True,True,False,False,0,,False,False,False,False,False,False,False,False,False,False
1032,1905,False,11,5,False,False,False,True,5,flood_depth_omitted|literacy_direction_reversed|literacy_omitted|loan_burden_direction|loan_omitted,False,False,True,True,True,True,True,False,False,False
1033,1906,False,11,2,False,False,False,True,2,flood_binary_omitted|loan_burden_direction,False,True,False,False,False,True,False,False,False,False
1034,1907,False,11,5,False,False,False,True,5,flood_depth_omitted|literacy_direction_reversed|literacy_omitted|loan_burden_direction|loan_omitted,False,False,True,True,True,True,True,False,False,False
1035,1908,True,11,10,False,False,False,True,1,literacy_direction_reversed,False,False,False,True,False,False,False,False,False,False
1036,1909,True,11,11,True,True,False,False,0,,False,False,False,False,False,False,False,False,False,False
1037,191.1,False,11,2,False,False,False,True,2,equal_indicator_weights|flood_binary_omitted,True,True,False,False,False,False,False,False,False,False
1038,191.2,True,11,10,False,False,False,True,1,loan_burden_direction,False,False,False,False,False,True,False,False,False,False
1039,1910,True,11,10,False,False,False,True,1,loan_burden_direction,False,False,False,False,False,True,False,False,False,False
1040,1914,True,11,10,False,False,False,True,1,loan_burden_direction,False,False,False,False,False,True,False,False,False,False
1041,1915,False,11,0,False,False,True,False,0,,False,False,False,False,False,False,False,False,False,False
1042,1916,False,11,2,False,False,False,True,2,flood_binary_omitted|loan_burden_direction,False,True,False,False,False,True,False,False,False,False
1043,1917,False,11,0,False,False,True,False,0,,False,False,False,False,False,False,False,False,False,False
1044,1919,True,11,9,False,False,False,True,2,equal_indicator_weights|flood_binary_omitted,True,True,False,False,False,False,False,False,False,False
1045,192,True,11,10,False,False,False,True,1,flood_binary_omitted,False,True,False,False,False,False,False,False,False,False
1046,1920,False,11,0,False,False,True,False,0,,False,False,False,False,False,False,False,False,False,False
1047,1921,False,11,1,False,False,False,True,1,flood_binary_omitted,False,True,False,False,False,False,False,False,False,False
1048,1922,False,11,1,False,False,False,True,1,flood_binary_omitted,False,True,False,False,False,False,False,False,False,False
1049,1923,True,11,10,False,False,False,True,1,loan_burden_direction,False,False,False,False,False,True,False,False,False,False
1050,1924,True,11,10,False,False,False,True,1,loan_burden_direction,False,False,False,False,False,True,False,False,False,False
1051,1926,False,11,0,False,False,True,False,0,,False,False,False,False,False,False,False,False,False,False
1052,1927,False,11,1,False,False,False,True,1,flood_binary_omitted,False,True,False,False,False,False,False,False,False,False
1053,1928,True,11,10,False,False,False,True,1,flood_binary_omitted,False,True,False,False,False,False,False,False,False,False
1054,1929,False,11,0,False,False,True,False,0,,False,False,False,False,False,False,False,False,False,False
1055,193,False,11,0,False,False,True,False,0,,False,False,False,False,False,False,False,False,False,False
1056,1930,False,11,0,False,False,True,False,0,,False,False,False,False,False,False,False,False,False,False
1057,1931,False,11,0,False,False,True,False,0,,False,False,False,False,False,False,False,False,False,False
1058,1932,False,11,0,False,False,True,False,0,,False,False,False,False,False,False,False,False,False,False
1059,1933,False,11,1,False,False,False,True,1,loan_burden_direction,False,False,False,False,False,True,False,False,False,False
1060,1934,False,11,5,False,False,False,True,5,flood_depth_omitted|literacy_direction_reversed|literacy_omitted|loan_burden_direction|loan_omitted,False,False,True,True,True,True,True,False,False,False
1061,1935,False,11,2,False,False,False,True,2,equal_indicator_weights|flood_binary_omitted,True,True,False,False,False,False,False,False,False,False
1062,1936,True,11,11,True,True,False,False,0,,False,False,False,False,False,False,False,False,False,False
1063,1937,False,11,0,False,False,True,False,0,,False,False,False,False,False,False,False,False,False,False
1064,1938,True,11,8,False,False,False,True,3,flood_depth_omitted|literacy_direction_reversed|literacy_omitted,False,False,True,True,True,False,False,False,False,False
1065,1939,False,11,5,False,False,False,True,5,flood_depth_omitted|literacy_direction_reversed|literacy_omitted|loan_burden_direction|loan_omitted,False,False,True,True,True,True,True,False,False,False
1066,194,False,11,0,False,False,True,False,0,,False,False,False,False,False,False,False,False,False,False
1067,1940.1,True,11,9,False,False,False,True,2,loan_burden_direction|loan_omitted,False,False,False,False,False,True,True,False,False,False
1068,1940.2,True,11,9,False,False,False,True,2,equal_indicator_weights|flood_binary_omitted,True,True,False,False,False,False,False,False,False,False
1069,1941,False,11,2,False,False,False,True,2,literacy_direction_reversed|loan_burden_direction,False,False,False,True,False,True,False,False,False,False
1070,1942,False,11,0,False,False,True,False,0,,False,False,False,False,False,False,False,False,False,False
1071,1943,True,11,5,False,False,False,True,6,flood_depth_omitted|literacy_direction_reversed|literacy_omitted|loan_burden_direction|loan_omitted|robust_p01_p99_bounds,False,False,True,True,True,True,True,True,False,False
1072,1944,False,11,0,False,False,True,False,0,,False,False,False,False,False,False,False,False,False,False
1073,1945,False,11,0,False,False,True,False,0,,False,False,False,False,False,False,False,False,False,False
1074,1946,True,11,11,True,True,False,False,0,,False,False,False,False,False,False,False,False,False,False
1075,1947,True,11,11,True,True,False,False,0,,False,False,False,False,False,False,False,False,False,False
1076,1948,False,11,0,False,False,True,False,0,,False,False,False,False,False,False,False,False,False,False
1077,1949,True,11,9,False,False,False,True,2,equal_indicator_weights|flood_binary_omitted,True,True,False,False,False,False,False,False,False,False
1078,195.1,True,11,11,True,True,False,False,0,,False,False,False,False,False,False,False,False,False,False
1079,195.2,True,11,10,False,False,False,True,1,loan_burden_direction,False,False,False,False,False,True,False,False,False,False
1080,1950,True,11,10,False,False,False,True,1,flood_binary_omitted,False,True,False,False,False,False,False,False,False,False
1081,1951,False,11,1,False,False,False,True,1,flood_binary_omitted,False,True,False,False,False,False,False,False,False,False
1082,1952,False,11,0,False,False,True,False,0,,False,False,False,False,False,False,False,False,False,False
1083,1953,False,11,1,False,False,False,True,1,loan_burden_direction,False,False,False,False,False,True,False,False,False,False
1084,1954,True,11,11,True,True,False,False,0,,False,False,False,False,False,False,False,False,False,False
1085,1955,True,11,7,False,False,False,True,4,equal_indicator_weights|flood_binary_omitted|literacy_direction_reversed|robust_p01_p99_bounds,True,True,False,True,False,False,False,True,False,False
1086,1957,True,11,10,False,False,False,True,1,literacy_direction_reversed,False,False,False,True,False,False,False,False,False,False
1087,1958,False,11,0,False,False,True,False,0,,False,False,False,False,False,False,False,False,False,False
1088,1959,False,11,2,False,False,False,True,2,equal_indicator_weights|flood_binary_omitted,True,True,False,False,False,False,False,False,False,False
1089,196,False,11,3,False,False,False,True,3,literacy_direction_reversed|loan_burden_direction|loan_omitted,False,False,False,True,False,True,True,False,False,False
1090,1960,False,11,0,False,False,True,False,0,,False,False,False,False,False,False,False,False,False,False
1091,1961,False,11,0,False,False,True,False,0,,False,False,False,False,False,False,False,False,False,False
1092,1962,True,11,10,False,False,False,True,1,literacy_direction_reversed,False,False,False,True,False,False,False,False,False,False
1093,1963.1,False,11,0,False,False,True,False,0,,False,False,False,False,False,False,False,False,False,False
1094,1963.2,False,11,1,False,False,False,True,1,flood_binary_omitted,False,True,False,False,False,False,False,False,False,False
1095,1964,True,11,8,False,False,False,True,3,equal_indicator_weights|flood_binary_omitted|robust_p01_p99_bounds,True,True,False,False,False,False,False,True,False,False
1096,1965,True,11,11,True,True,False,False,0,,False,False,False,False,False,False,False,False,False,False
1097,1966,True,11,10,False,False,False,True,1,literacy_direction_reversed,False,False,False,True,False,False,False,False,False,False
1098,1967,True,11,10,False,False,False,True,1,flood_binary_omitted,False,True,False,False,False,False,False,False,False,False
1099,1968,True,11,9,False,False,False,True,2,flood_binary_omitted|robust_p01_p99_bounds,False,True,False,False,False,False,False,True,False,False
1100,1969,False,11,5,False,False,False,True,5,flood_depth_omitted|literacy_direction_reversed|literacy_omitted|loan_burden_direction|loan_omitted,False,False,True,True,True,True,True,False,False,False
1101,197,False,11,3,False,False,False,True,3,flood_depth_omitted|literacy_direction_reversed|literacy_omitted,False,False,True,True,True,False,False,False,False,False
1102,1970,False,11,0,False,False,True,False,0,,False,False,False,False,False,False,False,False,False,False
1103,1971,False,11,3,False,False,False,True,3,flood_depth_omitted|loan_burden_direction|loan_omitted,False,False,True,False,False,True,True,False,False,False
1104,1973,True,11,10,False,False,False,True,1,flood_binary_omitted,False,True,False,False,False,False,False,False,False,False
1105,1976,True,11,6,False,False,False,True,5,literacy_direction_reversed|literacy_omitted|loan_burden_direction|loan_omitted|robust_p01_p99_bounds,False,False,False,True,True,True,True,True,False,False
1106,1977,False,11,0,False,False,True,False,0,,False,False,False,False,False,False,False,False,False,False
1107,1978,False,11,3,False,False,False,True,3,literacy_direction_reversed|loan_burden_direction|loan_omitted,False,False,False,True,False,True,True,False,False,False
1108,1979,True,11,7,False,False,False,True,4,equal_indicator_weights|flood_binary_omitted|literacy_direction_reversed|literacy_omitted,True,True,False,True,True,False,False,False,False,False
1109,198,False,11,1,False,False,False,True,1,loan_burden_direction,False,False,False,False,False,True,False,False,False,False
1110,1980,False,11,5,False,False,False,True,5,flood_depth_omitted|literacy_direction_reversed|literacy_omitted|loan_burden_direction|loan_omitted,False,False,True,True,True,True,True,False,False,False
1111,1982,False,11,0,False,False,True,False,0,,False,False,False,False,False,False,False,False,False,False
1112,1983,False,11,0,False,False,True,False,0,,False,False,False,False,False,False,False,False,False,False
1113,1984,True,11,11,True,True,False,False,0,,False,False,False,False,False,False,False,False,False,False
1114,1985,True,11,11,True,True,False,False,0,,False,False,False,False,False,False,False,False,False,False
1115,1986,True,11,8,False,False,False,True,3,equal_indicator_weights|flood_binary_omitted|robust_p01_p99_bounds,True,True,False,False,False,False,False,True,False,False
1116,1988,False,11,0,False,False,True,False,0,,False,False,False,False,False,False,False,False,False,False
1117,1989,False,11,4,False,False,False,True,4,equal_indicator_weights|flood_binary_omitted|literacy_direction_reversed|literacy_omitted,True,True,False,True,True,False,False,False,False,False
1118,199,False,11,0,False,False,True,False,0,,False,False,False,False,False,False,False,False,False,False
1119,1992.1,False,11,0,False,False,True,False,0,,False,False,False,False,False,False,False,False,False,False
1120,1992.2,True,11,9,False,False,False,True,2,equal_indicator_weights|flood_binary_omitted,True,True,False,False,False,False,False,False,False,False
1121,1993,False,11,0,False,False,True,False,0,,False,False,False,False,False,False,False,False,False,False
1122,1995,True,11,10,False,False,False,True,1,equal_indicator_weights,True,False,False,False,False,False,False,False,False,False
1123,1996,True,11,11,True,True,False,False,0,,False,False,False,False,False,False,False,False,False,False
1124,1997,True,11,9,False,False,False,True,2,loan_burden_direction|loan_omitted,False,False,False,False,False,True,True,False,False,False
1125,1998,True,11,11,True,True,False,False,0,,False,False,False,False,False,False,False,False,False,False
1126,2,False,11,1,False,False,False,True,1,flood_binary_omitted,False,True,False,False,False,False,False,False,False,False
1127,2000,True,11,11,True,True,False,False,0,,False,False,False,False,False,False,False,False,False,False
1128,2001,True,11,9,False,False,False,True,2,loan_burden_direction|loan_omitted,False,False,False,False,False,True,True,False,False,False
1129,2002,True,11,11,True,True,False,False,0,,False,False,False,False,False,False,False,False,False,False
1130,2003,True,11,11,True,True,False,False,0,,False,False,False,False,False,False,False,False,False,False
1131,2004.1,False,11,2,False,False,False,True,2,flood_binary_omitted|loan_burden_direction,False,True,False,False,False,True,False,False,False,False
1132,2004.2,False,11,2,False,False,False,True,2,flood_binary_omitted|loan_burden_direction,False,True,False,False,False,True,False,False,False,False
1133,2005,True,11,11,True,True,False,False,0,,False,False,False,False,False,False,False,False,False,False
1134,2006,True,11,10,False,False,False,True,1,equal_indicator_weights,True,False,False,False,False,False,False,False,False,False
1135,2007,True,11,11,True,True,False,False,0,,False,False,False,False,False,False,False,False,False,False
1136,2009,True,11,11,True,True,False,False,0,,False,False,False,False,False,False,False,False,False,False
1137,201,True,11,9,False,False,False,True,2,equal_indicator_weights|flood_binary_omitted,True,True,False,False,False,False,False,False,False,False
1138,2010,True,11,11,True,True,False,False,0,,False,False,False,False,False,False,False,False,False,False
1139,2011,True,11,11,True,True,False,False,0,,False,False,False,False,False,False,False,False,False,False
1140,2012,True,11,9,False,False,False,True,2,loan_burden_direction|loan_omitted,False,False,False,False,False,True,True,False,False,False
1141,2013,True,11,11,True,True,False,False,0,,False,False,False,False,False,False,False,False,False,False
1142,2014,True,11,11,True,True,False,False,0,,False,False,False,False,False,False,False,False,False,False
1143,2015,True,11,11,True,True,False,False,0,,False,False,False,False,False,False,False,False,False,False
1144,2016,True,11,10,False,False,False,True,1,loan_burden_direction,False,False,False,False,False,True,False,False,False,False
1145,2017,False,11,4,False,False,False,True,4,flood_binary_omitted|loan_burden_direction|loan_omitted|robust_p01_p99_bounds,False,True,False,False,False,True,True,True,False,False
1146,2018,True,11,9,False,False,False,True,2,literacy_direction_reversed|loan_burden_direction,False,False,False,True,False,True,False,False,False,False
1147,2019,True,11,11,True,True,False,False,0,,False,False,False,False,False,False,False,False,False,False
1148,202,False,11,0,False,False,True,False,0,,False,False,False,False,False,False,False,False,False,False
1149,2020,True,11,10,False,False,False,True,1,loan_burden_direction,False,False,False,False,False,True,False,False,False,False
1150,2021,True,11,10,False,False,False,True,1,equal_indicator_weights,True,False,False,False,False,False,False,False,False,False
1151,2022,True,11,11,True,True,False,False,0,,False,False,False,False,False,False,False,False,False,False
1152,2023,True,11,11,True,True,False,False,0,,False,False,False,False,False,False,False,False,False,False
1153,2024,False,11,2,False,False,False,True,2,flood_binary_omitted|loan_burden_direction,False,True,False,False,False,True,False,False,False,False
1154,2025,False,11,0,False,False,True,False,0,,False,False,False,False,False,False,False,False,False,False
1155,2026,False,11,4,False,False,False,True,4,equal_indicator_weights|flood_binary_omitted|literacy_direction_reversed|literacy_omitted,True,True,False,True,True,False,False,False,False,False
1156,2027,True,11,11,True,True,False,False,0,,False,False,False,False,False,False,False,False,False,False
1157,2028,True,11,11,True,True,False,False,0,,False,False,False,False,False,False,False,False,False,False
1158,2029,False,11,1,False,False,False,True,1,flood_binary_omitted,False,True,False,False,False,False,False,False,False,False
1159,203,False,11,1,False,False,False,True,1,flood_binary_omitted,False,True,False,False,False,False,False,False,False,False
1160,2030,True,11,11,True,True,False,False,0,,False,False,False,False,False,False,False,False,False,False
1161,2031,True,11,11,True,True,False,False,0,,False,False,False,False,False,False,False,False,False,False
1162,2032,True,11,11,True,True,False,False,0,,False,False,False,False,False,False,False,False,False,False
1163,2033,True,11,11,True,True,False,False,0,,False,False,False,False,False,False,False,False,False,False
1164,2034,False,11,1,False,False,False,True,1,flood_binary_omitted,False,True,False,False,False,False,False,False,False,False
1165,2035,True,11,9,False,False,False,True,2,equal_indicator_weights|flood_binary_omitted,True,True,False,False,False,False,False,False,False,False
1166,2038,False,11,0,False,False,True,False,0,,False,False,False,False,False,False,False,False,False,False
1167,2039,True,11,11,True,True,False,False,0,,False,False,False,False,False,False,False,False,False,False
1168,204,True,11,11,True,True,False,False,0,,False,False,False,False,False,False,False,False,False,False
1169,2040,True,11,11,True,True,False,False,0,,False,False,False,False,False,False,False,False,False,False
1170,2041,True,11,9,False,False,False,True,2,equal_indicator_weights|flood_binary_omitted,True,True,False,False,False,False,False,False,False,False
1171,2042,True,11,11,True,True,False,False,0,,False,False,False,False,False,False,False,False,False,False
1172,2043,True,11,11,True,True,False,False,0,,False,False,False,False,False,False,False,False,False,False
1173,2044,True,11,9,False,False,False,True,2,loan_burden_direction|loan_omitted,False,False,False,False,False,True,True,False,False,False
1174,2045,True,11,11,True,True,False,False,0,,False,False,False,False,False,False,False,False,False,False
1175,2047,True,11,11,True,True,False,False,0,,False,False,False,False,False,False,False,False,False,False
1176,2048,True,11,11,True,True,False,False,0,,False,False,False,False,False,False,False,False,False,False
1177,2049,True,11,11,True,True,False,False,0,,False,False,False,False,False,False,False,False,False,False
1178,205,True,11,11,True,True,False,False,0,,False,False,False,False,False,False,False,False,False,False
1179,2050,True,11,11,True,True,False,False,0,,False,False,False,False,False,False,False,False,False,False
1180,2051,True,11,10,False,False,False,True,1,loan_burden_direction,False,False,False,False,False,True,False,False,False,False
1181,2052,True,11,11,True,True,False,False,0,,False,False,False,False,False,False,False,False,False,False
1182,2053,True,11,9,False,False,False,True,2,literacy_direction_reversed|literacy_omitted,False,False,False,True,True,False,False,False,False,False
1183,2054,True,11,10,False,False,False,True,1,literacy_direction_reversed,False,False,False,True,False,False,False,False,False,False
1184,2055,True,11,10,False,False,False,True,1,loan_burden_direction,False,False,False,False,False,True,False,False,False,False
1185,2056,True,11,9,False,False,False,True,2,literacy_direction_reversed|literacy_omitted,False,False,False,True,True,False,False,False,False,False
1186,2057,True,11,11,True,True,False,False,0,,False,False,False,False,False,False,False,False,False,False
1187,2058,False,11,5,False,False,False,True,5,equal_indicator_weights|flood_binary_omitted|literacy_direction_reversed|literacy_omitted|robust_p01_p99_bounds,True,True,False,True,True,False,False,True,False,False
1188,2059,True,11,9,False,False,False,True,2,literacy_direction_reversed|loan_burden_direction,False,False,False,True,False,True,False,False,False,False
1189,206,True,11,11,True,True,False,False,0,,False,False,False,False,False,False,False,False,False,False
1190,2060,True,11,10,False,False,False,True,1,literacy_direction_reversed,False,False,False,True,False,False,False,False,False,False
1191,2061,True,11,11,True,True,False,False,0,,False,False,False,False,False,False,False,False,False,False
1192,2062,True,11,11,True,True,False,False,0,,False,False,False,False,False,False,False,False,False,False
1193,2063,True,11,11,True,True,False,False,0,,False,False,False,False,False,False,False,False,False,False
1194,2064,True,11,11,True,True,False,False,0,,False,False,False,False,False,False,False,False,False,False
1195,2066,True,11,11,True,True,False,False,0,,False,False,False,False,False,False,False,False,False,False
1196,2067,True,11,11,True,True,False,False,0,,False,False,False,False,False,False,False,False,False,False
1197,2068,True,11,11,True,True,False,False,0,,False,False,False,False,False,False,False,False,False,False
1198,207,True,11,11,True,True,False,False,0,,False,False,False,False,False,False,False,False,False,False
1199,2070,True,11,11,True,True,False,False,0,,False,False,False,False,False,False,False,False,False,False
1200,2071,True,11,11,True,True,False,False,0,,False,False,False,False,False,False,False,False,False,False
1201,2072,False,11,5,False,False,False,True,5,flood_depth_omitted|literacy_direction_reversed|literacy_omitted|loan_burden_direction|loan_omitted,False,False,True,True,True,True,True,False,False,False
1202,2073,False,11,1,False,False,False,True,1,flood_binary_omitted,False,True,False,False,False,False,False,False,False,False
1203,2074,False,11,0,False,False,True,False,0,,False,False,False,False,False,False,False,False,False,False
1204,2075,False,11,3,False,False,False,True,3,literacy_direction_reversed|loan_burden_direction|loan_omitted,False,False,False,True,False,True,True,False,False,False
1205,2076,False,11,0,False,False,True,False,0,,False,False,False,False,False,False,False,False,False,False
1206,2077,True,11,8,False,False,False,True,3,flood_binary_omitted|loan_burden_direction|loan_omitted,False,True,False,False,False,True,True,False,False,False
1207,2078,False,11,0,False,False,True,False,0,,False,False,False,False,False,False,False,False,False,False
1208,208,False,11,1,False,False,False,True,1,flood_binary_omitted,False,True,False,False,False,False,False,False,False,False
1209,2080,False,11,0,False,False,True,False,0,,False,False,False,False,False,False,False,False,False,False
1210,2081.1,False,11,0,False,False,True,False,0,,False,False,False,False,False,False,False,False,False,False
1211,2081.2,False,11,3,False,False,False,True,3,literacy_direction_reversed|loan_burden_direction|loan_omitted,False,False,False,True,False,True,True,False,False,False
1212,2082,False,11,2,False,False,False,True,2,equal_indicator_weights|flood_binary_omitted,True,True,False,False,False,False,False,False,False,False
1213,2083,False,11,0,False,False,True,False,0,,False,False,False,False,False,False,False,False,False,False
1214,2085.1,False,11,6,False,False,False,True,6,flood_depth_omitted|literacy_direction_reversed|literacy_omitted|loan_burden_direction|loan_omitted|robust_p01_p99_bounds,False,False,True,True,True,True,True,True,False,False
1215,2085.2,False,11,0,False,False,True,False,0,,False,False,False,False,False,False,False,False,False,False
1216,2086,False,11,0,False,False,True,False,0,,False,False,False,False,False,False,False,False,False,False
1217,2087,False,11,0,False,False,True,False,0,,False,False,False,False,False,False,False,False,False,False
1218,2088,False,11,0,False,False,True,False,0,,False,False,False,False,False,False,False,False,False,False
1219,2089,False,11,3,False,False,False,True,3,literacy_direction_reversed|loan_burden_direction|loan_omitted,False,False,False,True,False,True,True,False,False,False
1220,209.1,True,11,10,False,False,False,True,1,literacy_direction_reversed,False,False,False,True,False,False,False,False,False,False
1221,209.2,False,11,0,False,False,True,False,0,,False,False,False,False,False,False,False,False,False,False
1222,2090.1,True,11,8,False,False,False,True,3,flood_binary_omitted|literacy_direction_reversed|literacy_omitted,False,True,False,True,True,False,False,False,False,False
1223,2090.2,False,11,1,False,False,False,True,1,flood_binary_omitted,False,True,False,False,False,False,False,False,False,False
1224,2091,True,11,10,False,False,False,True,1,loan_burden_direction,False,False,False,False,False,True,False,False,False,False
1225,2092,False,11,0,False,False,True,False,0,,False,False,False,False,False,False,False,False,False,False
1226,2093,True,11,5,False,False,False,True,6,equal_indicator_weights|flood_binary_omitted|literacy_direction_reversed|literacy_omitted|loan_burden_direction|loan_omitted,True,True,False,True,True,True,True,False,False,False
1227,2094,True,11,10,False,False,False,True,1,loan_burden_direction,False,False,False,False,False,True,False,False,False,False
1228,2095.1,False,11,2,False,False,False,True,2,loan_burden_direction|robust_p01_p99_bounds,False,False,False,False,False,True,False,True,False,False
1229,2095.2,False,11,3,False,False,False,True,3,flood_depth_omitted|loan_burden_direction|loan_omitted,False,False,True,False,False,True,True,False,False,False
1230,2096,False,11,1,False,False,False,True,1,loan_burden_direction,False,False,False,False,False,True,False,False,False,False
1231,2097.1,False,11,0,False,False,True,False,0,,False,False,False,False,False,False,False,False,False,False
1232,2097.2,False,11,0,False,False,True,False,0,,False,False,False,False,False,False,False,False,False,False
1233,2098,False,11,1,False,False,False,True,1,flood_binary_omitted,False,True,False,False,False,False,False,False,False,False
1234,2099,False,11,0,False,False,True,False,0,,False,False,False,False,False,False,False,False,False,False
1235,21,True,11,11,True,True,False,False,0,,False,False,False,False,False,False,False,False,False,False
1236,210.1,True,11,11,True,True,False,False,0,,False,False,False,False,False,False,False,False,False,False
1237,210.2,False,11,0,False,False,True,False,0,,False,False,False,False,False,False,False,False,False,False
1238,2100,False,10,2,False,False,False,True,2,equal_indicator_weights|flood_binary_omitted,True,True,False,False,False,False,False,False,False,False
1239,2101,True,11,11,True,True,False,False,0,,False,False,False,False,False,False,False,False,False,False
1240,2102,False,11,1,False,False,False,True,1,loan_burden_direction,False,False,False,False,False,True,False,False,False,False
1241,2103,True,11,10,False,False,False,True,1,loan_burden_direction,False,False,False,False,False,True,False,False,False,False
1242,2104,False,11,0,False,False,True,False,0,,False,False,False,False,False,False,False,False,False,False
1243,2105,False,11,0,False,False,True,False,0,,False,False,False,False,False,False,False,False,False,False
1244,2106,True,11,9,False,False,False,True,2,flood_binary_omitted|literacy_direction_reversed,False,True,False,True,False,False,False,False,False,False
1245,2107,False,11,0,False,False,True,False,0,,False,False,False,False,False,False,False,False,False,False
1246,2108,True,11,10,False,False,False,True,1,loan_burden_direction,False,False,False,False,False,True,False,False,False,False
1247,2109,False,11,2,False,False,False,True,2,equal_indicator_weights|flood_binary_omitted,True,True,False,False,False,False,False,False,False,False
1248,2110,False,11,0,False,False,True,False,0,,False,False,False,False,False,False,False,False,False,False
1249,2111,False,11,0,False,False,True,False,0,,False,False,False,False,False,False,False,False,False,False
1250,2113.1,True,11,11,True,True,False,False,0,,False,False,False,False,False,False,False,False,False,False
1251,2113.2,False,11,0,False,False,True,False,0,,False,False,False,False,False,False,False,False,False,False
1252,2114,True,11,11,True,True,False,False,0,,False,False,False,False,False,False,False,False,False,False
1253,2115,True,11,9,False,False,False,True,2,equal_indicator_weights|flood_binary_omitted,True,True,False,False,False,False,False,False,False,False
1254,2116,False,11,0,False,False,True,False,0,,False,False,False,False,False,False,False,False,False,False
1255,2117,True,11,9,False,False,False,True,2,equal_indicator_weights|flood_binary_omitted,True,True,False,False,False,False,False,False,False,False
1256,2118,False,11,3,False,False,False,True,3,flood_depth_omitted|loan_burden_direction|loan_omitted,False,False,True,False,False,True,True,False,False,False
1257,2119,True,11,9,False,False,False,True,2,equal_indicator_weights|flood_binary_omitted,True,True,False,False,False,False,False,False,False,False
1258,212.1,False,11,2,False,False,False,True,2,equal_indicator_weights|flood_binary_omitted,True,True,False,False,False,False,False,False,False,False
1259,212.2,False,11,0,False,False,True,False,0,,False,False,False,False,False,False,False,False,False,False
1260,2120,False,11,0,False,False,True,False,0,,False,False,False,False,False,False,False,False,False,False
1261,2121,False,11,0,False,False,True,False,0,,False,False,False,False,False,False,False,False,False,False
1262,2122,False,11,0,False,False,True,False,0,,False,False,False,False,False,False,False,False,False,False
1263,2123.1,False,11,0,False,False,True,False,0,,False,False,False,False,False,False,False,False,False,False
1264,2123.2,False,11,0,False,False,True,False,0,,False,False,False,False,False,False,False,False,False,False
1265,2124,False,11,0,False,False,True,False,0,,False,False,False,False,False,False,False,False,False,False
1266,2126,False,11,0,False,False,True,False,0,,False,False,False,False,False,False,False,False,False,False
1267,2127,False,11,0,False,False,True,False,0,,False,False,False,False,False,False,False,False,False,False
1268,2128.1,False,11,4,False,False,False,True,4,literacy_direction_reversed|loan_burden_direction|loan_omitted|robust_p01_p99_bounds,False,False,False,True,False,True,True,True,False,False
1269,2128.2,False,11,0,False,False,True,False,0,,False,False,False,False,False,False,False,False,False,False
1270,2129,False,11,0,False,False,True,False,0,,False,False,False,False,False,False,False,False,False,False
1271,2130,True,11,7,False,False,False,True,4,flood_binary_omitted|literacy_direction_reversed|loan_burden_direction|loan_omitted,False,True,False,True,False,True,True,False,False,False
1272,2131,False,11,2,False,False,False,True,2,literacy_direction_reversed|robust_p01_p99_bounds,False,False,False,True,False,False,False,True,False,False
1273,2132,False,11,0,False,False,True,False,0,,False,False,False,False,False,False,False,False,False,False
1274,2133,False,11,0,False,False,True,False,0,,False,False,False,False,False,False,False,False,False,False
1275,2134,False,11,0,False,False,True,False,0,,False,False,False,False,False,False,False,False,False,False
1276,2135,False,11,0,False,False,True,False,0,,False,False,False,False,False,False,False,False,False,False
1277,2136,False,11,1,False,False,False,True,1,literacy_direction_reversed,False,False,False,True,False,False,False,False,False,False
1278,2137,False,11,1,False,False,False,True,1,loan_burden_direction,False,False,False,False,False,True,False,False,False,False
1279,2138,False,11,2,False,False,False,True,2,loan_burden_direction|robust_p01_p99_bounds,False,False,False,False,False,True,False,True,False,False
1280,2139,False,11,0,False,False,True,False,0,,False,False,False,False,False,False,False,False,False,False
1281,214,False,11,0,False,False,True,False,0,,False,False,False,False,False,False,False,False,False,False
1282,2140.1,True,11,10,False,False,False,True,1,loan_burden_direction,False,False,False,False,False,True,False,False,False,False
1283,2140.2,False,11,0,False,False,True,False,0,,False,False,False,False,False,False,False,False,False,False
1284,2141,False,11,0,False,False,True,False,0,,False,False,False,False,False,False,False,False,False,False
1285,2142,False,11,0,False,False,True,False,0,,False,False,False,False,False,False,False,False,False,False
1286,2143,False,11,0,False,False,True,False,0,,False,False,False,False,False,False,False,False,False,False
1287,2144,False,11,0,False,False,True,False,0,,False,False,False,False,False,False,False,False,False,False
1288,2145,False,11,0,False,False,True,False,0,,False,False,False,False,False,False,False,False,False,False
1289,2146,False,11,2,False,False,False,True,2,equal_indicator_weights|flood_binary_omitted,True,True,False,False,False,False,False,False,False,False
1290,2147,False,11,0,False,False,True,False,0,,False,False,False,False,False,False,False,False,False,False
1291,2148,False,11,2,False,False,False,True,2,literacy_direction_reversed|robust_p01_p99_bounds,False,False,False,True,False,False,False,True,False,False
1292,2149,True,11,10,False,False,False,True,1,loan_burden_direction,False,False,False,False,False,True,False,False,False,False
1293,215.2,False,11,0,False,False,True,False,0,,False,False,False,False,False,False,False,False,False,False
1294,2150,False,11,0,False,False,True,False,0,,False,False,False,False,False,False,False,False,False,False
1295,2151,True,11,7,False,False,False,True,4,flood_binary_omitted|literacy_direction_reversed|literacy_omitted|robust_p01_p99_bounds,False,True,False,True,True,False,False,True,False,False
1296,2152,False,11,0,False,False,True,False,0,,False,False,False,False,False,False,False,False,False,False
1297,2153,False,11,0,False,False,True,False,0,,False,False,False,False,False,False,False,False,False,False
1298,2154,False,11,0,False,False,True,False,0,,False,False,False,False,False,False,False,False,False,False
1299,2155,False,11,0,False,False,True,False,0,,False,False,False,False,False,False,False,False,False,False
1300,2157,False,11,0,False,False,True,False,0,,False,False,False,False,False,False,False,False,False,False
1301,2158,False,11,0,False,False,True,False,0,,False,False,False,False,False,False,False,False,False,False
1302,2159,False,11,0,False,False,True,False,0,,False,False,False,False,False,False,False,False,False,False
1303,216,False,11,0,False,False,True,False,0,,False,False,False,False,False,False,False,False,False,False
1304,2160,False,11,0,False,False,True,False,0,,False,False,False,False,False,False,False,False,False,False
1305,2161,False,11,0,False,False,True,False,0,,False,False,False,False,False,False,False,False,False,False
1306,2162,False,11,0,False,False,True,False,0,,False,False,False,False,False,False,False,False,False,False
1307,2163,False,11,0,False,False,True,False,0,,False,False,False,False,False,False,False,False,False,False
1308,2164,False,11,0,False,False,True,False,0,,False,False,False,False,False,False,False,False,False,False
1309,2165,True,11,7,False,False,False,True,4,equal_indicator_weights|flood_binary_omitted|loan_burden_direction|loan_omitted,True,True,False,False,False,True,True,False,False,False
1310,2166,True,11,8,False,False,False,True,3,flood_binary_omitted|loan_burden_direction|loan_omitted,False,True,False,False,False,True,True,False,False,False
1311,2169,True,11,7,False,False,False,True,4,equal_indicator_weights|flood_binary_omitted|loan_burden_direction|loan_omitted,True,True,False,False,False,True,True,False,False,False
1312,2170,True,11,11,True,True,False,False,0,,False,False,False,False,False,False,False,False,False,False
1313,2171,False,11,0,False,False,True,False,0,,False,False,False,False,False,False,False,False,False,False
1314,2172,False,11,1,False,False,False,True,1,literacy_direction_reversed,False,False,False,True,False,False,False,False,False,False
1315,2174.1,False,11,0,False,False,True,False,0,,False,False,False,False,False,False,False,False,False,False
1316,2174.2,False,11,0,False,False,True,False,0,,False,False,False,False,False,False,False,False,False,False
1317,2175,False,11,0,False,False,True,False,0,,False,False,False,False,False,False,False,False,False,False
1318,2176.1.1,False,11,1,False,False,False,True,1,literacy_direction_reversed,False,False,False,True,False,False,False,False,False,False
1319,2176.1.2,False,11,0,False,False,True,False,0,,False,False,False,False,False,False,False,False,False,False
1320,2176.2,False,11,0,False,False,True,False,0,,False,False,False,False,False,False,False,False,False,False
1321,2177,False,11,0,False,False,True,False,0,,False,False,False,False,False,False,False,False,False,False
1322,2178.1,False,11,0,False,False,True,False,0,,False,False,False,False,False,False,False,False,False,False
1323,2178.3,False,11,0,False,False,True,False,0,,False,False,False,False,False,False,False,False,False,False
1324,2179,False,11,0,False,False,True,False,0,,False,False,False,False,False,False,False,False,False,False
1325,218,False,11,0,False,False,True,False,0,,False,False,False,False,False,False,False,False,False,False
1326,2180,False,11,0,False,False,True,False,0,,False,False,False,False,False,False,False,False,False,False
1327,2181,False,11,0,False,False,True,False,0,,False,False,False,False,False,False,False,False,False,False
1328,2182,False,11,0,False,False,True,False,0,,False,False,False,False,False,False,False,False,False,False
1329,2183,False,11,0,False,False,True,False,0,,False,False,False,False,False,False,False,False,False,False
1330,2184,False,11,0,False,False,True,False,0,,False,False,False,False,False,False,False,False,False,False
1331,2185,False,11,0,False,False,True,False,0,,False,False,False,False,False,False,False,False,False,False
1332,2186,False,11,0,False,False,True,False,0,,False,False,False,False,False,False,False,False,False,False
1333,2187,False,11,0,False,False,True,False,0,,False,False,False,False,False,False,False,False,False,False
1334,2188,True,11,8,False,False,False,True,3,flood_binary_omitted|literacy_direction_reversed|literacy_omitted,False,True,False,True,True,False,False,False,False,False
1335,219,False,11,0,False,False,True,False,0,,False,False,False,False,False,False,False,False,False,False
1336,2191,False,11,0,False,False,True,False,0,,False,False,False,False,False,False,False,False,False,False
1337,2192,False,11,0,False,False,True,False,0,,False,False,False,False,False,False,False,False,False,False
1338,2193,False,11,1,False,False,False,True,1,robust_p01_p99_bounds,False,False,False,False,False,False,False,True,False,False
1339,2194,False,11,1,False,False,False,True,1,robust_p01_p99_bounds,False,False,False,False,False,False,False,True,False,False
1340,2195,False,11,0,False,False,True,False,0,,False,False,False,False,False,False,False,False,False,False
1341,2196,False,11,0,False,False,True,False,0,,False,False,False,False,False,False,False,False,False,False
1342,2197,False,11,0,False,False,True,False,0,,False,False,False,False,False,False,False,False,False,False
1343,2198,False,11,0,False,False,True,False,0,,False,False,False,False,False,False,False,False,False,False
1344,22,False,11,0,False,False,True,False,0,,False,False,False,False,False,False,False,False,False,False
1345,220,False,11,2,False,False,False,True,2,loan_burden_direction|robust_p01_p99_bounds,False,False,False,False,False,True,False,True,False,False
1346,2200,False,11,1,False,False,False,True,1,loan_burden_direction,False,False,False,False,False,True,False,False,False,False
1347,2201,False,11,2,False,False,False,True,2,loan_burden_direction|robust_p01_p99_bounds,False,False,False,False,False,True,False,True,False,False
1348,2202,False,11,0,False,False,True,False,0,,False,False,False,False,False,False,False,False,False,False
1349,2203,False,11,1,False,False,False,True,1,loan_burden_direction,False,False,False,False,False,True,False,False,False,False
1350,2204,False,11,0,False,False,True,False,0,,False,False,False,False,False,False,False,False,False,False
1351,2205,False,11,0,False,False,True,False,0,,False,False,False,False,False,False,False,False,False,False
1352,2206,False,11,0,False,False,True,False,0,,False,False,False,False,False,False,False,False,False,False
1353,2207,False,11,0,False,False,True,False,0,,False,False,False,False,False,False,False,False,False,False
1354,2208,False,11,0,False,False,True,False,0,,False,False,False,False,False,False,False,False,False,False
1355,2209,False,11,0,False,False,True,False,0,,False,False,False,False,False,False,False,False,False,False
1356,221,True,11,7,False,False,False,True,4,equal_indicator_weights|flood_binary_omitted|literacy_direction_reversed|literacy_omitted,True,True,False,True,True,False,False,False,False,False
1357,2210,False,11,0,False,False,True,False,0,,False,False,False,False,False,False,False,False,False,False
1358,2211,False,11,0,False,False,True,False,0,,False,False,False,False,False,False,False,False,False,False
1359,2212,False,11,0,False,False,True,False,0,,False,False,False,False,False,False,False,False,False,False
1360,2213,False,11,0,False,False,True,False,0,,False,False,False,False,False,False,False,False,False,False
1361,2214,False,11,0,False,False,True,False,0,,False,False,False,False,False,False,False,False,False,False
1362,2215,False,11,0,False,False,True,False,0,,False,False,False,False,False,False,False,False,False,False
1363,2216,False,11,0,False,False,True,False,0,,False,False,False,False,False,False,False,False,False,False
1364,2217,True,11,11,True,True,False,False,0,,False,False,False,False,False,False,False,False,False,False
1365,2218,False,11,0,False,False,True,False,0,,False,False,False,False,False,False,False,False,False,False
1366,2219,False,11,0,False,False,True,False,0,,False,False,False,False,False,False,False,False,False,False
1367,222.1,False,11,1,False,False,False,True,1,flood_binary_omitted,False,True,False,False,False,False,False,False,False,False
1368,222.2,True,11,7,False,False,False,True,4,flood_depth_omitted|literacy_direction_reversed|loan_burden_direction|loan_omitted,False,False,True,True,False,True,True,False,False,False
1369,2220.1,False,11,0,False,False,True,False,0,,False,False,False,False,False,False,False,False,False,False
1370,2220.2,False,11,0,False,False,True,False,0,,False,False,False,False,False,False,False,False,False,False
1371,2221,False,11,1,False,False,False,True,1,flood_binary_omitted,False,True,False,False,False,False,False,False,False,False
1372,2222,False,11,0,False,False,True,False,0,,False,False,False,False,False,False,False,False,False,False
1373,2223,True,11,10,False,False,False,True,1,flood_binary_omitted,False,True,False,False,False,False,False,False,False,False
1374,2224,False,11,3,False,False,False,True,3,literacy_direction_reversed|loan_burden_direction|robust_p01_p99_bounds,False,False,False,True,False,True,False,True,False,False
1375,2225,False,11,0,False,False,True,False,0,,False,False,False,False,False,False,False,False,False,False
1376,2226,False,11,0,False,False,True,False,0,,False,False,False,False,False,False,False,False,False,False
1377,2227.1,False,11,0,False,False,True,False,0,,False,False,False,False,False,False,False,False,False,False
1378,2227.2,False,11,1,False,False,False,True,1,loan_burden_direction,False,False,False,False,False,True,False,False,False,False
1379,2227.3,False,11,0,False,False,True,False,0,,False,False,False,False,False,False,False,False,False,False
1380,2228,False,11,0,False,False,True,False,0,,False,False,False,False,False,False,False,False,False,False
1381,223,False,11,0,False,False,True,False,0,,False,False,False,False,False,False,False,False,False,False
1382,2230,False,11,1,False,False,False,True,1,loan_burden_direction,False,False,False,False,False,True,False,False,False,False
1383,2231.1,False,11,0,False,False,True,False,0,,False,False,False,False,False,False,False,False,False,False
1384,2231.2,False,11,1,False,False,False,True,1,flood_binary_omitted,False,True,False,False,False,False,False,False,False,False
1385,2232,False,11,0,False,False,True,False,0,,False,False,False,False,False,False,False,False,False,False
1386,2233,False,11,0,False,False,True,False,0,,False,False,False,False,False,False,False,False,False,False
1387,2234,False,11,0,False,False,True,False,0,,False,False,False,False,False,False,False,False,False,False
1388,2235.1,False,11,0,False,False,True,False,0,,False,False,False,False,False,False,False,False,False,False
1389,2235.2,False,11,2,False,False,False,True,2,equal_indicator_weights|flood_binary_omitted,True,True,False,False,False,False,False,False,False,False
1390,2236,False,11,0,False,False,True,False,0,,False,False,False,False,False,False,False,False,False,False
1391,2237,False,11,0,False,False,True,False,0,,False,False,False,False,False,False,False,False,False,False
1392,2239,False,11,0,False,False,True,False,0,,False,False,False,False,False,False,False,False,False,False
1393,224,False,11,0,False,False,True,False,0,,False,False,False,False,False,False,False,False,False,False
1394,2240,False,11,0,False,False,True,False,0,,False,False,False,False,False,False,False,False,False,False
1395,2241,True,11,6,False,False,False,True,5,equal_indicator_weights|flood_binary_omitted|flood_depth_omitted|literacy_direction_reversed|literacy_omitted,True,True,True,True,True,False,False,False,False,False
1396,2242,False,11,0,False,False,True,False,0,,False,False,False,False,False,False,False,False,False,False
1397,2243,False,11,1,False,False,False,True,1,flood_binary_omitted,False,True,False,False,False,False,False,False,False,False
1398,2244,False,11,0,False,False,True,False,0,,False,False,False,False,False,False,False,False,False,False
1399,2245,False,11,1,False,False,False,True,1,flood_binary_omitted,False,True,False,False,False,False,False,False,False,False
1400,2247,False,11,1,False,False,False,True,1,flood_binary_omitted,False,True,False,False,False,False,False,False,False,False
1401,2248,False,11,1,False,False,False,True,1,flood_binary_omitted,False,True,False,False,False,False,False,False,False,False
1402,2249,False,11,0,False,False,True,False,0,,False,False,False,False,False,False,False,False,False,False
1403,225,False,11,2,False,False,False,True,2,equal_indicator_weights|flood_binary_omitted,True,True,False,False,False,False,False,False,False,False
1404,2250,False,11,3,False,False,False,True,3,literacy_direction_reversed|loan_burden_direction|loan_omitted,False,False,False,True,False,True,True,False,False,False
1405,2251,False,11,0,False,False,True,False,0,,False,False,False,False,False,False,False,False,False,False
1406,2252,False,11,0,False,False,True,False,0,,False,False,False,False,False,False,False,False,False,False
1407,2253,True,11,9,False,False,False,True,2,flood_binary_omitted|literacy_direction_reversed,False,True,False,True,False,False,False,False,False,False
1408,2254,False,11,4,False,False,False,True,4,equal_indicator_weights|flood_binary_omitted|literacy_direction_reversed|literacy_omitted,True,True,False,True,True,False,False,False,False,False
1409,2255,False,11,0,False,False,True,False,0,,False,False,False,False,False,False,False,False,False,False
1410,2256,False,11,2,False,False,False,True,2,equal_indicator_weights|flood_binary_omitted,True,True,False,False,False,False,False,False,False,False
1411,2258,False,11,2,False,False,False,True,2,literacy_direction_reversed|loan_burden_direction,False,False,False,True,False,True,False,False,False,False
1412,226,False,11,1,False,False,False,True,1,flood_binary_omitted,False,True,False,False,False,False,False,False,False,False
1413,2260.1,False,11,2,False,False,False,True,2,equal_indicator_weights|flood_binary_omitted,True,True,False,False,False,False,False,False,False,False
1414,2260.2,True,11,9,False,False,False,True,2,literacy_direction_reversed|loan_burden_direction,False,False,False,True,False,True,False,False,False,False
1415,2261,False,11,0,False,False,True,False,0,,False,False,False,False,False,False,False,False,False,False
1416,2263,False,11,3,False,False,False,True,3,literacy_direction_reversed|loan_burden_direction|robust_p01_p99_bounds,False,False,False,True,False,True,False,True,False,False
1417,2264,False,11,0,False,False,True,False,0,,False,False,False,False,False,False,False,False,False,False
1418,2265,False,11,0,False,False,True,False,0,,False,False,False,False,False,False,False,False,False,False
1419,2266,False,11,0,False,False,True,False,0,,False,False,False,False,False,False,False,False,False,False
1420,2267,False,11,0,False,False,True,False,0,,False,False,False,False,False,False,False,False,False,False
1421,2268.1,False,11,0,False,False,True,False,0,,False,False,False,False,False,False,False,False,False,False
1422,2268.2,True,11,11,True,True,False,False,0,,False,False,False,False,False,False,False,False,False,False
1423,2269,False,11,0,False,False,True,False,0,,False,False,False,False,False,False,False,False,False,False
1424,227,False,11,0,False,False,True,False,0,,False,False,False,False,False,False,False,False,False,False
1425,2271,False,11,0,False,False,True,False,0,,False,False,False,False,False,False,False,False,False,False
1426,2272,False,11,0,False,False,True,False,0,,False,False,False,False,False,False,False,False,False,False
1427,2273,False,11,0,False,False,True,False,0,,False,False,False,False,False,False,False,False,False,False
1428,2274,False,11,2,False,False,False,True,2,flood_binary_omitted|robust_p01_p99_bounds,False,True,False,False,False,False,False,True,False,False
1429,2275,False,11,1,False,False,False,True,1,flood_binary_omitted,False,True,False,False,False,False,False,False,False,False
1430,2276,False,11,0,False,False,True,False,0,,False,False,False,False,False,False,False,False,False,False
1431,2277,False,11,4,False,False,False,True,4,equal_indicator_weights|flood_binary_omitted|loan_burden_direction|loan_omitted,True,True,False,False,False,True,True,False,False,False
1432,2278,True,11,7,False,False,False,True,4,flood_binary_omitted|loan_burden_direction|loan_omitted|robust_p01_p99_bounds,False,True,False,False,False,True,True,True,False,False
1433,2279,False,11,0,False,False,True,False,0,,False,False,False,False,False,False,False,False,False,False
1434,228,False,11,4,False,False,False,True,4,flood_depth_omitted|literacy_direction_reversed|literacy_omitted|robust_p01_p99_bounds,False,False,True,True,True,False,False,True,False,False
1435,2280,True,11,11,True,True,False,False,0,,False,False,False,False,False,False,False,False,False,False
1436,2282,False,11,0,False,False,True,False,0,,False,False,False,False,False,False,False,False,False,False
1437,2283,True,11,10,False,False,False,True,1,loan_burden_direction,False,False,False,False,False,True,False,False,False,False
1438,2284,False,11,2,False,False,False,True,2,equal_indicator_weights|flood_binary_omitted,True,True,False,False,False,False,False,False,False,False
1439,2285,False,11,0,False,False,True,False,0,,False,False,False,False,False,False,False,False,False,False
1440,2286,False,11,1,False,False,False,True,1,robust_p01_p99_bounds,False,False,False,False,False,False,False,True,False,False
1441,2287.1,False,11,0,False,False,True,False,0,,False,False,False,False,False,False,False,False,False,False
1442,2287.2,False,11,3,False,False,False,True,3,literacy_direction_reversed|loan_burden_direction|loan_omitted,False,False,False,True,False,True,True,False,False,False
1443,2288,True,11,11,True,True,False,False,0,,False,False,False,False,False,False,False,False,False,False
1444,2289,False,11,0,False,False,True,False,0,,False,False,False,False,False,False,False,False,False,False
1445,229,False,11,0,False,False,True,False,0,,False,False,False,False,False,False,False,False,False,False
1446,2290,False,11,0,False,False,True,False,0,,False,False,False,False,False,False,False,False,False,False
1447,2291,True,11,11,True,True,False,False,0,,False,False,False,False,False,False,False,False,False,False
1448,2292,True,11,11,True,True,False,False,0,,False,False,False,False,False,False,False,False,False,False
1449,2293,False,11,0,False,False,True,False,0,,False,False,False,False,False,False,False,False,False,False
1450,2294,False,11,0,False,False,True,False,0,,False,False,False,False,False,False,False,False,False,False
1451,2295,False,11,1,False,False,False,True,1,loan_burden_direction,False,False,False,False,False,True,False,False,False,False
1452,2296,True,11,10,False,False,False,True,1,flood_binary_omitted,False,True,False,False,False,False,False,False,False,False
1453,2297.1,True,11,7,False,False,False,True,4,flood_binary_omitted|loan_burden_direction|loan_omitted|robust_p01_p99_bounds,False,True,False,False,False,True,True,True,False,False
1454,2297.2,False,11,0,False,False,True,False,0,,False,False,False,False,False,False,False,False,False,False
1455,2298,False,11,0,False,False,True,False,0,,False,False,False,False,False,False,False,False,False,False
1456,2299,False,11,0,False,False,True,False,0,,False,False,False,False,False,False,False,False,False,False
1457,23,True,11,9,False,False,False,True,2,loan_burden_direction|loan_omitted,False,False,False,False,False,True,True,False,False,False
1458,230,False,11,1,False,False,False,True,1,flood_binary_omitted,False,True,False,False,False,False,False,False,False,False
1459,2300,False,11,0,False,False,True,False,0,,False,False,False,False,False,False,False,False,False,False
1460,2301,False,11,0,False,False,True,False,0,,False,False,False,False,False,False,False,False,False,False
1461,2302,False,11,0,False,False,True,False,0,,False,False,False,False,False,False,False,False,False,False
1462,2304,False,11,0,False,False,True,False,0,,False,False,False,False,False,False,False,False,False,False
1463,2305,False,11,0,False,False,True,False,0,,False,False,False,False,False,False,False,False,False,False
1464,2306,False,11,0,False,False,True,False,0,,False,False,False,False,False,False,False,False,False,False
1465,2307,False,11,0,False,False,True,False,0,,False,False,False,False,False,False,False,False,False,False
1466,2308.1,False,11,1,False,False,False,True,1,robust_p01_p99_bounds,False,False,False,False,False,False,False,True,False,False
1467,2308.2,False,11,0,False,False,True,False,0,,False,False,False,False,False,False,False,False,False,False
1468,2309,False,11,0,False,False,True,False,0,,False,False,False,False,False,False,False,False,False,False
1469,231,False,11,0,False,False,True,False,0,,False,False,False,False,False,False,False,False,False,False
1470,2310,False,11,0,False,False,True,False,0,,False,False,False,False,False,False,False,False,False,False
1471,2311.1,False,11,0,False,False,True,False,0,,False,False,False,False,False,False,False,False,False,False
1472,2311.2,True,11,7,False,False,False,True,4,equal_indicator_weights|flood_binary_omitted|loan_burden_direction|loan_omitted,True,True,False,False,False,True,True,False,False,False
1473,2312,False,11,2,False,False,False,True,2,equal_indicator_weights|flood_binary_omitted,True,True,False,False,False,False,False,False,False,False
1474,2313,True,11,7,False,False,False,True,4,equal_indicator_weights|flood_binary_omitted|loan_burden_direction|loan_omitted,True,True,False,False,False,True,True,False,False,False
1475,2314,False,11,0,False,False,True,False,0,,False,False,False,False,False,False,False,False,False,False
1476,2315,False,11,0,False,False,True,False,0,,False,False,False,False,False,False,False,False,False,False
1477,2316,False,11,0,False,False,True,False,0,,False,False,False,False,False,False,False,False,False,False
1478,2317,False,11,2,False,False,False,True,2,loan_burden_direction|robust_p01_p99_bounds,False,False,False,False,False,True,False,True,False,False
1479,2318,False,11,0,False,False,True,False,0,,False,False,False,False,False,False,False,False,False,False
1480,2319,False,11,1,False,False,False,True,1,flood_binary_omitted,False,True,False,False,False,False,False,False,False,False
1481,232,False,11,0,False,False,True,False,0,,False,False,False,False,False,False,False,False,False,False
1482,2320,True,11,11,True,True,False,False,0,,False,False,False,False,False,False,False,False,False,False
1483,2321,True,11,11,True,True,False,False,0,,False,False,False,False,False,False,False,False,False,False
1484,2322,True,11,11,True,True,False,False,0,,False,False,False,False,False,False,False,False,False,False
1485,2323,False,11,1,False,False,False,True,1,loan_burden_direction,False,False,False,False,False,True,False,False,False,False
1486,2324,True,11,11,True,True,False,False,0,,False,False,False,False,False,False,False,False,False,False
1487,2325,False,11,0,False,False,True,False,0,,False,False,False,False,False,False,False,False,False,False
1488,2327,True,11,7,False,False,False,True,4,flood_binary_omitted|loan_burden_direction|loan_omitted|robust_p01_p99_bounds,False,True,False,False,False,True,True,True,False,False
1489,2328,True,11,10,False,False,False,True,1,loan_burden_direction,False,False,False,False,False,True,False,False,False,False
1490,2329,True,11,11,True,True,False,False,0,,False,False,False,False,False,False,False,False,False,False
1491,233,False,11,0,False,False,True,False,0,,False,False,False,False,False,False,False,False,False,False
1492,2330,False,11,1,False,False,False,True,1,flood_binary_omitted,False,True,False,False,False,False,False,False,False,False
1493,2331,True,11,10,False,False,False,True,1,loan_burden_direction,False,False,False,False,False,True,False,False,False,False
1494,2332,False,11,0,False,False,True,False,0,,False,False,False,False,False,False,False,False,False,False
1495,2333,True,11,9,False,False,False,True,2,equal_indicator_weights|flood_binary_omitted,True,True,False,False,False,False,False,False,False,False
1496,2334,True,11,9,False,False,False,True,2,equal_indicator_weights|flood_binary_omitted,True,True,False,False,False,False,False,False,False,False
1497,2336,True,11,10,False,False,False,True,1,equal_indicator_weights,True,False,False,False,False,False,False,False,False,False
1498,2337,False,11,0,False,False,True,False,0,,False,False,False,False,False,False,False,False,False,False
1499,2338,False,11,0,False,False,True,False,0,,False,False,False,False,False,False,False,False,False,False
1500,2339.1,False,11,1,False,False,False,True,1,flood_binary_omitted,False,True,False,False,False,False,False,False,False,False
1501,2339.2,False,11,0,False,False,True,False,0,,False,False,False,False,False,False,False,False,False,False
1502,234,False,11,1,False,False,False,True,1,flood_binary_omitted,False,True,False,False,False,False,False,False,False,False
1503,2340,False,11,0,False,False,True,False,0,,False,False,False,False,False,False,False,False,False,False
1504,2341,False,11,1,False,False,False,True,1,flood_binary_omitted,False,True,False,False,False,False,False,False,False,False
1505,2342,True,11,8,False,False,False,True,3,equal_indicator_weights|flood_binary_omitted|robust_p01_p99_bounds,True,True,False,False,False,False,False,True,False,False
1506,2343,False,11,0,False,False,True,False,0,,False,False,False,False,False,False,False,False,False,False
1507,2344,False,11,0,False,False,True,False,0,,False,False,False,False,False,False,False,False,False,False
1508,2345,True,11,11,True,True,False,False,0,,False,False,False,False,False,False,False,False,False,False
1509,2346,True,11,11,True,True,False,False,0,,False,False,False,False,False,False,False,False,False,False
1510,2347,True,11,11,True,True,False,False,0,,False,False,False,False,False,False,False,False,False,False
1511,235,True,11,10,False,False,False,True,1,literacy_direction_reversed,False,False,False,True,False,False,False,False,False,False
1512,2350,True,11,11,True,True,False,False,0,,False,False,False,False,False,False,False,False,False,False
1513,2351,True,11,11,True,True,False,False,0,,False,False,False,False,False,False,False,False,False,False
1514,2352,True,11,6,False,False,False,True,5,equal_indicator_weights|flood_binary_omitted|loan_burden_direction|loan_omitted|robust_p01_p99_bounds,True,True,False,False,False,True,True,True,False,False
1515,2353,False,11,0,False,False,True,False,0,,False,False,False,False,False,False,False,False,False,False
1516,2354,False,11,2,False,False,False,True,2,equal_indicator_weights|flood_binary_omitted,True,True,False,False,False,False,False,False,False,False
1517,2355.1,True,11,11,True,True,False,False,0,,False,False,False,False,False,False,False,False,False,False
1518,2355.2,True,11,10,False,False,False,True,1,loan_burden_direction,False,False,False,False,False,True,False,False,False,False
1519,2356,True,11,11,True,True,False,False,0,,False,False,False,False,False,False,False,False,False,False
1520,2357,True,11,11,True,True,False,False,0,,False,False,False,False,False,False,False,False,False,False
1521,2358,True,11,8,False,False,False,True,3,flood_binary_omitted|literacy_direction_reversed|literacy_omitted,False,True,False,True,True,False,False,False,False,False
1522,2359,False,11,1,False,False,False,True,1,robust_p01_p99_bounds,False,False,False,False,False,False,False,True,False,False
1523,2360,False,11,1,False,False,False,True,1,flood_binary_omitted,False,True,False,False,False,False,False,False,False,False
1524,2361,True,11,11,True,True,False,False,0,,False,False,False,False,False,False,False,False,False,False
1525,2362,True,11,11,True,True,False,False,0,,False,False,False,False,False,False,False,False,False,False
1526,2363,True,11,11,True,True,False,False,0,,False,False,False,False,False,False,False,False,False,False
1527,2364,True,11,9,False,False,False,True,2,loan_burden_direction|loan_omitted,False,False,False,False,False,True,True,False,False,False
1528,2365,True,11,11,True,True,False,False,0,,False,False,False,False,False,False,False,False,False,False
1529,2366,True,11,10,False,False,False,True,1,loan_burden_direction,False,False,False,False,False,True,False,False,False,False
1530,2367,True,11,10,False,False,False,True,1,flood_binary_omitted,False,True,False,False,False,False,False,False,False,False
1531,2368,True,11,11,True,True,False,False,0,,False,False,False,False,False,False,False,False,False,False
1532,2369,True,11,11,True,True,False,False,0,,False,False,False,False,False,False,False,False,False,False
1533,2370,True,11,11,True,True,False,False,0,,False,False,False,False,False,False,False,False,False,False
1534,2371,True,11,10,False,False,False,True,1,loan_burden_direction,False,False,False,False,False,True,False,False,False,False
1535,2372,True,11,9,False,False,False,True,2,equal_indicator_weights|flood_binary_omitted,True,True,False,False,False,False,False,False,False,False
1536,2373,True,11,8,False,False,False,True,3,equal_indicator_weights|flood_binary_omitted|robust_p01_p99_bounds,True,True,False,False,False,False,False,True,False,False
1537,2374,False,11,1,False,False,False,True,1,flood_binary_omitted,False,True,False,False,False,False,False,False,False,False
1538,2375,True,11,8,False,False,False,True,3,equal_indicator_weights|flood_binary_omitted|robust_p01_p99_bounds,True,True,False,False,False,False,False,True,False,False
1539,2376,True,11,9,False,False,False,True,2,equal_indicator_weights|flood_binary_omitted,True,True,False,False,False,False,False,False,False,False
1540,2377,False,11,0,False,False,True,False,0,,False,False,False,False,False,False,False,False,False,False
1541,2378,True,11,8,False,False,False,True,3,flood_depth_omitted|literacy_direction_reversed|literacy_omitted,False,False,True,True,True,False,False,False,False,False
1542,2379,False,11,0,False,False,True,False,0,,False,False,False,False,False,False,False,False,False,False
1543,238,True,11,11,True,True,False,False,0,,False,False,False,False,False,False,False,False,False,False
1544,2380,False,11,0,False,False,True,False,0,,False,False,False,False,False,False,False,False,False,False
1545,2381.1,False,11,2,False,False,False,True,2,equal_indicator_weights|flood_binary_omitted,True,True,False,False,False,False,False,False,False,False
1546,2381.2,True,11,11,True,True,False,False,0,,False,False,False,False,False,False,False,False,False,False
1547,2381.3,True,11,10,False,False,False,True,1,loan_burden_direction,False,False,False,False,False,True,False,False,False,False
1548,2382.1,False,11,2,False,False,False,True,2,loan_burden_direction|robust_p01_p99_bounds,False,False,False,False,False,True,False,True,False,False
1549,2382.2,True,11,11,True,True,False,False,0,,False,False,False,False,False,False,False,False,False,False
1550,2383,True,11,9,False,False,False,True,2,equal_indicator_weights|flood_depth_omitted,True,False,True,False,False,False,False,False,False,False
1551,2384,True,11,11,True,True,False,False,0,,False,False,False,False,False,False,False,False,False,False
1552,2386,True,11,10,False,False,False,True,1,loan_burden_direction,False,False,False,False,False,True,False,False,False,False
1553,2387,False,11,5,False,False,False,True,5,literacy_direction_reversed|literacy_omitted|loan_burden_direction|loan_omitted|robust_p01_p99_bounds,False,False,False,True,True,True,True,True,False,False
1554,2388,True,11,11,True,True,False,False,0,,False,False,False,False,False,False,False,False,False,False
1555,2389,True,11,8,False,False,False,True,3,equal_indicator_weights|flood_binary_omitted|flood_depth_omitted,True,True,True,False,False,False,False,False,False,False
1556,239,True,11,11,True,True,False,False,0,,False,False,False,False,False,False,False,False,False,False
1557,2390,False,11,0,False,False,True,False,0,,False,False,False,False,False,False,False,False,False,False
1558,2391,True,11,11,True,True,False,False,0,,False,False,False,False,False,False,False,False,False,False
1559,2392,False,11,4,False,False,False,True,4,equal_indicator_weights|flood_binary_omitted|loan_burden_direction|loan_omitted,True,True,False,False,False,True,True,False,False,False
1560,2393,False,11,0,False,False,True,False,0,,False,False,False,False,False,False,False,False,False,False
1561,2394,False,11,1,False,False,False,True,1,loan_burden_direction,False,False,False,False,False,True,False,False,False,False
1562,2396,False,11,0,False,False,True,False,0,,False,False,False,False,False,False,False,False,False,False
1563,2397,False,11,2,False,False,False,True,2,equal_indicator_weights|flood_binary_omitted,True,True,False,False,False,False,False,False,False,False
1564,2398,False,11,0,False,False,True,False,0,,False,False,False,False,False,False,False,False,False,False
1565,24,False,11,0,False,False,True,False,0,,False,False,False,False,False,False,False,False,False,False
1566,240.1,False,11,0,False,False,True,False,0,,False,False,False,False,False,False,False,False,False,False
1567,240.2,False,11,0,False,False,True,False,0,,False,False,False,False,False,False,False,False,False,False
1568,2400,False,11,0,False,False,True,False,0,,False,False,False,False,False,False,False,False,False,False
1569,2403.1,True,11,10,False,False,False,True,1,flood_binary_omitted,False,True,False,False,False,False,False,False,False,False
1570,2403.2,False,11,0,False,False,True,False,0,,False,False,False,False,False,False,False,False,False,False
1571,2404.1,True,11,9,False,False,False,True,2,equal_indicator_weights|flood_binary_omitted,True,True,False,False,False,False,False,False,False,False
1572,2404.2,True,11,10,False,False,False,True,1,flood_binary_omitted,False,True,False,False,False,False,False,False,False,False
1573,2405,False,11,3,False,False,False,True,3,literacy_direction_reversed|loan_burden_direction|loan_omitted,False,False,False,True,False,True,True,False,False,False
1574,2406,False,11,4,False,False,False,True,4,literacy_direction_reversed|literacy_omitted|loan_burden_direction|loan_omitted,False,False,False,True,True,True,True,False,False,False
1575,2409,False,11,5,False,False,False,True,5,flood_depth_omitted|literacy_direction_reversed|literacy_omitted|loan_burden_direction|loan_omitted,False,False,True,True,True,True,True,False,False,False
1576,241,False,11,0,False,False,True,False,0,,False,False,False,False,False,False,False,False,False,False
1577,2410,False,11,0,False,False,True,False,0,,False,False,False,False,False,False,False,False,False,False
1578,2412,False,11,2,False,False,False,True,2,equal_indicator_weights|flood_binary_omitted,True,True,False,False,False,False,False,False,False,False
1579,2413,False,11,0,False,False,True,False,0,,False,False,False,False,False,False,False,False,False,False
1580,2414,False,11,4,False,False,False,True,4,flood_depth_omitted|literacy_direction_reversed|literacy_omitted|robust_p01_p99_bounds,False,False,True,True,True,False,False,True,False,False
1581,2415,True,11,10,False,False,False,True,1,flood_binary_omitted,False,True,False,False,False,False,False,False,False,False
1582,2416,False,11,0,False,False,True,False,0,,False,False,False,False,False,False,False,False,False,False
1583,2417.1,False,11,6,False,False,False,True,6,flood_depth_omitted|literacy_direction_reversed|literacy_omitted|loan_burden_direction|loan_omitted|robust_p01_p99_bounds,False,False,True,True,True,True,True,True,False,False
1584,2417.2,False,11,2,False,False,False,True,2,equal_indicator_weights|flood_binary_omitted,True,True,False,False,False,False,False,False,False,False
1585,2417.3,True,11,11,True,True,False,False,0,,False,False,False,False,False,False,False,False,False,False
1586,2418,True,11,9,False,False,False,True,2,equal_indicator_weights|flood_binary_omitted,True,True,False,False,False,False,False,False,False,False
1587,2419,True,11,9,False,False,False,True,2,loan_burden_direction|loan_omitted,False,False,False,False,False,True,True,False,False,False
1588,242,False,11,0,False,False,True,False,0,,False,False,False,False,False,False,False,False,False,False
1589,2420,False,11,1,False,False,False,True,1,loan_burden_direction,False,False,False,False,False,True,False,False,False,False
1590,2421,False,11,3,False,False,False,True,3,literacy_direction_reversed|loan_burden_direction|robust_p01_p99_bounds,False,False,False,True,False,True,False,True,False,False
1591,2422,False,11,0,False,False,True,False,0,,False,False,False,False,False,False,False,False,False,False
1592,2423,False,11,4,False,False,False,True,4,flood_depth_omitted|literacy_direction_reversed|literacy_omitted|robust_p01_p99_bounds,False,False,True,True,True,False,False,True,False,False
1593,2424,False,11,0,False,False,True,False,0,,False,False,False,False,False,False,False,False,False,False
1594,2425,False,11,0,False,False,True,False,0,,False,False,False,False,False,False,False,False,False,False
1595,2426,False,11,6,False,False,False,True,6,flood_depth_omitted|literacy_direction_reversed|literacy_omitted|loan_burden_direction|loan_omitted|robust_p01_p99_bounds,False,False,True,True,True,True,True,True,False,False
1596,2427,True,11,10,False,False,False,True,1,loan_burden_direction,False,False,False,False,False,True,False,False,False,False
1597,2428,False,11,0,False,False,True,False,0,,False,False,False,False,False,False,False,False,False,False
1598,2429,False,11,2,False,False,False,True,2,loan_burden_direction|loan_omitted,False,False,False,False,False,True,True,False,False,False
1599,243,False,11,0,False,False,True,False,0,,False,False,False,False,False,False,False,False,False,False
1600,2430,False,11,0,False,False,True,False,0,,False,False,False,False,False,False,False,False,False,False
1601,2432,True,11,10,False,False,False,True,1,flood_binary_omitted,False,True,False,False,False,False,False,False,False,False
1602,2433,True,11,11,True,True,False,False,0,,False,False,False,False,False,False,False,False,False,False
1603,2434,True,11,9,False,False,False,True,2,loan_burden_direction|loan_omitted,False,False,False,False,False,True,True,False,False,False
1604,2435,False,11,0,False,False,True,False,0,,False,False,False,False,False,False,False,False,False,False
1605,2436,True,11,8,False,False,False,True,3,flood_binary_omitted|literacy_direction_reversed|robust_p01_p99_bounds,False,True,False,True,False,False,False,True,False,False
1606,2437,False,11,0,False,False,True,False,0,,False,False,False,False,False,False,False,False,False,False
1607,2438,True,11,5,False,False,False,True,6,flood_depth_omitted|literacy_direction_reversed|literacy_omitted|loan_burden_direction|loan_omitted|robust_p01_p99_bounds,False,False,True,True,True,True,True,True,False,False
1608,244,False,11,0,False,False,True,False,0,,False,False,False,False,False,False,False,False,False,False
1609,2440,False,11,0,False,False,True,False,0,,False,False,False,False,False,False,False,False,False,False
1610,2441,False,11,0,False,False,True,False,0,,False,False,False,False,False,False,False,False,False,False
1611,2442,True,11,10,False,False,False,True,1,flood_binary_omitted,False,True,False,False,False,False,False,False,False,False
1612,2443,False,11,0,False,False,True,False,0,,False,False,False,False,False,False,False,False,False,False
1613,2444,False,11,0,False,False,True,False,0,,False,False,False,False,False,False,False,False,False,False
1614,2445,True,11,8,False,False,False,True,3,equal_indicator_weights|flood_binary_omitted|robust_p01_p99_bounds,True,True,False,False,False,False,False,True,False,False
1615,2446.1,False,11,5,False,False,False,True,5,literacy_direction_reversed|literacy_omitted|loan_burden_direction|loan_omitted|robust_p01_p99_bounds,False,False,False,True,True,True,True,True,False,False
1616,2446.2,False,11,0,False,False,True,False,0,,False,False,False,False,False,False,False,False,False,False
1617,2448,True,11,11,True,True,False,False,0,,False,False,False,False,False,False,False,False,False,False
1618,2449,False,11,2,False,False,False,True,2,literacy_direction_reversed|loan_burden_direction,False,False,False,True,False,True,False,False,False,False
1619,245,False,11,3,False,False,False,True,3,literacy_direction_reversed|loan_burden_direction|loan_omitted,False,False,False,True,False,True,True,False,False,False
1620,2450,True,11,9,False,False,False,True,2,equal_indicator_weights|flood_binary_omitted,True,True,False,False,False,False,False,False,False,False
1621,2451,False,11,0,False,False,True,False,0,,False,False,False,False,False,False,False,False,False,False
1622,2452,True,11,11,True,True,False,False,0,,False,False,False,False,False,False,False,False,False,False
1623,2453,True,11,11,True,True,False,False,0,,False,False,False,False,False,False,False,False,False,False
1624,2454,True,11,10,False,False,False,True,1,loan_burden_direction,False,False,False,False,False,True,False,False,False,False
1625,2455,True,11,11,True,True,False,False,0,,False,False,False,False,False,False,False,False,False,False
1626,2456,True,11,9,False,False,False,True,2,equal_indicator_weights|flood_binary_omitted,True,True,False,False,False,False,False,False,False,False
1627,2457,False,11,5,False,False,False,True,5,equal_indicator_weights|flood_binary_omitted|literacy_direction_reversed|literacy_omitted|robust_p01_p99_bounds,True,True,False,True,True,False,False,True,False,False
1628,2458,True,11,9,False,False,False,True,2,equal_indicator_weights|flood_binary_omitted,True,True,False,False,False,False,False,False,False,False
1629,2459,True,11,11,True,True,False,False,0,,False,False,False,False,False,False,False,False,False,False
1630,246,True,11,11,True,True,False,False,0,,False,False,False,False,False,False,False,False,False,False
1631,2460,True,11,5,False,False,False,True,6,flood_depth_omitted|literacy_direction_reversed|literacy_omitted|loan_burden_direction|loan_omitted|robust_p01_p99_bounds,False,False,True,True,True,True,True,True,False,False
1632,2461,True,11,5,False,False,False,True,6,flood_depth_omitted|literacy_direction_reversed|literacy_omitted|loan_burden_direction|loan_omitted|robust_p01_p99_bounds,False,False,True,True,True,True,True,True,False,False
1633,2462,False,11,0,False,False,True,False,0,,False,False,False,False,False,False,False,False,False,False
1634,2463,True,11,10,False,False,False,True,1,flood_binary_omitted,False,True,False,False,False,False,False,False,False,False
1635,2464,False,11,0,False,False,True,False,0,,False,False,False,False,False,False,False,False,False,False
1636,2465,True,11,10,False,False,False,True,1,loan_burden_direction,False,False,False,False,False,True,False,False,False,False
1637,2466,False,11,0,False,False,True,False,0,,False,False,False,False,False,False,False,False,False,False
1638,2467,False,11,0,False,False,True,False,0,,False,False,False,False,False,False,False,False,False,False
1639,2469,False,11,0,False,False,True,False,0,,False,False,False,False,False,False,False,False,False,False
1640,247,False,11,1,False,False,False,True,1,flood_binary_omitted,False,True,False,False,False,False,False,False,False,False
1641,2470,False,11,0,False,False,True,False,0,,False,False,False,False,False,False,False,False,False,False
1642,2471,False,11,0,False,False,True,False,0,,False,False,False,False,False,False,False,False,False,False
1643,2472,True,11,7,False,False,False,True,4,flood_binary_omitted|loan_burden_direction|loan_omitted|robust_p01_p99_bounds,False,True,False,False,False,True,True,True,False,False
1644,2473,False,11,1,False,False,False,True,1,flood_binary_omitted,False,True,False,False,False,False,False,False,False,False
1645,2474,False,11,0,False,False,True,False,0,,False,False,False,False,False,False,False,False,False,False
1646,2475,False,11,0,False,False,True,False,0,,False,False,False,False,False,False,False,False,False,False
1647,2476,False,11,0,False,False,True,False,0,,False,False,False,False,False,False,False,False,False,False
1648,2477,False,11,0,False,False,True,False,0,,False,False,False,False,False,False,False,False,False,False
1649,2478,False,11,0,False,False,True,False,0,,False,False,False,False,False,False,False,False,False,False
1650,2479,False,11,0,False,False,True,False,0,,False,False,False,False,False,False,False,False,False,False
1651,248,False,11,0,False,False,True,False,0,,False,False,False,False,False,False,False,False,False,False
1652,2480,False,11,1,False,False,False,True,1,loan_burden_direction,False,False,False,False,False,True,False,False,False,False
1653,2481.1,True,11,11,True,True,False,False,0,,False,False,False,False,False,False,False,False,False,False
1654,2481.2,True,11,10,False,False,False,True,1,loan_burden_direction,False,False,False,False,False,True,False,False,False,False
1655,2481.3,False,11,0,False,False,True,False,0,,False,False,False,False,False,False,False,False,False,False
1656,2482,False,11,0,False,False,True,False,0,,False,False,False,False,False,False,False,False,False,False
1657,2483,False,11,0,False,False,True,False,0,,False,False,False,False,False,False,False,False,False,False
1658,2485,True,11,10,False,False,False,True,1,loan_burden_direction,False,False,False,False,False,True,False,False,False,False
1659,2486,False,11,4,False,False,False,True,4,literacy_direction_reversed|literacy_omitted|loan_burden_direction|loan_omitted,False,False,False,True,True,True,True,False,False,False
1660,2487,False,11,0,False,False,True,False,0,,False,False,False,False,False,False,False,False,False,False
1661,2488,False,11,0,False,False,True,False,0,,False,False,False,False,False,False,False,False,False,False
1662,2489,False,11,0,False,False,True,False,0,,False,False,False,False,False,False,False,False,False,False
1663,249,False,11,0,False,False,True,False,0,,False,False,False,False,False,False,False,False,False,False
1664,2490,True,11,7,False,False,False,True,4,flood_binary_omitted|loan_burden_direction|loan_omitted|robust_p01_p99_bounds,False,True,False,False,False,True,True,True,False,False
1665,2491,False,11,3,False,False,False,True,3,literacy_direction_reversed|loan_burden_direction|robust_p01_p99_bounds,False,False,False,True,False,True,False,True,False,False
1666,2492,True,11,7,False,False,False,True,4,flood_binary_omitted|literacy_direction_reversed|literacy_omitted|robust_p01_p99_bounds,False,True,False,True,True,False,False,True,False,False
1667,2493,False,11,4,False,False,False,True,4,literacy_direction_reversed|loan_burden_direction|loan_omitted|robust_p01_p99_bounds,False,False,False,True,False,True,True,True,False,False
1668,2494,False,11,1,False,False,False,True,1,flood_binary_omitted,False,True,False,False,False,False,False,False,False,False
1669,2495,False,11,0,False,False,True,False,0,,False,False,False,False,False,False,False,False,False,False
1670,2496,False,11,1,False,False,False,True,1,flood_binary_omitted,False,True,False,False,False,False,False,False,False,False
1671,2497,False,11,0,False,False,True,False,0,,False,False,False,False,False,False,False,False,False,False
1672,2498,True,11,10,False,False,False,True,1,loan_burden_direction,False,False,False,False,False,True,False,False,False,False
1673,2499,False,11,1,False,False,False,True,1,robust_p01_p99_bounds,False,False,False,False,False,False,False,True,False,False
1674,250,True,11,9,False,False,False,True,2,equal_indicator_weights|flood_binary_omitted,True,True,False,False,False,False,False,False,False,False
1675,2500,True,11,11,True,True,False,False,0,,False,False,False,False,False,False,False,False,False,False
1676,2501,True,11,7,False,False,False,True,4,equal_indicator_weights|flood_binary_omitted|loan_burden_direction|loan_omitted,True,True,False,False,False,True,True,False,False,False
1677,2502,False,11,0,False,False,True,False,0,,False,False,False,False,False,False,False,False,False,False
1678,2503,False,11,0,False,False,True,False,0,,False,False,False,False,False,False,False,False,False,False
1679,2504,False,11,0,False,False,True,False,0,,False,False,False,False,False,False,False,False,False,False
1680,2505,False,11,0,False,False,True,False,0,,False,False,False,False,False,False,False,False,False,False
1681,2507,False,11,0,False,False,True,False,0,,False,False,False,False,False,False,False,False,False,False
1682,2508,False,11,0,False,False,True,False,0,,False,False,False,False,False,False,False,False,False,False
1683,2509,False,11,0,False,False,True,False,0,,False,False,False,False,False,False,False,False,False,False
1684,251,False,11,0,False,False,True,False,0,,False,False,False,False,False,False,False,False,False,False
1685,2510,False,11,0,False,False,True,False,0,,False,False,False,False,False,False,False,False,False,False
1686,2511.1,False,11,0,False,False,True,False,0,,False,False,False,False,False,False,False,False,False,False
1687,2511.2,True,11,7,False,False,False,True,4,flood_binary_omitted|loan_burden_direction|loan_omitted|robust_p01_p99_bounds,False,True,False,False,False,True,True,True,False,False
1688,2512.1,True,11,9,False,False,False,True,2,equal_indicator_weights|flood_binary_omitted,True,True,False,False,False,False,False,False,False,False
1689,2512.2,False,11,0,False,False,True,False,0,,False,False,False,False,False,False,False,False,False,False
1690,2513,False,11,0,False,False,True,False,0,,False,False,False,False,False,False,False,False,False,False
1691,2514,True,11,8,False,False,False,True,3,flood_binary_omitted|loan_burden_direction|loan_omitted,False,True,False,False,False,True,True,False,False,False
1692,2515,False,11,0,False,False,True,False,0,,False,False,False,False,False,False,False,False,False,False
1693,2516,False,11,0,False,False,True,False,0,,False,False,False,False,False,False,False,False,False,False
1694,2517,False,11,0,False,False,True,False,0,,False,False,False,False,False,False,False,False,False,False
1695,2518,False,10,2,False,False,False,True,2,equal_indicator_weights|flood_binary_omitted,True,True,False,False,False,False,False,False,False,False
1696,2519,False,11,0,False,False,True,False,0,,False,False,False,False,False,False,False,False,False,False
1697,252,True,11,11,True,True,False,False,0,,False,False,False,False,False,False,False,False,False,False
1698,2521,False,11,2,False,False,False,True,2,equal_indicator_weights|flood_binary_omitted,True,True,False,False,False,False,False,False,False,False
1699,2522,False,11,0,False,False,True,False,0,,False,False,False,False,False,False,False,False,False,False
1700,2523,False,11,0,False,False,True,False,0,,False,False,False,False,False,False,False,False,False,False
1701,2524.1,False,11,0,False,False,True,False,0,,False,False,False,False,False,False,False,False,False,False
1702,2524.2,False,11,2,False,False,False,True,2,equal_indicator_weights|flood_binary_omitted,True,True,False,False,False,False,False,False,False,False
1703,2525,False,11,0,False,False,True,False,0,,False,False,False,False,False,False,False,False,False,False
1704,2526,True,11,8,False,False,False,True,3,flood_binary_omitted|loan_burden_direction|loan_omitted,False,True,False,False,False,True,True,False,False,False
1705,2527,False,11,0,False,False,True,False,0,,False,False,False,False,False,False,False,False,False,False
1706,2528,False,11,0,False,False,True,False,0,,False,False,False,False,False,False,False,False,False,False
1707,2529,True,11,7,False,False,False,True,4,equal_indicator_weights|flood_depth_omitted|loan_burden_direction|loan_omitted,True,False,True,False,False,True,True,False,False,False
1708,2530,True,11,7,False,False,False,True,4,flood_depth_omitted|literacy_direction_reversed|loan_burden_direction|loan_omitted,False,False,True,True,False,True,True,False,False,False
1709,2531,False,11,0,False,False,True,False,0,,False,False,False,False,False,False,False,False,False,False
1710,2532,False,11,0,False,False,True,False,0,,False,False,False,False,False,False,False,False,False,False
1711,2533,False,11,0,False,False,True,False,0,,False,False,False,False,False,False,False,False,False,False
1712,2534.1,False,11,0,False,False,True,False,0,,False,False,False,False,False,False,False,False,False,False
1713,2534.2,False,11,0,False,False,True,False,0,,False,False,False,False,False,False,False,False,False,False
1714,2535,False,11,0,False,False,True,False,0,,False,False,False,False,False,False,False,False,False,False
1715,2536,False,11,2,False,False,False,True,2,equal_indicator_weights|flood_binary_omitted,True,True,False,False,False,False,False,False,False,False
1716,2537,False,11,0,False,False,True,False,0,,False,False,False,False,False,False,False,False,False,False
1717,2538,False,11,0,False,False,True,False,0,,False,False,False,False,False,False,False,False,False,False
1718,2539,False,11,0,False,False,True,False,0,,False,False,False,False,False,False,False,False,False,False
1719,254,False,11,1,False,False,False,True,1,flood_binary_omitted,False,True,False,False,False,False,False,False,False,False
1720,2540,False,11,0,False,False,True,False,0,,False,False,False,False,False,False,False,False,False,False
1721,2541,False,11,2,False,False,False,True,2,equal_indicator_weights|flood_binary_omitted,True,True,False,False,False,False,False,False,False,False
1722,2542,False,11,4,False,False,False,True,4,literacy_direction_reversed|literacy_omitted|loan_burden_direction|loan_omitted,False,False,False,True,True,True,True,False,False,False
1723,2543,False,11,0,False,False,True,False,0,,False,False,False,False,False,False,False,False,False,False
1724,2544,False,11,0,False,False,True,False,0,,False,False,False,False,False,False,False,False,False,False
1725,2546.1,False,11,5,False,False,False,True,5,literacy_direction_reversed|literacy_omitted|loan_burden_direction|loan_omitted|robust_p01_p99_bounds,False,False,False,True,True,True,True,True,False,False
1726,2546.2,True,11,11,True,True,False,False,0,,False,False,False,False,False,False,False,False,False,False
1727,2547,True,11,10,False,False,False,True,1,loan_burden_direction,False,False,False,False,False,True,False,False,False,False
1728,2548,False,11,6,False,False,False,True,6,equal_indicator_weights|flood_depth_omitted|literacy_direction_reversed|literacy_omitted|loan_burden_direction|loan_omitted,True,False,True,True,True,True,True,False,False,False
1729,2549,False,11,1,False,False,False,True,1,loan_burden_direction,False,False,False,False,False,True,False,False,False,False
1730,255,True,11,9,False,False,False,True,2,equal_indicator_weights|flood_binary_omitted,True,True,False,False,False,False,False,False,False,False
1731,2550,False,11,0,False,False,True,False,0,,False,False,False,False,False,False,False,False,False,False
1732,2551.1,True,11,11,True,True,False,False,0,,False,False,False,False,False,False,False,False,False,False
1733,2551.2,True,11,11,True,True,False,False,0,,False,False,False,False,False,False,False,False,False,False
1734,2552,False,11,0,False,False,True,False,0,,False,False,False,False,False,False,False,False,False,False
1735,2553,True,11,11,True,True,False,False,0,,False,False,False,False,False,False,False,False,False,False
1736,2554,True,11,10,False,False,False,True,1,flood_binary_omitted,False,True,False,False,False,False,False,False,False,False
1737,2555,True,11,11,True,True,False,False,0,,False,False,False,False,False,False,False,False,False,False
1738,2556,True,11,10,False,False,False,True,1,equal_indicator_weights,True,False,False,False,False,False,False,False,False,False
1739,2557,True,11,5,False,False,False,True,6,flood_depth_omitted|literacy_direction_reversed|literacy_omitted|loan_burden_direction|loan_omitted|robust_p01_p99_bounds,False,False,True,True,True,True,True,True,False,False
1740,2558,False,11,0,False,False,True,False,0,,False,False,False,False,False,False,False,False,False,False
1741,2559,False,11,3,False,False,False,True,3,literacy_direction_reversed|loan_burden_direction|loan_omitted,False,False,False,True,False,True,True,False,False,False
1742,256,False,11,0,False,False,True,False,0,,False,False,False,False,False,False,False,False,False,False
1743,2560,True,11,10,False,False,False,True,1,loan_burden_direction,False,False,False,False,False,True,False,False,False,False
1744,2561,False,11,1,False,False,False,True,1,loan_burden_direction,False,False,False,False,False,True,False,False,False,False
1745,2563,False,11,3,False,False,False,True,3,literacy_direction_reversed|loan_burden_direction|loan_omitted,False,False,False,True,False,True,True,False,False,False
1746,2564.1,False,11,0,False,False,True,False,0,,False,False,False,False,False,False,False,False,False,False
1747,2564.2,False,11,0,False,False,True,False,0,,False,False,False,False,False,False,False,False,False,False
1748,2565,False,11,0,False,False,True,False,0,,False,False,False,False,False,False,False,False,False,False
1749,2566,False,11,0,False,False,True,False,0,,False,False,False,False,False,False,False,False,False,False
1750,2567.1,False,11,1,False,False,False,True,1,loan_burden_direction,False,False,False,False,False,True,False,False,False,False
1751,2567.2,False,11,2,False,False,False,True,2,equal_indicator_weights|flood_binary_omitted,True,True,False,False,False,False,False,False,False,False
1752,2568,False,11,0,False,False,True,False,0,,False,False,False,False,False,False,False,False,False,False
1753,2569,False,11,0,False,False,True,False,0,,False,False,False,False,False,False,False,False,False,False
1754,257,False,11,0,False,False,True,False,0,,False,False,False,False,False,False,False,False,False,False
1755,2570,False,11,2,False,False,False,True,2,literacy_direction_reversed|loan_burden_direction,False,False,False,True,False,True,False,False,False,False
1756,2571,True,11,7,False,False,False,True,4,flood_binary_omitted|loan_burden_direction|loan_omitted|robust_p01_p99_bounds,False,True,False,False,False,True,True,True,False,False
1757,2572,False,11,3,False,False,False,True,3,literacy_direction_reversed|loan_burden_direction|loan_omitted,False,False,False,True,False,True,True,False,False,False
1758,2573,True,11,7,False,False,False,True,4,equal_indicator_weights|flood_binary_omitted|literacy_direction_reversed|literacy_omitted,True,True,False,True,True,False,False,False,False,False
1759,2574,True,11,7,False,False,False,True,4,flood_binary_omitted|literacy_direction_reversed|loan_burden_direction|loan_omitted,False,True,False,True,False,True,True,False,False,False
1760,2575,False,11,0,False,False,True,False,0,,False,False,False,False,False,False,False,False,False,False
1761,2576,False,11,0,False,False,True,False,0,,False,False,False,False,False,False,False,False,False,False
1762,2577,True,11,7,False,False,False,True,4,equal_indicator_weights|flood_binary_omitted|literacy_direction_reversed|literacy_omitted,True,True,False,True,True,False,False,False,False,False
1763,2578,False,11,0,False,False,True,False,0,,False,False,False,False,False,False,False,False,False,False
1764,2579,False,11,0,False,False,True,False,0,,False,False,False,False,False,False,False,False,False,False
1765,258,False,11,0,False,False,True,False,0,,False,False,False,False,False,False,False,False,False,False
1766,2582,True,11,9,False,False,False,True,2,equal_indicator_weights|flood_binary_omitted,True,True,False,False,False,False,False,False,False,False
1767,2583,False,11,2,False,False,False,True,2,loan_burden_direction|loan_omitted,False,False,False,False,False,True,True,False,False,False
1768,2584,False,11,4,False,False,False,True,4,literacy_direction_reversed|literacy_omitted|loan_burden_direction|loan_omitted,False,False,False,True,True,True,True,False,False,False
1769,2585,False,11,1,False,False,False,True,1,loan_burden_direction,False,False,False,False,False,True,False,False,False,False
1770,2586,False,11,0,False,False,True,False,0,,False,False,False,False,False,False,False,False,False,False
1771,2587,False,11,1,False,False,False,True,1,flood_binary_omitted,False,True,False,False,False,False,False,False,False,False
1772,2588,True,11,7,False,False,False,True,4,equal_indicator_weights|flood_binary_omitted|literacy_direction_reversed|literacy_omitted,True,True,False,True,True,False,False,False,False,False
1773,2589,False,11,4,False,False,False,True,4,flood_depth_omitted|literacy_direction_reversed|literacy_omitted|robust_p01_p99_bounds,False,False,True,True,True,False,False,True,False,False
1774,259,True,11,9,False,False,False,True,2,equal_indicator_weights|flood_binary_omitted,True,True,False,False,False,False,False,False,False,False
1775,2590,True,11,8,False,False,False,True,3,flood_binary_omitted|loan_burden_direction|loan_omitted,False,True,False,False,False,True,True,False,False,False
1776,2591,True,11,10,False,False,False,True,1,flood_binary_omitted,False,True,False,False,False,False,False,False,False,False
1777,2592,False,11,0,False,False,True,False,0,,False,False,False,False,False,False,False,False,False,False
1778,2593,False,11,0,False,False,True,False,0,,False,False,False,False,False,False,False,False,False,False
1779,2594,False,11,2,False,False,False,True,2,loan_burden_direction|robust_p01_p99_bounds,False,False,False,False,False,True,False,True,False,False
1780,2595,False,11,1,False,False,False,True,1,loan_burden_direction,False,False,False,False,False,True,False,False,False,False
1781,2596,True,11,5,False,False,False,True,6,flood_depth_omitted|literacy_direction_reversed|literacy_omitted|loan_burden_direction|loan_omitted|robust_p01_p99_bounds,False,False,True,True,True,True,True,True,False,False
1782,2597,True,11,11,True,True,False,False,0,,False,False,False,False,False,False,False,False,False,False
1783,2598,True,11,11,True,True,False,False,0,,False,False,False,False,False,False,False,False,False,False
1784,2599,False,11,5,False,False,False,True,5,equal_indicator_weights|flood_binary_omitted|loan_burden_direction|loan_omitted|robust_p01_p99_bounds,True,True,False,False,False,True,True,True,False,False
1785,26,False,11,0,False,False,True,False,0,,False,False,False,False,False,False,False,False,False,False
1786,260,False,11,1,False,False,False,True,1,flood_binary_omitted,False,True,False,False,False,False,False,False,False,False
1787,2600,True,11,10,False,False,False,True,1,loan_burden_direction,False,False,False,False,False,True,False,False,False,False
1788,2601,True,11,5,False,False,False,True,6,flood_depth_omitted|literacy_direction_reversed|literacy_omitted|loan_burden_direction|loan_omitted|robust_p01_p99_bounds,False,False,True,True,True,True,True,True,False,False
1789,2602,False,11,3,False,False,False,True,3,flood_depth_omitted|loan_burden_direction|loan_omitted,False,False,True,False,False,True,True,False,False,False
1790,2603,True,11,8,False,False,False,True,3,literacy_direction_reversed|literacy_omitted|loan_burden_direction,False,False,False,True,True,True,False,False,False,False
1791,2604,True,11,7,False,False,False,True,4,flood_binary_omitted|literacy_direction_reversed|literacy_omitted|robust_p01_p99_bounds,False,True,False,True,True,False,False,True,False,False
1792,2605,False,11,0,False,False,True,False,0,,False,False,False,False,False,False,False,False,False,False
1793,2606,True,11,7,False,False,False,True,4,equal_indicator_weights|flood_binary_omitted|loan_burden_direction|loan_omitted,True,True,False,False,False,True,True,False,False,False
1794,2608,False,11,1,False,False,False,True,1,flood_binary_omitted,False,True,False,False,False,False,False,False,False,False
1795,2609,True,11,10,False,False,False,True,1,loan_burden_direction,False,False,False,False,False,True,False,False,False,False
1796,261,False,11,0,False,False,True,False,0,,False,False,False,False,False,False,False,False,False,False
1797,2610,True,11,9,False,False,False,True,2,loan_burden_direction|loan_omitted,False,False,False,False,False,True,True,False,False,False
1798,2611,True,11,11,True,True,False,False,0,,False,False,False,False,False,False,False,False,False,False
1799,2612,False,11,0,False,False,True,False,0,,False,False,False,False,False,False,False,False,False,False
1800,2613,False,11,1,False,False,False,True,1,loan_burden_direction,False,False,False,False,False,True,False,False,False,False
1801,2614,False,11,4,False,False,False,True,4,equal_indicator_weights|flood_binary_omitted|literacy_direction_reversed|literacy_omitted,True,True,False,True,True,False,False,False,False,False
1802,2615,False,11,0,False,False,True,False,0,,False,False,False,False,False,False,False,False,False,False
1803,2616,False,11,2,False,False,False,True,2,equal_indicator_weights|flood_binary_omitted,True,True,False,False,False,False,False,False,False,False
1804,2617,False,11,0,False,False,True,False,0,,False,False,False,False,False,False,False,False,False,False
1805,2618,False,11,2,False,False,False,True,2,flood_binary_omitted|loan_burden_direction,False,True,False,False,False,True,False,False,False,False
1806,2619.1,True,11,7,False,False,False,True,4,flood_depth_omitted|literacy_direction_reversed|loan_burden_direction|loan_omitted,False,False,True,True,False,True,True,False,False,False
1807,2619.2,True,11,11,True,True,False,False,0,,False,False,False,False,False,False,False,False,False,False
1808,262,False,11,0,False,False,True,False,0,,False,False,False,False,False,False,False,False,False,False
1809,2620,False,11,0,False,False,True,False,0,,False,False,False,False,False,False,False,False,False,False
1810,2621,False,11,0,False,False,True,False,0,,False,False,False,False,False,False,False,False,False,False
1811,2622.1,False,11,0,False,False,True,False,0,,False,False,False,False,False,False,False,False,False,False
1812,2622.2,False,11,0,False,False,True,False,0,,False,False,False,False,False,False,False,False,False,False
1813,2623,False,11,2,False,False,False,True,2,literacy_direction_reversed|loan_burden_direction,False,False,False,True,False,True,False,False,False,False
1814,2624,False,11,4,False,False,False,True,4,equal_indicator_weights|flood_binary_omitted|literacy_direction_reversed|literacy_omitted,True,True,False,True,True,False,False,False,False,False
1815,2625,False,11,3,False,False,False,True,3,equal_indicator_weights|flood_binary_omitted|literacy_omitted,True,True,False,False,True,False,False,False,False,False
1816,2626.1,True,11,11,True,True,False,False,0,,False,False,False,False,False,False,False,False,False,False
1817,2626.2,True,11,11,True,True,False,False,0,,False,False,False,False,False,False,False,False,False,False
1818,2627,False,11,2,False,False,False,True,2,equal_indicator_weights|flood_binary_omitted,True,True,False,False,False,False,False,False,False,False
1819,2628,False,11,1,False,False,False,True,1,flood_binary_omitted,False,True,False,False,False,False,False,False,False,False
1820,2629.1,False,11,1,False,False,False,True,1,flood_binary_omitted,False,True,False,False,False,False,False,False,False,False
1821,2629.2,False,11,1,False,False,False,True,1,flood_binary_omitted,False,True,False,False,False,False,False,False,False,False
1822,263,False,11,0,False,False,True,False,0,,False,False,False,False,False,False,False,False,False,False
1823,2630,False,11,0,False,False,True,False,0,,False,False,False,False,False,False,False,False,False,False
1824,2631,False,11,0,False,False,True,False,0,,False,False,False,False,False,False,False,False,False,False
1825,2632,False,11,0,False,False,True,False,0,,False,False,False,False,False,False,False,False,False,False
1826,2633.1,True,11,10,False,False,False,True,1,flood_binary_omitted,False,True,False,False,False,False,False,False,False,False
1827,2633.2,True,11,11,True,True,False,False,0,,False,False,False,False,False,False,False,False,False,False
1828,2634.1,True,11,8,False,False,False,True,3,equal_indicator_weights|flood_binary_omitted|flood_depth_omitted,True,True,True,False,False,False,False,False,False,False
1829,2634.2,False,11,0,False,False,True,False,0,,False,False,False,False,False,False,False,False,False,False
1830,2635,True,11,11,True,True,False,False,0,,False,False,False,False,False,False,False,False,False,False
1831,2636,True,11,10,False,False,False,True,1,loan_burden_direction,False,False,False,False,False,True,False,False,False,False
1832,2637,False,11,0,False,False,True,False,0,,False,False,False,False,False,False,False,False,False,False
1833,2638,True,11,11,True,True,False,False,0,,False,False,False,False,False,False,False,False,False,False
1834,2639,False,11,0,False,False,True,False,0,,False,False,False,False,False,False,False,False,False,False
1835,264,False,11,0,False,False,True,False,0,,False,False,False,False,False,False,False,False,False,False
1836,2640,True,11,7,False,False,False,True,4,equal_indicator_weights|flood_binary_omitted|literacy_direction_reversed|literacy_omitted,True,True,False,True,True,False,False,False,False,False
1837,2641,True,11,10,False,False,False,True,1,literacy_direction_reversed,False,False,False,True,False,False,False,False,False,False
1838,2642,False,11,0,False,False,True,False,0,,False,False,False,False,False,False,False,False,False,False
1839,2643,True,11,9,False,False,False,True,2,flood_binary_omitted|robust_p01_p99_bounds,False,True,False,False,False,False,False,True,False,False
1840,2644,True,11,11,True,True,False,False,0,,False,False,False,False,False,False,False,False,False,False
1841,2645,False,11,1,False,False,False,True,1,flood_binary_omitted,False,True,False,False,False,False,False,False,False,False
1842,2646,False,11,0,False,False,True,False,0,,False,False,False,False,False,False,False,False,False,False
1843,2648,False,11,0,False,False,True,False,0,,False,False,False,False,False,False,False,False,False,False
1844,2649,True,11,11,True,True,False,False,0,,False,False,False,False,False,False,False,False,False,False
1845,265,False,11,0,False,False,True,False,0,,False,False,False,False,False,False,False,False,False,False
1846,2650,False,11,0,False,False,True,False,0,,False,False,False,False,False,False,False,False,False,False
1847,2651,False,11,0,False,False,True,False,0,,False,False,False,False,False,False,False,False,False,False
1848,2652,False,11,0,False,False,True,False,0,,False,False,False,False,False,False,False,False,False,False
1849,2653,False,11,0,False,False,True,False,0,,False,False,False,False,False,False,False,False,False,False
1850,2654,False,11,2,False,False,False,True,2,equal_indicator_weights|flood_binary_omitted,True,True,False,False,False,False,False,False,False,False
1851,2655,True,11,7,False,False,False,True,4,literacy_direction_reversed|literacy_omitted|loan_burden_direction|loan_omitted,False,False,False,True,True,True,True,False,False,False
1852,2656,False,11,1,False,False,False,True,1,flood_binary_omitted,False,True,False,False,False,False,False,False,False,False
1853,2657.1,False,11,0,False,False,True,False,0,,False,False,False,False,False,False,False,False,False,False
1854,2657.2,False,11,0,False,False,True,False,0,,False,False,False,False,False,False,False,False,False,False
1855,2658,False,11,0,False,False,True,False,0,,False,False,False,False,False,False,False,False,False,False
1856,2659,False,11,2,False,False,False,True,2,equal_indicator_weights|flood_binary_omitted,True,True,False,False,False,False,False,False,False,False
1857,2660,False,11,0,False,False,True,False,0,,False,False,False,False,False,False,False,False,False,False
1858,2661,False,11,0,False,False,True,False,0,,False,False,False,False,False,False,False,False,False,False
1859,2662,False,11,0,False,False,True,False,0,,False,False,False,False,False,False,False,False,False,False
1860,2663,False,11,0,False,False,True,False,0,,False,False,False,False,False,False,False,False,False,False
1861,2664,False,11,0,False,False,True,False,0,,False,False,False,False,False,False,False,False,False,False
1862,2665,False,11,0,False,False,True,False,0,,False,False,False,False,False,False,False,False,False,False
1863,2666,False,11,0,False,False,True,False,0,,False,False,False,False,False,False,False,False,False,False
1864,2667,False,11,0,False,False,True,False,0,,False,False,False,False,False,False,False,False,False,False
1865,2668,False,11,1,False,False,False,True,1,flood_binary_omitted,False,True,False,False,False,False,False,False,False,False
1866,2669,False,11,0,False,False,True,False,0,,False,False,False,False,False,False,False,False,False,False
1867,267,False,11,3,False,False,False,True,3,flood_depth_omitted|literacy_direction_reversed|literacy_omitted,False,False,True,True,True,False,False,False,False,False
1868,2670,False,11,1,False,False,False,True,1,flood_binary_omitted,False,True,False,False,False,False,False,False,False,False
1869,2671,True,11,11,True,True,False,False,0,,False,False,False,False,False,False,False,False,False,False
1870,2672,False,11,0,False,False,True,False,0,,False,False,False,False,False,False,False,False,False,False
1871,2674,False,11,1,False,False,False,True,1,flood_binary_omitted,False,True,False,False,False,False,False,False,False,False
1872,2675,True,11,5,False,False,False,True,6,flood_depth_omitted|literacy_direction_reversed|literacy_omitted|loan_burden_direction|loan_omitted|robust_p01_p99_bounds,False,False,True,True,True,True,True,True,False,False
1873,2677,False,11,0,False,False,True,False,0,,False,False,False,False,False,False,False,False,False,False
1874,2678,False,11,1,False,False,False,True,1,flood_binary_omitted,False,True,False,False,False,False,False,False,False,False
1875,2679,True,11,11,True,True,False,False,0,,False,False,False,False,False,False,False,False,False,False
1876,268,False,11,2,False,False,False,True,2,equal_indicator_weights|flood_binary_omitted,True,True,False,False,False,False,False,False,False,False
1877,2680,False,11,1,False,False,False,True,1,flood_binary_omitted,False,True,False,False,False,False,False,False,False,False
1878,2681,False,11,0,False,False,True,False,0,,False,False,False,False,False,False,False,False,False,False
1879,2682,True,11,10,False,False,False,True,1,loan_burden_direction,False,False,False,False,False,True,False,False,False,False
1880,2683,False,11,2,False,False,False,True,2,loan_burden_direction|robust_p01_p99_bounds,False,False,False,False,False,True,False,True,False,False
1881,2684,True,11,7,False,False,False,True,4,equal_indicator_weights|flood_binary_omitted|literacy_direction_reversed|literacy_omitted,True,True,False,True,True,False,False,False,False,False
1882,2685,False,11,2,False,False,False,True,2,equal_indicator_weights|flood_binary_omitted,True,True,False,False,False,False,False,False,False,False
1883,2686,False,11,5,False,False,False,True,5,flood_depth_omitted|literacy_direction_reversed|loan_burden_direction|loan_omitted|robust_p01_p99_bounds,False,False,True,True,False,True,True,True,False,False
1884,2687,False,11,0,False,False,True,False,0,,False,False,False,False,False,False,False,False,False,False
1885,2688,True,11,10,False,False,False,True,1,flood_binary_omitted,False,True,False,False,False,False,False,False,False,False
1886,2689,True,11,11,True,True,False,False,0,,False,False,False,False,False,False,False,False,False,False
1887,269,True,11,10,False,False,False,True,1,loan_burden_direction,False,False,False,False,False,True,False,False,False,False
1888,2690,True,11,7,False,False,False,True,4,flood_binary_omitted|literacy_direction_reversed|literacy_omitted|robust_p01_p99_bounds,False,True,False,True,True,False,False,True,False,False
1889,2691,False,11,2,False,False,False,True,2,equal_indicator_weights|flood_binary_omitted,True,True,False,False,False,False,False,False,False,False
1890,2692,True,11,11,True,True,False,False,0,,False,False,False,False,False,False,False,False,False,False
1891,2693,True,11,11,True,True,False,False,0,,False,False,False,False,False,False,False,False,False,False
1892,2694,False,11,5,False,False,False,True,5,literacy_direction_reversed|literacy_omitted|loan_burden_direction|loan_omitted|robust_p01_p99_bounds,False,False,False,True,True,True,True,True,False,False
1893,2695,False,11,0,False,False,True,False,0,,False,False,False,False,False,False,False,False,False,False
1894,2696,True,11,9,False,False,False,True,2,loan_burden_direction|loan_omitted,False,False,False,False,False,True,True,False,False,False
1895,2697,True,11,10,False,False,False,True,1,loan_burden_direction,False,False,False,False,False,True,False,False,False,False
1896,2698,False,11,0,False,False,True,False,0,,False,False,False,False,False,False,False,False,False,False
1897,2699,True,11,7,False,False,False,True,4,equal_indicator_weights|flood_binary_omitted|literacy_direction_reversed|literacy_omitted,True,True,False,True,True,False,False,False,False,False
1898,27,True,11,7,False,False,False,True,4,flood_depth_omitted|literacy_direction_reversed|loan_burden_direction|loan_omitted,False,False,True,True,False,True,True,False,False,False
1899,270,True,11,11,True,True,False,False,0,,False,False,False,False,False,False,False,False,False,False
1900,2700,False,11,0,False,False,True,False,0,,False,False,False,False,False,False,False,False,False,False
1901,2701,True,11,9,False,False,False,True,2,flood_binary_omitted|literacy_direction_reversed,False,True,False,True,False,False,False,False,False,False
1902,2702,True,11,10,False,False,False,True,1,loan_burden_direction,False,False,False,False,False,True,False,False,False,False
1903,2703,True,11,11,True,True,False,False,0,,False,False,False,False,False,False,False,False,False,False
1904,2704,False,11,0,False,False,True,False,0,,False,False,False,False,False,False,False,False,False,False
1905,2705,True,11,9,False,False,False,True,2,equal_indicator_weights|flood_binary_omitted,True,True,False,False,False,False,False,False,False,False
1906,2706,True,11,10,False,False,False,True,1,loan_burden_direction,False,False,False,False,False,True,False,False,False,False
1907,2707,True,11,11,True,True,False,False,0,,False,False,False,False,False,False,False,False,False,False
1908,2708,False,11,0,False,False,True,False,0,,False,False,False,False,False,False,False,False,False,False
1909,2709,False,11,0,False,False,True,False,0,,False,False,False,False,False,False,False,False,False,False
1910,271,False,11,0,False,False,True,False,0,,False,False,False,False,False,False,False,False,False,False
1911,2710,True,11,7,False,False,False,True,4,flood_binary_omitted|loan_burden_direction|loan_omitted|robust_p01_p99_bounds,False,True,False,False,False,True,True,True,False,False
1912,2711,True,11,11,True,True,False,False,0,,False,False,False,False,False,False,False,False,False,False
1913,2712,False,11,0,False,False,True,False,0,,False,False,False,False,False,False,False,False,False,False
1914,2713,False,11,0,False,False,True,False,0,,False,False,False,False,False,False,False,False,False,False
1915,2714,True,11,10,False,False,False,True,1,loan_burden_direction,False,False,False,False,False,True,False,False,False,False
1916,2715,False,11,0,False,False,True,False,0,,False,False,False,False,False,False,False,False,False,False
1917,2716,False,11,0,False,False,True,False,0,,False,False,False,False,False,False,False,False,False,False
1918,2717,False,11,0,False,False,True,False,0,,False,False,False,False,False,False,False,False,False,False
1919,2718,False,11,0,False,False,True,False,0,,False,False,False,False,False,False,False,False,False,False
1920,2719,False,11,0,False,False,True,False,0,,False,False,False,False,False,False,False,False,False,False
1921,272,False,11,0,False,False,True,False,0,,False,False,False,False,False,False,False,False,False,False
1922,2720,False,11,1,False,False,False,True,1,flood_binary_omitted,False,True,False,False,False,False,False,False,False,False
1923,2721,False,11,0,False,False,True,False,0,,False,False,False,False,False,False,False,False,False,False
1924,2722,False,11,0,False,False,True,False,0,,False,False,False,False,False,False,False,False,False,False
1925,2723,True,11,11,True,True,False,False,0,,False,False,False,False,False,False,False,False,False,False
1926,2724,False,11,0,False,False,True,False,0,,False,False,False,False,False,False,False,False,False,False
1927,2725,False,11,0,False,False,True,False,0,,False,False,False,False,False,False,False,False,False,False
1928,2726,False,11,0,False,False,True,False,0,,False,False,False,False,False,False,False,False,False,False
1929,2727,True,11,9,False,False,False,True,2,loan_burden_direction|loan_omitted,False,False,False,False,False,True,True,False,False,False
1930,2728,False,11,0,False,False,True,False,0,,False,False,False,False,False,False,False,False,False,False
1931,2729,True,11,11,True,True,False,False,0,,False,False,False,False,False,False,False,False,False,False
1932,273,False,11,0,False,False,True,False,0,,False,False,False,False,False,False,False,False,False,False
1933,2730,False,11,1,False,False,False,True,1,flood_binary_omitted,False,True,False,False,False,False,False,False,False,False
1934,2731,False,11,0,False,False,True,False,0,,False,False,False,False,False,False,False,False,False,False
1935,2732,False,11,0,False,False,True,False,0,,False,False,False,False,False,False,False,False,False,False
1936,2733,False,11,0,False,False,True,False,0,,False,False,False,False,False,False,False,False,False,False
1937,2734,False,11,0,False,False,True,False,0,,False,False,False,False,False,False,False,False,False,False
1938,2735,False,11,0,False,False,True,False,0,,False,False,False,False,False,False,False,False,False,False
1939,2736,False,11,0,False,False,True,False,0,,False,False,False,False,False,False,False,False,False,False
1940,2737,False,11,0,False,False,True,False,0,,False,False,False,False,False,False,False,False,False,False
1941,274,False,11,0,False,False,True,False,0,,False,False,False,False,False,False,False,False,False,False
1942,2740,False,11,0,False,False,True,False,0,,False,False,False,False,False,False,False,False,False,False
1943,2741,True,11,7,False,False,False,True,4,flood_depth_omitted|literacy_direction_reversed|loan_burden_direction|loan_omitted,False,False,True,True,False,True,True,False,False,False
1944,2742,False,11,0,False,False,True,False,0,,False,False,False,False,False,False,False,False,False,False
1945,2743.1,False,11,0,False,False,True,False,0,,False,False,False,False,False,False,False,False,False,False
1946,2743.2,False,11,0,False,False,True,False,0,,False,False,False,False,False,False,False,False,False,False
1947,2743.3,False,11,0,False,False,True,False,0,,False,False,False,False,False,False,False,False,False,False
1948,2744,False,11,0,False,False,True,False,0,,False,False,False,False,False,False,False,False,False,False
1949,2745.1,False,11,2,False,False,False,True,2,literacy_direction_reversed|loan_burden_direction,False,False,False,True,False,True,False,False,False,False
1950,2745.2,False,11,0,False,False,True,False,0,,False,False,False,False,False,False,False,False,False,False
1951,2745.3,True,11,9,False,False,False,True,2,literacy_direction_reversed|loan_burden_direction,False,False,False,True,False,True,False,False,False,False
1952,2745.4,False,11,1,False,False,False,True,1,loan_burden_direction,False,False,False,False,False,True,False,False,False,False
1953,2746.1,True,11,8,False,False,False,True,3,equal_indicator_weights|flood_binary_omitted|robust_p01_p99_bounds,True,True,False,False,False,False,False,True,False,False
1954,2746.2,True,11,11,True,True,False,False,0,,False,False,False,False,False,False,False,False,False,False
1955,2747.1,True,11,9,False,False,False,True,2,equal_indicator_weights|flood_binary_omitted,True,True,False,False,False,False,False,False,False,False
1956,2747.2,False,11,4,False,False,False,True,4,literacy_direction_reversed|loan_burden_direction|loan_omitted|robust_p01_p99_bounds,False,False,False,True,False,True,True,True,False,False
1957,2748,True,11,9,False,False,False,True,2,equal_indicator_weights|flood_binary_omitted,True,True,False,False,False,False,False,False,False,False
1958,2749,True,11,9,False,False,False,True,2,equal_indicator_weights|flood_binary_omitted,True,True,False,False,False,False,False,False,False,False
1959,275,True,11,10,False,False,False,True,1,equal_indicator_weights,True,False,False,False,False,False,False,False,False,False
1960,2750,False,11,0,False,False,True,False,0,,False,False,False,False,False,False,False,False,False,False
1961,2751,True,11,9,False,False,False,True,2,flood_binary_omitted|literacy_direction_reversed,False,True,False,True,False,False,False,False,False,False
1962,2752,True,11,9,False,False,False,True,2,loan_burden_direction|loan_omitted,False,False,False,False,False,True,True,False,False,False
1963,2753,True,11,11,True,True,False,False,0,,False,False,False,False,False,False,False,False,False,False
1964,2755,True,11,11,True,True,False,False,0,,False,False,False,False,False,False,False,False,False,False
1965,2756.1,True,11,11,True,True,False,False,0,,False,False,False,False,False,False,False,False,False,False
1966,2756.2,False,11,0,False,False,True,False,0,,False,False,False,False,False,False,False,False,False,False
1967,2757,False,11,1,False,False,False,True,1,loan_burden_direction,False,False,False,False,False,True,False,False,False,False
1968,2758,False,11,0,False,False,True,False,0,,False,False,False,False,False,False,False,False,False,False
1969,2759,False,11,0,False,False,True,False,0,,False,False,False,False,False,False,False,False,False,False
1970,276,False,11,0,False,False,True,False,0,,False,False,False,False,False,False,False,False,False,False
1971,2760,False,11,1,False,False,False,True,1,flood_binary_omitted,False,True,False,False,False,False,False,False,False,False
1972,2761,False,11,0,False,False,True,False,0,,False,False,False,False,False,False,False,False,False,False
1973,2762,False,11,0,False,False,True,False,0,,False,False,False,False,False,False,False,False,False,False
1974,2763,False,11,0,False,False,True,False,0,,False,False,False,False,False,False,False,False,False,False
1975,2764,True,11,6,False,False,False,True,5,flood_binary_omitted|literacy_direction_reversed|loan_burden_direction|loan_omitted|robust_p01_p99_bounds,False,True,False,True,False,True,True,True,False,False
1976,2765,True,11,7,False,False,False,True,4,flood_binary_omitted|loan_burden_direction|loan_omitted|robust_p01_p99_bounds,False,True,False,False,False,True,True,True,False,False
1977,2766,False,11,1,False,False,False,True,1,robust_p01_p99_bounds,False,False,False,False,False,False,False,True,False,False
1978,2767,False,11,0,False,False,True,False,0,,False,False,False,False,False,False,False,False,False,False
1979,2768,False,11,0,False,False,True,False,0,,False,False,False,False,False,False,False,False,False,False
1980,2769,False,11,0,False,False,True,False,0,,False,False,False,False,False,False,False,False,False,False
1981,277,True,11,7,False,False,False,True,4,flood_binary_omitted|loan_burden_direction|loan_omitted|robust_p01_p99_bounds,False,True,False,False,False,True,True,True,False,False
1982,2770,False,11,0,False,False,True,False,0,,False,False,False,False,False,False,False,False,False,False
1983,2771,False,11,0,False,False,True,False,0,,False,False,False,False,False,False,False,False,False,False
1984,2772,False,11,2,False,False,False,True,2,literacy_direction_reversed|robust_p01_p99_bounds,False,False,False,True,False,False,False,True,False,False
1985,2773,False,11,0,False,False,True,False,0,,False,False,False,False,False,False,False,False,False,False
1986,2774,False,11,0,False,False,True,False,0,,False,False,False,False,False,False,False,False,False,False
1987,2775,False,11,0,False,False,True,False,0,,False,False,False,False,False,False,False,False,False,False
1988,2776,False,11,0,False,False,True,False,0,,False,False,False,False,False,False,False,False,False,False
1989,2777,False,11,2,False,False,False,True,2,equal_indicator_weights|flood_binary_omitted,True,True,False,False,False,False,False,False,False,False
1990,2778,False,11,0,False,False,True,False,0,,False,False,False,False,False,False,False,False,False,False
1991,2779,False,11,0,False,False,True,False,0,,False,False,False,False,False,False,False,False,False,False
1992,278,False,11,0,False,False,True,False,0,,False,False,False,False,False,False,False,False,False,False
1993,2780,False,11,0,False,False,True,False,0,,False,False,False,False,False,False,False,False,False,False
1994,2781,False,11,0,False,False,True,False,0,,False,False,False,False,False,False,False,False,False,False
1995,2782,False,11,0,False,False,True,False,0,,False,False,False,False,False,False,False,False,False,False
1996,2783,False,11,0,False,False,True,False,0,,False,False,False,False,False,False,False,False,False,False
1997,2784,False,11,0,False,False,True,False,0,,False,False,False,False,False,False,False,False,False,False
1998,2785.1,False,11,0,False,False,True,False,0,,False,False,False,False,False,False,False,False,False,False
1999,2785.2,False,11,0,False,False,True,False,0,,False,False,False,False,False,False,False,False,False,False
2000,2786,False,11,0,False,False,True,False,0,,False,False,False,False,False,False,False,False,False,False
2001,2787,False,11,0,False,False,True,False,0,,False,False,False,False,False,False,False,False,False,False
2002,2788,False,11,0,False,False,True,False,0,,False,False,False,False,False,False,False,False,False,False
2003,2789,False,11,0,False,False,True,False,0,,False,False,False,False,False,False,False,False,False,False
2004,279,False,11,2,False,False,False,True,2,equal_indicator_weights|flood_binary_omitted,True,True,False,False,False,False,False,False,False,False
2005,2790,True,11,5,False,False,False,True,6,flood_depth_omitted|literacy_direction_reversed|literacy_omitted|loan_burden_direction|loan_omitted|robust_p01_p99_bounds,False,False,True,True,True,True,True,True,False,False
2006,2791,True,11,11,True,True,False,False,0,,False,False,False,False,False,False,False,False,False,False
2007,2792,False,11,0,False,False,True,False,0,,False,False,False,False,False,False,False,False,False,False
2008,2793,True,11,10,False,False,False,True,1,loan_burden_direction,False,False,False,False,False,True,False,False,False,False
2009,2794,False,11,1,False,False,False,True,1,loan_burden_direction,False,False,False,False,False,True,False,False,False,False
2010,2795,True,11,9,False,False,False,True,2,literacy_direction_reversed|loan_burden_direction,False,False,False,True,False,True,False,False,False,False
2011,2796,True,11,11,True,True,False,False,0,,False,False,False,False,False,False,False,False,False,False
2012,2797,False,11,0,False,False,True,False,0,,False,False,False,False,False,False,False,False,False,False
2013,2798,False,11,4,False,False,False,True,4,equal_indicator_weights|flood_binary_omitted|zero_meal_households_excluded|zero_meals_as_missing,True,True,False,False,False,False,False,False,True,True
2014,2799,True,11,10,False,False,False,True,1,literacy_direction_reversed,False,False,False,True,False,False,False,False,False,False
2015,28,True,11,5,False,False,False,True,6,flood_depth_omitted|literacy_direction_reversed|literacy_omitted|loan_burden_direction|loan_omitted|robust_p01_p99_bounds,False,False,True,True,True,True,True,True,False,False
2016,280.1,False,11,3,False,False,False,True,3,loan_burden_direction|loan_omitted|robust_p01_p99_bounds,False,False,False,False,False,True,True,True,False,False
2017,280.2,False,11,1,False,False,False,True,1,loan_burden_direction,False,False,False,False,False,True,False,False,False,False
2018,2800,False,11,2,False,False,False,True,2,equal_indicator_weights|flood_binary_omitted,True,True,False,False,False,False,False,False,False,False
2019,2801,False,11,0,False,False,True,False,0,,False,False,False,False,False,False,False,False,False,False
2020,2802,False,11,1,False,False,False,True,1,flood_binary_omitted,False,True,False,False,False,False,False,False,False,False
2021,2803,True,11,8,False,False,False,True,3,equal_indicator_weights|flood_binary_omitted|robust_p01_p99_bounds,True,True,False,False,False,False,False,True,False,False
2022,2804,True,11,7,False,False,False,True,4,flood_binary_omitted|literacy_direction_reversed|literacy_omitted|robust_p01_p99_bounds,False,True,False,True,True,False,False,True,False,False
2023,2805,False,11,1,False,False,False,True,1,flood_binary_omitted,False,True,False,False,False,False,False,False,False,False
2024,2806,True,11,11,True,True,False,False,0,,False,False,False,False,False,False,False,False,False,False
2025,2808,True,11,10,False,False,False,True,1,loan_burden_direction,False,False,False,False,False,True,False,False,False,False
2026,2809,True,11,5,False,False,False,True,6,flood_depth_omitted|literacy_direction_reversed|literacy_omitted|loan_burden_direction|loan_omitted|robust_p01_p99_bounds,False,False,True,True,True,True,True,True,False,False
2027,281,False,11,0,False,False,True,False,0,,False,False,False,False,False,False,False,False,False,False
2028,2810,True,11,5,False,False,False,True,6,flood_depth_omitted|literacy_direction_reversed|literacy_omitted|loan_burden_direction|loan_omitted|robust_p01_p99_bounds,False,False,True,True,True,True,True,True,False,False
2029,2811,True,11,10,False,False,False,True,1,flood_binary_omitted,False,True,False,False,False,False,False,False,False,False
2030,2812,False,11,0,False,False,True,False,0,,False,False,False,False,False,False,False,False,False,False
2031,2813,True,11,9,False,False,False,True,2,flood_binary_omitted|literacy_direction_reversed,False,True,False,True,False,False,False,False,False,False
2032,2814,True,11,9,False,False,False,True,2,flood_binary_omitted|robust_p01_p99_bounds,False,True,False,False,False,False,False,True,False,False
2033,2815,False,11,0,False,False,True,False,0,,False,False,False,False,False,False,False,False,False,False
2034,2816,True,10,3,False,False,False,True,7,flood_depth_omitted|literacy_direction_reversed|literacy_omitted|loan_burden_direction|loan_omitted|robust_p01_p99_bounds|zero_meals_as_missing,False,False,True,True,True,True,True,True,False,True
2035,2817,False,11,2,False,False,False,True,2,equal_indicator_weights|flood_binary_omitted,True,True,False,False,False,False,False,False,False,False
2036,2818,False,11,0,False,False,True,False,0,,False,False,False,False,False,False,False,False,False,False
2037,2819,False,11,0,False,False,True,False,0,,False,False,False,False,False,False,False,False,False,False
2038,282.1,False,11,0,False,False,True,False,0,,False,False,False,False,False,False,False,False,False,False
2039,282.2,True,11,10,False,False,False,True,1,loan_burden_direction,False,False,False,False,False,True,False,False,False,False
2040,2820,True,11,10,False,False,False,True,1,flood_binary_omitted,False,True,False,False,False,False,False,False,False,False
2041,2821,False,11,2,False,False,False,True,2,equal_indicator_weights|flood_binary_omitted,True,True,False,False,False,False,False,False,False,False
2042,2822,False,11,0,False,False,True,False,0,,False,False,False,False,False,False,False,False,False,False
2043,2823,False,11,3,False,False,False,True,3,equal_indicator_weights|flood_binary_omitted|robust_p01_p99_bounds,True,True,False,False,False,False,False,True,False,False
2044,2824,False,11,1,False,False,False,True,1,flood_binary_omitted,False,True,False,False,False,False,False,False,False,False
2045,2825,False,11,0,False,False,True,False,0,,False,False,False,False,False,False,False,False,False,False
2046,2826,False,11,0,False,False,True,False,0,,False,False,False,False,False,False,False,False,False,False
2047,2827,False,11,1,False,False,False,True,1,loan_burden_direction,False,False,False,False,False,True,False,False,False,False
2048,2828,False,11,0,False,False,True,False,0,,False,False,False,False,False,False,False,False,False,False
2049,2829,False,11,1,False,False,False,True,1,flood_binary_omitted,False,True,False,False,False,False,False,False,False,False
2050,2831,False,11,0,False,False,True,False,0,,False,False,False,False,False,False,False,False,False,False
2051,2832,True,11,7,False,False,False,True,4,flood_binary_omitted|literacy_direction_reversed|literacy_omitted|robust_p01_p99_bounds,False,True,False,True,True,False,False,True,False,False
2052,2833,True,11,7,False,False,False,True,4,equal_indicator_weights|flood_binary_omitted|loan_burden_direction|loan_omitted,True,True,False,False,False,True,True,False,False,False
2053,2834,False,11,2,False,False,False,True,2,equal_indicator_weights|flood_binary_omitted,True,True,False,False,False,False,False,False,False,False
2054,2835,True,11,10,False,False,False,True,1,literacy_direction_reversed,False,False,False,True,False,False,False,False,False,False
2055,2836,False,11,0,False,False,True,False,0,,False,False,False,False,False,False,False,False,False,False
2056,2837,False,11,2,False,False,False,True,2,literacy_direction_reversed|loan_burden_direction,False,False,False,True,False,True,False,False,False,False
2057,2838,True,11,10,False,False,False,True,1,literacy_direction_reversed,False,False,False,True,False,False,False,False,False,False
2058,2839.1,True,11,5,False,False,False,True,6,flood_depth_omitted|literacy_direction_reversed|literacy_omitted|loan_burden_direction|loan_omitted|robust_p01_p99_bounds,False,False,True,True,True,True,True,True,False,False
2059,2839.2,True,11,11,True,True,False,False,0,,False,False,False,False,False,False,False,False,False,False
2060,284,False,11,0,False,False,True,False,0,,False,False,False,False,False,False,False,False,False,False
2061,2840,False,11,0,False,False,True,False,0,,False,False,False,False,False,False,False,False,False,False
2062,2841,False,11,1,False,False,False,True,1,flood_binary_omitted,False,True,False,False,False,False,False,False,False,False
2063,2842,False,11,0,False,False,True,False,0,,False,False,False,False,False,False,False,False,False,False
2064,2844,False,11,1,False,False,False,True,1,flood_binary_omitted,False,True,False,False,False,False,False,False,False,False
2065,2845,False,11,0,False,False,True,False,0,,False,False,False,False,False,False,False,False,False,False
2066,2846,False,11,1,False,False,False,True,1,flood_binary_omitted,False,True,False,False,False,False,False,False,False,False
2067,2847,True,11,10,False,False,False,True,1,literacy_direction_reversed,False,False,False,True,False,False,False,False,False,False
2068,2848,False,11,0,False,False,True,False,0,,False,False,False,False,False,False,False,False,False,False
2069,2849,False,11,0,False,False,True,False,0,,False,False,False,False,False,False,False,False,False,False
2070,285,False,11,0,False,False,True,False,0,,False,False,False,False,False,False,False,False,False,False
2071,2850,True,11,5,False,False,False,True,6,flood_depth_omitted|literacy_direction_reversed|literacy_omitted|loan_burden_direction|loan_omitted|robust_p01_p99_bounds,False,False,True,True,True,True,True,True,False,False
2072,2851,True,11,8,False,False,False,True,3,literacy_direction_reversed|literacy_omitted|loan_burden_direction,False,False,False,True,True,True,False,False,False,False
2073,2852,True,11,10,False,False,False,True,1,loan_burden_direction,False,False,False,False,False,True,False,False,False,False
2074,2853,True,11,10,False,False,False,True,1,flood_binary_omitted,False,True,False,False,False,False,False,False,False,False
2075,2854,True,11,11,True,True,False,False,0,,False,False,False,False,False,False,False,False,False,False
2076,2855,False,11,2,False,False,False,True,2,equal_indicator_weights|flood_binary_omitted,True,True,False,False,False,False,False,False,False,False
2077,2856,False,11,4,False,False,False,True,4,literacy_direction_reversed|loan_burden_direction|loan_omitted|robust_p01_p99_bounds,False,False,False,True,False,True,True,True,False,False
2078,2857,True,11,10,False,False,False,True,1,loan_burden_direction,False,False,False,False,False,True,False,False,False,False
2079,2858,False,11,0,False,False,True,False,0,,False,False,False,False,False,False,False,False,False,False
2080,2859.1,False,11,0,False,False,True,False,0,,False,False,False,False,False,False,False,False,False,False
2081,2859.2,False,11,1,False,False,False,True,1,flood_binary_omitted,False,True,False,False,False,False,False,False,False,False
2082,286.1,True,11,9,False,False,False,True,2,equal_indicator_weights|flood_binary_omitted,True,True,False,False,False,False,False,False,False,False
2083,286.2,False,11,0,False,False,True,False,0,,False,False,False,False,False,False,False,False,False,False
2084,2860,False,11,0,False,False,True,False,0,,False,False,False,False,False,False,False,False,False,False
2085,2862,True,11,9,False,False,False,True,2,equal_indicator_weights|flood_binary_omitted,True,True,False,False,False,False,False,False,False,False
2086,2863,False,11,4,False,False,False,True,4,literacy_direction_reversed|literacy_omitted|loan_burden_direction|loan_omitted,False,False,False,True,True,True,True,False,False,False
2087,2864,False,11,0,False,False,True,False,0,,False,False,False,False,False,False,False,False,False,False
2088,2865,False,11,0,False,False,True,False,0,,False,False,False,False,False,False,False,False,False,False
2089,2866,False,11,0,False,False,True,False,0,,False,False,False,False,False,False,False,False,False,False
2090,2867,True,11,11,True,True,False,False,0,,False,False,False,False,False,False,False,False,False,False
2091,2868.1,False,11,2,False,False,False,True,2,loan_burden_direction|loan_omitted,False,False,False,False,False,True,True,False,False,False
2092,2868.2,False,11,5,False,False,False,True,5,literacy_direction_reversed|literacy_omitted|loan_burden_direction|loan_omitted|robust_p01_p99_bounds,False,False,False,True,True,True,True,True,False,False
2093,2869,False,11,0,False,False,True,False,0,,False,False,False,False,False,False,False,False,False,False
2094,287,True,11,10,False,False,False,True,1,loan_burden_direction,False,False,False,False,False,True,False,False,False,False
2095,2870,False,11,0,False,False,True,False,0,,False,False,False,False,False,False,False,False,False,False
2096,2871,False,11,2,False,False,False,True,2,loan_burden_direction|robust_p01_p99_bounds,False,False,False,False,False,True,False,True,False,False
2097,2872,True,11,8,False,False,False,True,3,loan_burden_direction|loan_omitted|robust_p01_p99_bounds,False,False,False,False,False,True,True,True,False,False
2098,2873,True,11,5,False,False,False,True,6,flood_depth_omitted|literacy_direction_reversed|literacy_omitted|loan_burden_direction|loan_omitted|robust_p01_p99_bounds,False,False,True,True,True,True,True,True,False,False
2099,2874,False,11,4,False,False,False,True,4,equal_indicator_weights|flood_binary_omitted|literacy_direction_reversed|literacy_omitted,True,True,False,True,True,False,False,False,False,False
2100,2875,False,11,0,False,False,True,False,0,,False,False,False,False,False,False,False,False,False,False
2101,2876,False,11,2,False,False,False,True,2,loan_burden_direction|robust_p01_p99_bounds,False,False,False,False,False,True,False,True,False,False
2102,2877,False,11,2,False,False,False,True,2,loan_burden_direction|loan_omitted,False,False,False,False,False,True,True,False,False,False
2103,2878.1,True,11,9,False,False,False,True,2,loan_burden_direction|loan_omitted,False,False,False,False,False,True,True,False,False,False
2104,2878.2,True,11,10,False,False,False,True,1,flood_binary_omitted,False,True,False,False,False,False,False,False,False,False
2105,2879,False,11,2,False,False,False,True,2,loan_burden_direction|loan_omitted,False,False,False,False,False,True,True,False,False,False
2106,288,False,11,0,False,False,True,False,0,,False,False,False,False,False,False,False,False,False,False
2107,2880,False,11,0,False,False,True,False,0,,False,False,False,False,False,False,False,False,False,False
2108,2881.1,True,11,9,False,False,False,True,2,equal_indicator_weights|flood_binary_omitted,True,True,False,False,False,False,False,False,False,False
2109,2881.2,False,11,3,False,False,False,True,3,literacy_direction_reversed|loan_burden_direction|loan_omitted,False,False,False,True,False,True,True,False,False,False
2110,2882,False,11,0,False,False,True,False,0,,False,False,False,False,False,False,False,False,False,False
2111,2883,True,11,8,False,False,False,True,3,equal_indicator_weights|flood_binary_omitted|flood_depth_omitted,True,True,True,False,False,False,False,False,False,False
2112,2885.1,False,11,0,False,False,True,False,0,,False,False,False,False,False,False,False,False,False,False
2113,2885.2,False,11,0,False,False,True,False,0,,False,False,False,False,False,False,False,False,False,False
2114,2886,False,11,0,False,False,True,False,0,,False,False,False,False,False,False,False,False,False,False
2115,2887,False,11,0,False,False,True,False,0,,False,False,False,False,False,False,False,False,False,False
2116,2888,False,11,0,False,False,True,False,0,,False,False,False,False,False,False,False,False,False,False
2117,2889,False,11,0,False,False,True,False,0,,False,False,False,False,False,False,False,False,False,False
2118,289,False,11,0,False,False,True,False,0,,False,False,False,False,False,False,False,False,False,False
2119,2890,False,11,0,False,False,True,False,0,,False,False,False,False,False,False,False,False,False,False
2120,2893,False,11,0,False,False,True,False,0,,False,False,False,False,False,False,False,False,False,False
2121,2894,False,11,0,False,False,True,False,0,,False,False,False,False,False,False,False,False,False,False
2122,2895,False,11,0,False,False,True,False,0,,False,False,False,False,False,False,False,False,False,False
2123,2896,False,11,0,False,False,True,False,0,,False,False,False,False,False,False,False,False,False,False
2124,2897,False,11,0,False,False,True,False,0,,False,False,False,False,False,False,False,False,False,False
2125,2898,False,11,0,False,False,True,False,0,,False,False,False,False,False,False,False,False,False,False
2126,2899,False,11,0,False,False,True,False,0,,False,False,False,False,False,False,False,False,False,False
2127,29,False,11,0,False,False,True,False,0,,False,False,False,False,False,False,False,False,False,False
2128,290,True,11,8,False,False,False,True,3,equal_indicator_weights|flood_binary_omitted|flood_depth_omitted,True,True,True,False,False,False,False,False,False,False
2129,2900,False,11,0,False,False,True,False,0,,False,False,False,False,False,False,False,False,False,False
2130,2901,True,11,10,False,False,False,True,1,loan_burden_direction,False,False,False,False,False,True,False,False,False,False
2131,2902,False,11,0,False,False,True,False,0,,False,False,False,False,False,False,False,False,False,False
2132,2903,False,11,2,False,False,False,True,2,equal_indicator_weights|flood_binary_omitted,True,True,False,False,False,False,False,False,False,False
2133,2904,False,11,0,False,False,True,False,0,,False,False,False,False,False,False,False,False,False,False
2134,2905,False,11,0,False,False,True,False,0,,False,False,False,False,False,False,False,False,False,False
2135,2907,False,11,0,False,False,True,False,0,,False,False,False,False,False,False,False,False,False,False
2136,2908,False,11,0,False,False,True,False,0,,False,False,False,False,False,False,False,False,False,False
2137,2909,True,11,10,False,False,False,True,1,loan_burden_direction,False,False,False,False,False,True,False,False,False,False
2138,291,False,11,0,False,False,True,False,0,,False,False,False,False,False,False,False,False,False,False
2139,2910,True,11,9,False,False,False,True,2,loan_burden_direction|loan_omitted,False,False,False,False,False,True,True,False,False,False
2140,2911,False,11,0,False,False,True,False,0,,False,False,False,False,False,False,False,False,False,False
2141,2912,False,11,1,False,False,False,True,1,loan_burden_direction,False,False,False,False,False,True,False,False,False,False
2142,2913,False,11,4,False,False,False,True,4,literacy_direction_reversed|literacy_omitted|loan_burden_direction|loan_omitted,False,False,False,True,True,True,True,False,False,False
2143,2914,True,11,11,True,True,False,False,0,,False,False,False,False,False,False,False,False,False,False
2144,2915,False,11,0,False,False,True,False,0,,False,False,False,False,False,False,False,False,False,False
2145,2916,False,11,0,False,False,True,False,0,,False,False,False,False,False,False,False,False,False,False
2146,2917,False,11,0,False,False,True,False,0,,False,False,False,False,False,False,False,False,False,False
2147,2918.1,False,11,0,False,False,True,False,0,,False,False,False,False,False,False,False,False,False,False
2148,2918.2,False,11,0,False,False,True,False,0,,False,False,False,False,False,False,False,False,False,False
2149,2919,False,11,0,False,False,True,False,0,,False,False,False,False,False,False,False,False,False,False
2150,292,False,11,1,False,False,False,True,1,loan_burden_direction,False,False,False,False,False,True,False,False,False,False
2151,2920,False,11,0,False,False,True,False,0,,False,False,False,False,False,False,False,False,False,False
2152,2922,False,11,0,False,False,True,False,0,,False,False,False,False,False,False,False,False,False,False
2153,2923,False,11,0,False,False,True,False,0,,False,False,False,False,False,False,False,False,False,False
2154,2924,False,11,0,False,False,True,False,0,,False,False,False,False,False,False,False,False,False,False
2155,2925,True,11,9,False,False,False,True,2,equal_indicator_weights|flood_binary_omitted,True,True,False,False,False,False,False,False,False,False
2156,2926,False,11,0,False,False,True,False,0,,False,False,False,False,False,False,False,False,False,False
2157,2927,False,11,0,False,False,True,False,0,,False,False,False,False,False,False,False,False,False,False
2158,2928,False,11,0,False,False,True,False,0,,False,False,False,False,False,False,False,False,False,False
2159,2929,False,11,0,False,False,True,False,0,,False,False,False,False,False,False,False,False,False,False
2160,293,False,11,0,False,False,True,False,0,,False,False,False,False,False,False,False,False,False,False
2161,2930,False,11,0,False,False,True,False,0,,False,False,False,False,False,False,False,False,False,False
2162,2931,False,11,0,False,False,True,False,0,,False,False,False,False,False,False,False,False,False,False
2163,2932,False,11,0,False,False,True,False,0,,False,False,False,False,False,False,False,False,False,False
2164,2933,True,11,6,False,False,False,True,5,equal_indicator_weights|flood_binary_omitted|loan_burden_direction|loan_omitted|robust_p01_p99_bounds,True,True,False,False,False,True,True,True,False,False
2165,2934,False,11,0,False,False,True,False,0,,False,False,False,False,False,False,False,False,False,False
2166,2935,False,11,0,False,False,True,False,0,,False,False,False,False,False,False,False,False,False,False
2167,2936,False,11,0,False,False,True,False,0,,False,False,False,False,False,False,False,False,False,False
2168,2938,False,11,0,False,False,True,False,0,,False,False,False,False,False,False,False,False,False,False
2169,2939,False,11,0,False,False,True,False,0,,False,False,False,False,False,False,False,False,False,False
2170,294,False,11,0,False,False,True,False,0,,False,False,False,False,False,False,False,False,False,False
2171,2940,False,11,0,False,False,True,False,0,,False,False,False,False,False,False,False,False,False,False
2172,2941,False,11,0,False,False,True,False,0,,False,False,False,False,False,False,False,False,False,False
2173,2942,False,11,0,False,False,True,False,0,,False,False,False,False,False,False,False,False,False,False
2174,2943,False,11,0,False,False,True,False,0,,False,False,False,False,False,False,False,False,False,False
2175,2944,False,11,0,False,False,True,False,0,,False,False,False,False,False,False,False,False,False,False
2176,2945,False,11,1,False,False,False,True,1,flood_binary_omitted,False,True,False,False,False,False,False,False,False,False
2177,2946,False,11,0,False,False,True,False,0,,False,False,False,False,False,False,False,False,False,False
2178,2947,False,11,1,False,False,False,True,1,loan_burden_direction,False,False,False,False,False,True,False,False,False,False
2179,2948,False,11,4,False,False,False,True,4,literacy_direction_reversed|literacy_omitted|loan_burden_direction|loan_omitted,False,False,False,True,True,True,True,False,False,False
2180,2949.1,False,11,0,False,False,True,False,0,,False,False,False,False,False,False,False,False,False,False
2181,2949.2,False,11,0,False,False,True,False,0,,False,False,False,False,False,False,False,False,False,False
2182,295,False,11,0,False,False,True,False,0,,False,False,False,False,False,False,False,False,False,False
2183,2950,False,11,0,False,False,True,False,0,,False,False,False,False,False,False,False,False,False,False
2184,2951.1,False,11,0,False,False,True,False,0,,False,False,False,False,False,False,False,False,False,False
2185,2951.2,False,11,0,False,False,True,False,0,,False,False,False,False,False,False,False,False,False,False
2186,2952,False,11,0,False,False,True,False,0,,False,False,False,False,False,False,False,False,False,False
2187,2953.1,False,11,0,False,False,True,False,0,,False,False,False,False,False,False,False,False,False,False
2188,2953.2,True,11,10,False,False,False,True,1,literacy_direction_reversed,False,False,False,True,False,False,False,False,False,False
2189,2954,False,11,0,False,False,True,False,0,,False,False,False,False,False,False,False,False,False,False
2190,2955,False,11,0,False,False,True,False,0,,False,False,False,False,False,False,False,False,False,False
2191,2956,False,11,0,False,False,True,False,0,,False,False,False,False,False,False,False,False,False,False
2192,2957,True,11,11,True,True,False,False,0,,False,False,False,False,False,False,False,False,False,False
2193,2958,False,11,0,False,False,True,False,0,,False,False,False,False,False,False,False,False,False,False
2194,2959,False,11,0,False,False,True,False,0,,False,False,False,False,False,False,False,False,False,False
2195,296,False,11,0,False,False,True,False,0,,False,False,False,False,False,False,False,False,False,False
2196,2960,False,11,0,False,False,True,False,0,,False,False,False,False,False,False,False,False,False,False
2197,2961.1,False,11,0,False,False,True,False,0,,False,False,False,False,False,False,False,False,False,False
2198,2961.2,False,11,0,False,False,True,False,0,,False,False,False,False,False,False,False,False,False,False
2199,2962,False,11,1,False,False,False,True,1,loan_burden_direction,False,False,False,False,False,True,False,False,False,False
2200,2963,False,11,0,False,False,True,False,0,,False,False,False,False,False,False,False,False,False,False
2201,2964,False,11,0,False,False,True,False,0,,False,False,False,False,False,False,False,False,False,False
2202,2965,True,11,10,False,False,False,True,1,loan_burden_direction,False,False,False,False,False,True,False,False,False,False
2203,2966,False,11,0,False,False,True,False,0,,False,False,False,False,False,False,False,False,False,False
2204,2967,False,11,1,False,False,False,True,1,loan_burden_direction,False,False,False,False,False,True,False,False,False,False
2205,2968,False,11,4,False,False,False,True,4,literacy_direction_reversed|loan_burden_direction|loan_omitted|robust_p01_p99_bounds,False,False,False,True,False,True,True,True,False,False
2206,2969,True,11,11,True,True,False,False,0,,False,False,False,False,False,False,False,False,False,False
2207,297,True,11,11,True,True,False,False,0,,False,False,False,False,False,False,False,False,False,False
2208,2970,False,11,0,False,False,True,False,0,,False,False,False,False,False,False,False,False,False,False
2209,2971,False,11,0,False,False,True,False,0,,False,False,False,False,False,False,False,False,False,False
2210,2972,False,11,1,False,False,False,True,1,loan_burden_direction,False,False,False,False,False,True,False,False,False,False
2211,2973,False,11,1,False,False,False,True,1,loan_burden_direction,False,False,False,False,False,True,False,False,False,False
2212,2974,False,11,0,False,False,True,False,0,,False,False,False,False,False,False,False,False,False,False
2213,2975,False,11,0,False,False,True,False,0,,False,False,False,False,False,False,False,False,False,False
2214,2976,False,11,0,False,False,True,False,0,,False,False,False,False,False,False,False,False,False,False
2215,2977,False,11,0,False,False,True,False,0,,False,False,False,False,False,False,False,False,False,False
2216,2978,False,11,0,False,False,True,False,0,,False,False,False,False,False,False,False,False,False,False
2217,2979,True,11,7,False,False,False,True,4,flood_binary_omitted|loan_burden_direction|loan_omitted|robust_p01_p99_bounds,False,True,False,False,False,True,True,True,False,False
2218,298,True,11,8,False,False,False,True,3,equal_indicator_weights|flood_binary_omitted|robust_p01_p99_bounds,True,True,False,False,False,False,False,True,False,False
2219,2980,True,11,10,False,False,False,True,1,literacy_direction_reversed,False,False,False,True,False,False,False,False,False,False
2220,2981,False,11,0,False,False,True,False,0,,False,False,False,False,False,False,False,False,False,False
2221,2982,True,11,10,False,False,False,True,1,flood_binary_omitted,False,True,False,False,False,False,False,False,False,False
2222,2983.1.1,True,11,10,False,False,False,True,1,flood_binary_omitted,False,True,False,False,False,False,False,False,False,False
2223,2983.1.2,True,11,10,False,False,False,True,1,loan_burden_direction,False,False,False,False,False,True,False,False,False,False
2224,2983.2,False,11,1,False,False,False,True,1,loan_burden_direction,False,False,False,False,False,True,False,False,False,False
2225,2984.1,False,11,0,False,False,True,False,0,,False,False,False,False,False,False,False,False,False,False
2226,2984.2,False,11,4,False,False,False,True,4,literacy_direction_reversed|literacy_omitted|loan_burden_direction|loan_omitted,False,False,False,True,True,True,True,False,False,False
2227,2985,False,11,3,False,False,False,True,3,literacy_direction_reversed|loan_burden_direction|loan_omitted,False,False,False,True,False,True,True,False,False,False
2228,2986,True,11,9,False,False,False,True,2,equal_indicator_weights|flood_binary_omitted,True,True,False,False,False,False,False,False,False,False
2229,2987,False,11,2,False,False,False,True,2,literacy_direction_reversed|loan_burden_direction,False,False,False,True,False,True,False,False,False,False
2230,2988,True,11,7,False,False,False,True,4,flood_binary_omitted|loan_burden_direction|loan_omitted|robust_p01_p99_bounds,False,True,False,False,False,True,True,True,False,False
2231,2989,True,11,9,False,False,False,True,2,loan_burden_direction|loan_omitted,False,False,False,False,False,True,True,False,False,False
2232,299,True,11,8,False,False,False,True,3,flood_binary_omitted|loan_burden_direction|loan_omitted,False,True,False,False,False,True,True,False,False,False
2233,2990,False,11,3,False,False,False,True,3,literacy_direction_reversed|loan_burden_direction|robust_p01_p99_bounds,False,False,False,True,False,True,False,True,False,False
2234,2991,True,11,10,False,False,False,True,1,flood_binary_omitted,False,True,False,False,False,False,False,False,False,False
2235,2992.1,False,11,0,False,False,True,False,0,,False,False,False,False,False,False,False,False,False,False
2236,2992.2,False,11,0,False,False,True,False,0,,False,False,False,False,False,False,False,False,False,False
2237,2993,False,11,0,False,False,True,False,0,,False,False,False,False,False,False,False,False,False,False
2238,2994,False,11,4,False,False,False,True,4,literacy_direction_reversed|loan_burden_direction|loan_omitted|robust_p01_p99_bounds,False,False,False,True,False,True,True,True,False,False
2239,2995,False,11,2,False,False,False,True,2,literacy_direction_reversed|literacy_omitted,False,False,False,True,True,False,False,False,False,False
2240,2996,False,11,0,False,False,True,False,0,,False,False,False,False,False,False,False,False,False,False
2241,2997,False,11,2,False,False,False,True,2,loan_burden_direction|loan_omitted,False,False,False,False,False,True,True,False,False,False
2242,2998,False,11,0,False,False,True,False,0,,False,False,False,False,False,False,False,False,False,False
2243,2999,False,11,0,False,False,True,False,0,,False,False,False,False,False,False,False,False,False,False
2244,3.1,False,11,0,False,False,True,False,0,,False,False,False,False,False,False,False,False,False,False
2245,3.2,False,11,0,False,False,True,False,0,,False,False,False,False,False,False,False,False,False,False
2246,30.1,False,11,0,False,False,True,False,0,,False,False,False,False,False,False,False,False,False,False
2247,30.2,False,11,0,False,False,True,False,0,,False,False,False,False,False,False,False,False,False,False
2248,300,False,11,0,False,False,True,False,0,,False,False,False,False,False,False,False,False,False,False
2249,3001,False,11,0,False,False,True,False,0,,False,False,False,False,False,False,False,False,False,False
2250,3002.1,False,11,0,False,False,True,False,0,,False,False,False,False,False,False,False,False,False,False
2251,3002.2,True,11,11,True,True,False,False,0,,False,False,False,False,False,False,False,False,False,False
2252,3003,False,11,0,False,False,True,False,0,,False,False,False,False,False,False,False,False,False,False
2253,3004,False,11,0,False,False,True,False,0,,False,False,False,False,False,False,False,False,False,False
2254,3005,False,11,0,False,False,True,False,0,,False,False,False,False,False,False,False,False,False,False
2255,3006,False,11,0,False,False,True,False,0,,False,False,False,False,False,False,False,False,False,False
2256,3007.1,False,11,1,False,False,False,True,1,literacy_direction_reversed,False,False,False,True,False,False,False,False,False,False
2257,3007.2,False,11,0,False,False,True,False,0,,False,False,False,False,False,False,False,False,False,False
2258,3008,True,11,9,False,False,False,True,2,equal_indicator_weights|flood_binary_omitted,True,True,False,False,False,False,False,False,False,False
2259,3009,False,11,2,False,False,False,True,2,equal_indicator_weights|flood_binary_omitted,True,True,False,False,False,False,False,False,False,False
2260,301,False,11,0,False,False,True,False,0,,False,False,False,False,False,False,False,False,False,False
2261,3010,False,11,3,False,False,False,True,3,flood_depth_omitted|loan_burden_direction|loan_omitted,False,False,True,False,False,True,True,False,False,False
2262,3011,False,11,4,False,False,False,True,4,equal_indicator_weights|flood_depth_omitted|literacy_direction_reversed|literacy_omitted,True,False,True,True,True,False,False,False,False,False
2263,3012,False,11,0,False,False,True,False,0,,False,False,False,False,False,False,False,False,False,False
2264,3013,False,11,0,False,False,True,False,0,,False,False,False,False,False,False,False,False,False,False
2265,3014.1,False,11,3,False,False,False,True,3,flood_depth_omitted|loan_burden_direction|loan_omitted,False,False,True,False,False,True,True,False,False,False
2266,3014.2,False,11,0,False,False,True,False,0,,False,False,False,False,False,False,False,False,False,False
2267,3015,False,11,0,False,False,True,False,0,,False,False,False,False,False,False,False,False,False,False
2268,3016,False,11,0,False,False,True,False,0,,False,False,False,False,False,False,False,False,False,False
2269,3017,False,11,0,False,False,True,False,0,,False,False,False,False,False,False,False,False,False,False
2270,3018,False,11,0,False,False,True,False,0,,False,False,False,False,False,False,False,False,False,False
2271,3019,False,11,0,False,False,True,False,0,,False,False,False,False,False,False,False,False,False,False
2272,302,False,11,0,False,False,True,False,0,,False,False,False,False,False,False,False,False,False,False
2273,3020,False,11,0,False,False,True,False,0,,False,False,False,False,False,False,False,False,False,False
2274,3021,False,11,0,False,False,True,False,0,,False,False,False,False,False,False,False,False,False,False
2275,3022,False,11,0,False,False,True,False,0,,False,False,False,False,False,False,False,False,False,False
2276,3023,False,11,0,False,False,True,False,0,,False,False,False,False,False,False,False,False,False,False
2277,3024,False,11,6,False,False,False,True,6,equal_indicator_weights|flood_depth_omitted|literacy_direction_reversed|literacy_omitted|loan_burden_direction|loan_omitted,True,False,True,True,True,True,True,False,False,False
2278,3025,False,11,0,False,False,True,False,0,,False,False,False,False,False,False,False,False,False,False
2279,3026.1,False,11,0,False,False,True,False,0,,False,False,False,False,False,False,False,False,False,False
2280,3026.2,False,11,0,False,False,True,False,0,,False,False,False,False,False,False,False,False,False,False
2281,3027,False,11,0,False,False,True,False,0,,False,False,False,False,False,False,False,False,False,False
2282,3028.1,False,11,0,False,False,True,False,0,,False,False,False,False,False,False,False,False,False,False
2283,3028.2,False,11,0,False,False,True,False,0,,False,False,False,False,False,False,False,False,False,False
2284,3028.3,False,11,0,False,False,True,False,0,,False,False,False,False,False,False,False,False,False,False
2285,3029.1,False,11,0,False,False,True,False,0,,False,False,False,False,False,False,False,False,False,False
2286,3029.2,False,11,0,False,False,True,False,0,,False,False,False,False,False,False,False,False,False,False
2287,303,False,11,0,False,False,True,False,0,,False,False,False,False,False,False,False,False,False,False
2288,3030,False,11,0,False,False,True,False,0,,False,False,False,False,False,False,False,False,False,False
2289,3031,True,11,9,False,False,False,True,2,literacy_direction_reversed|loan_burden_direction,False,False,False,True,False,True,False,False,False,False
2290,3032,False,11,0,False,False,True,False,0,,False,False,False,False,False,False,False,False,False,False
2291,3033,False,11,0,False,False,True,False,0,,False,False,False,False,False,False,False,False,False,False
2292,3034,False,11,0,False,False,True,False,0,,False,False,False,False,False,False,False,False,False,False
2293,3035.1,False,11,0,False,False,True,False,0,,False,False,False,False,False,False,False,False,False,False
2294,3035.2,False,11,0,False,False,True,False,0,,False,False,False,False,False,False,False,False,False,False
2295,3036,False,11,0,False,False,True,False,0,,False,False,False,False,False,False,False,False,False,False
2296,3037,False,11,0,False,False,True,False,0,,False,False,False,False,False,False,False,False,False,False
2297,3038,False,11,0,False,False,True,False,0,,False,False,False,False,False,False,False,False,False,False
2298,3039,False,11,0,False,False,True,False,0,,False,False,False,False,False,False,False,False,False,False
2299,304,False,11,0,False,False,True,False,0,,False,False,False,False,False,False,False,False,False,False
2300,3040,False,11,0,False,False,True,False,0,,False,False,False,False,False,False,False,False,False,False
2301,3041,True,11,11,True,True,False,False,0,,False,False,False,False,False,False,False,False,False,False
2302,3042,False,11,2,False,False,False,True,2,loan_burden_direction|loan_omitted,False,False,False,False,False,True,True,False,False,False
2303,3043,False,11,0,False,False,True,False,0,,False,False,False,False,False,False,False,False,False,False
2304,3044,False,11,0,False,False,True,False,0,,False,False,False,False,False,False,False,False,False,False
2305,3045,False,11,5,False,False,False,True,5,literacy_direction_reversed|literacy_omitted|loan_burden_direction|loan_omitted|robust_p01_p99_bounds,False,False,False,True,True,True,True,True,False,False
2306,3046,False,11,0,False,False,True,False,0,,False,False,False,False,False,False,False,False,False,False
2307,3047,False,11,0,False,False,True,False,0,,False,False,False,False,False,False,False,False,False,False
2308,3048,False,11,0,False,False,True,False,0,,False,False,False,False,False,False,False,False,False,False
2309,3049,True,11,8,False,False,False,True,3,flood_binary_omitted|loan_burden_direction|loan_omitted,False,True,False,False,False,True,True,False,False,False
2310,305,False,11,0,False,False,True,False,0,,False,False,False,False,False,False,False,False,False,False
2311,3050,False,11,0,False,False,True,False,0,,False,False,False,False,False,False,False,False,False,False
2312,3051,False,11,2,False,False,False,True,2,equal_indicator_weights|flood_binary_omitted,True,True,False,False,False,False,False,False,False,False
2313,3052,True,11,11,True,True,False,False,0,,False,False,False,False,False,False,False,False,False,False
2314,3053,False,11,0,False,False,True,False,0,,False,False,False,False,False,False,False,False,False,False
2315,3054,False,11,0,False,False,True,False,0,,False,False,False,False,False,False,False,False,False,False
2316,3055,True,11,11,True,True,False,False,0,,False,False,False,False,False,False,False,False,False,False
2317,3056,False,11,0,False,False,True,False,0,,False,False,False,False,False,False,False,False,False,False
2318,3057,True,11,8,False,False,False,True,3,flood_binary_omitted|loan_burden_direction|loan_omitted,False,True,False,False,False,True,True,False,False,False
2319,3058,False,11,4,False,False,False,True,4,literacy_direction_reversed|literacy_omitted|loan_burden_direction|loan_omitted,False,False,False,True,True,True,True,False,False,False
2320,3059,True,11,10,False,False,False,True,1,loan_burden_direction,False,False,False,False,False,True,False,False,False,False
2321,3060,False,11,0,False,False,True,False,0,,False,False,False,False,False,False,False,False,False,False
2322,3062.1,False,11,0,False,False,True,False,0,,False,False,False,False,False,False,False,False,False,False
2323,3062.2,False,11,0,False,False,True,False,0,,False,False,False,False,False,False,False,False,False,False
2324,3063,False,11,0,False,False,True,False,0,,False,False,False,False,False,False,False,False,False,False
2325,3065,True,11,8,False,False,False,True,3,flood_binary_omitted|loan_burden_direction|loan_omitted,False,True,False,False,False,True,True,False,False,False
2326,3066,False,11,0,False,False,True,False,0,,False,False,False,False,False,False,False,False,False,False
2327,3067,False,11,0,False,False,True,False,0,,False,False,False,False,False,False,False,False,False,False
2328,3068,False,11,0,False,False,True,False,0,,False,False,False,False,False,False,False,False,False,False
2329,3069,False,11,0,False,False,True,False,0,,False,False,False,False,False,False,False,False,False,False
2330,307,False,11,0,False,False,True,False,0,,False,False,False,False,False,False,False,False,False,False
2331,3070,False,11,5,False,False,False,True,5,loan_burden_direction|loan_omitted|robust_p01_p99_bounds|zero_meal_households_excluded|zero_meals_as_missing,False,False,False,False,False,True,True,True,True,True
2332,3071.1,False,11,0,False,False,True,False,0,,False,False,False,False,False,False,False,False,False,False
2333,3071.2,True,11,10,False,False,False,True,1,loan_burden_direction,False,False,False,False,False,True,False,False,False,False
2334,3072,False,11,0,False,False,True,False,0,,False,False,False,False,False,False,False,False,False,False
2335,3073,False,11,0,False,False,True,False,0,,False,False,False,False,False,False,False,False,False,False
2336,3074,False,11,0,False,False,True,False,0,,False,False,False,False,False,False,False,False,False,False
2337,3075,False,11,0,False,False,True,False,0,,False,False,False,False,False,False,False,False,False,False
2338,3076,False,11,4,False,False,False,True,4,literacy_direction_reversed|loan_burden_direction|loan_omitted|robust_p01_p99_bounds,False,False,False,True,False,True,True,True,False,False
2339,3077,False,11,1,False,False,False,True,1,loan_burden_direction,False,False,False,False,False,True,False,False,False,False
2340,3078.1,False,11,0,False,False,True,False,0,,False,False,False,False,False,False,False,False,False,False
2341,3078.2,False,11,0,False,False,True,False,0,,False,False,False,False,False,False,False,False,False,False
2342,3079,True,11,8,False,False,False,True,3,flood_binary_omitted|loan_burden_direction|loan_omitted,False,True,False,False,False,True,True,False,False,False
2343,308,False,11,0,False,False,True,False,0,,False,False,False,False,False,False,False,False,False,False
2344,3080,False,11,0,False,False,True,False,0,,False,False,False,False,False,False,False,False,False,False
2345,3081,False,11,0,False,False,True,False,0,,False,False,False,False,False,False,False,False,False,False
2346,3082.1,True,11,11,True,True,False,False,0,,False,False,False,False,False,False,False,False,False,False
2347,3082.2,True,11,7,False,False,False,True,4,flood_binary_omitted|literacy_direction_reversed|literacy_omitted|robust_p01_p99_bounds,False,True,False,True,True,False,False,True,False,False
2348,3083,False,11,0,False,False,True,False,0,,False,False,False,False,False,False,False,False,False,False
2349,3084,False,11,0,False,False,True,False,0,,False,False,False,False,False,False,False,False,False,False
2350,3085,False,11,0,False,False,True,False,0,,False,False,False,False,False,False,False,False,False,False
2351,3086,False,11,0,False,False,True,False,0,,False,False,False,False,False,False,False,False,False,False
2352,3087,True,11,7,False,False,False,True,4,equal_indicator_weights|flood_binary_omitted|literacy_direction_reversed|literacy_omitted,True,True,False,True,True,False,False,False,False,False
2353,3088,False,11,0,False,False,True,False,0,,False,False,False,False,False,False,False,False,False,False
2354,3089,False,11,3,False,False,False,True,3,literacy_direction_reversed|loan_burden_direction|loan_omitted,False,False,False,True,False,True,True,False,False,False
2355,309,False,11,2,False,False,False,True,2,loan_burden_direction|loan_omitted,False,False,False,False,False,True,True,False,False,False
2356,3090,False,11,0,False,False,True,False,0,,False,False,False,False,False,False,False,False,False,False
2357,3091,True,11,10,False,False,False,True,1,flood_binary_omitted,False,True,False,False,False,False,False,False,False,False
2358,3092,True,11,7,False,False,False,True,4,flood_binary_omitted|loan_burden_direction|loan_omitted|robust_p01_p99_bounds,False,True,False,False,False,True,True,True,False,False
2359,3093,False,11,0,False,False,True,False,0,,False,False,False,False,False,False,False,False,False,False
2360,3094,False,11,0,False,False,True,False,0,,False,False,False,False,False,False,False,False,False,False
2361,3096,False,11,0,False,False,True,False,0,,False,False,False,False,False,False,False,False,False,False
2362,3097,False,11,1,False,False,False,True,1,flood_binary_omitted,False,True,False,False,False,False,False,False,False,False
2363,3098,False,11,3,False,False,False,True,3,equal_indicator_weights|flood_binary_omitted|robust_p01_p99_bounds,True,True,False,False,False,False,False,True,False,False
2364,3099,False,11,0,False,False,True,False,0,,False,False,False,False,False,False,False,False,False,False
2365,31,False,11,0,False,False,True,False,0,,False,False,False,False,False,False,False,False,False,False
2366,310,False,11,0,False,False,True,False,0,,False,False,False,False,False,False,False,False,False,False
2367,3100,False,11,0,False,False,True,False,0,,False,False,False,False,False,False,False,False,False,False
2368,3101,False,11,1,False,False,False,True,1,loan_burden_direction,False,False,False,False,False,True,False,False,False,False
2369,3102,False,11,0,False,False,True,False,0,,False,False,False,False,False,False,False,False,False,False
2370,3103,False,11,2,False,False,False,True,2,loan_burden_direction|loan_omitted,False,False,False,False,False,True,True,False,False,False
2371,3104,False,11,1,False,False,False,True,1,loan_burden_direction,False,False,False,False,False,True,False,False,False,False
2372,3105.1,False,11,0,False,False,True,False,0,,False,False,False,False,False,False,False,False,False,False
2373,3105.2,False,11,0,False,False,True,False,0,,False,False,False,False,False,False,False,False,False,False
2374,3107,False,11,0,False,False,True,False,0,,False,False,False,False,False,False,False,False,False,False
2375,3108,False,11,1,False,False,False,True,1,literacy_direction_reversed,False,False,False,True,False,False,False,False,False,False
2376,3109,True,11,10,False,False,False,True,1,loan_burden_direction,False,False,False,False,False,True,False,False,False,False
2377,311,True,11,9,False,False,False,True,2,equal_indicator_weights|flood_depth_omitted,True,False,True,False,False,False,False,False,False,False
2378,3110,True,11,11,True,True,False,False,0,,False,False,False,False,False,False,False,False,False,False
2379,3111,True,11,10,False,False,False,True,1,literacy_direction_reversed,False,False,False,True,False,False,False,False,False,False
2380,3114,True,11,10,False,False,False,True,1,loan_burden_direction,False,False,False,False,False,True,False,False,False,False
2381,3115,True,11,5,False,False,False,True,6,flood_depth_omitted|literacy_direction_reversed|literacy_omitted|loan_burden_direction|loan_omitted|robust_p01_p99_bounds,False,False,True,True,True,True,True,True,False,False
2382,3116,True,11,11,True,True,False,False,0,,False,False,False,False,False,False,False,False,False,False
2383,3117,False,11,4,False,False,False,True,4,literacy_direction_reversed|loan_burden_direction|loan_omitted|robust_p01_p99_bounds,False,False,False,True,False,True,True,True,False,False
2384,3118.1.1,True,11,8,False,False,False,True,3,equal_indicator_weights|flood_binary_omitted|flood_depth_omitted,True,True,True,False,False,False,False,False,False,False
2385,3118.1.2,False,11,2,False,False,False,True,2,equal_indicator_weights|flood_binary_omitted,True,True,False,False,False,False,False,False,False,False
2386,3118.2,True,11,11,True,True,False,False,0,,False,False,False,False,False,False,False,False,False,False
2387,3118.3,True,11,11,True,True,False,False,0,,False,False,False,False,False,False,False,False,False,False
2388,3119,True,11,10,False,False,False,True,1,literacy_direction_reversed,False,False,False,True,False,False,False,False,False,False
2389,312,True,11,8,False,False,False,True,3,flood_depth_omitted|loan_burden_direction|loan_omitted,False,False,True,False,False,True,True,False,False,False
2390,3120,True,11,11,True,True,False,False,0,,False,False,False,False,False,False,False,False,False,False
2391,3121,False,11,0,False,False,True,False,0,,False,False,False,False,False,False,False,False,False,False
2392,3122,True,11,10,False,False,False,True,1,literacy_direction_reversed,False,False,False,True,False,False,False,False,False,False
2393,3123,False,11,4,False,False,False,True,4,equal_indicator_weights|flood_binary_omitted|loan_burden_direction|loan_omitted,True,True,False,False,False,True,True,False,False,False
2394,3124,True,11,10,False,False,False,True,1,equal_indicator_weights,True,False,False,False,False,False,False,False,False,False
2395,3125.1,True,11,11,True,True,False,False,0,,False,False,False,False,False,False,False,False,False,False
2396,3125.2,False,11,1,False,False,False,True,1,flood_binary_omitted,False,True,False,False,False,False,False,False,False,False
2397,3126,False,11,0,False,False,True,False,0,,False,False,False,False,False,False,False,False,False,False
2398,3127,False,11,0,False,False,True,False,0,,False,False,False,False,False,False,False,False,False,False
2399,3128,False,11,0,False,False,True,False,0,,False,False,False,False,False,False,False,False,False,False
2400,3129,True,11,7,False,False,False,True,4,equal_indicator_weights|flood_binary_omitted|literacy_direction_reversed|literacy_omitted,True,True,False,True,True,False,False,False,False,False
2401,313,False,11,2,False,False,False,True,2,equal_indicator_weights|flood_binary_omitted,True,True,False,False,False,False,False,False,False,False
2402,3130.1,True,11,9,False,False,False,True,2,flood_binary_omitted|literacy_direction_reversed,False,True,False,True,False,False,False,False,False,False
2403,3130.2,False,11,1,False,False,False,True,1,flood_binary_omitted,False,True,False,False,False,False,False,False,False,False
2404,3132,False,11,0,False,False,True,False,0,,False,False,False,False,False,False,False,False,False,False
2405,3133,False,11,2,False,False,False,True,2,loan_burden_direction|robust_p01_p99_bounds,False,False,False,False,False,True,False,True,False,False
2406,3134,False,11,0,False,False,True,False,0,,False,False,False,False,False,False,False,False,False,False
2407,3135,True,11,11,True,True,False,False,0,,False,False,False,False,False,False,False,False,False,False
2408,3136,True,11,11,True,True,False,False,0,,False,False,False,False,False,False,False,False,False,False
2409,3137,False,11,3,False,False,False,True,3,flood_binary_omitted|loan_burden_direction|robust_p01_p99_bounds,False,True,False,False,False,True,False,True,False,False
2410,3138,True,11,10,False,False,False,True,1,flood_binary_omitted,False,True,False,False,False,False,False,False,False,False
2411,3139,False,11,0,False,False,True,False,0,,False,False,False,False,False,False,False,False,False,False
2412,314,False,11,0,False,False,True,False,0,,False,False,False,False,False,False,False,False,False,False
2413,3140,True,11,11,True,True,False,False,0,,False,False,False,False,False,False,False,False,False,False
2414,3141,False,11,0,False,False,True,False,0,,False,False,False,False,False,False,False,False,False,False
2415,3142,False,11,0,False,False,True,False,0,,False,False,False,False,False,False,False,False,False,False
2416,3143,True,11,10,False,False,False,True,1,flood_depth_omitted,False,False,True,False,False,False,False,False,False,False
2417,3144,True,11,10,False,False,False,True,1,loan_burden_direction,False,False,False,False,False,True,False,False,False,False
2418,3145,True,11,11,True,True,False,False,0,,False,False,False,False,False,False,False,False,False,False
2419,3146,True,11,10,False,False,False,True,1,flood_depth_omitted,False,False,True,False,False,False,False,False,False,False
2420,3147,False,11,0,False,False,True,False,0,,False,False,False,False,False,False,False,False,False,False
2421,3148,False,11,2,False,False,False,True,2,loan_burden_direction|robust_p01_p99_bounds,False,False,False,False,False,True,False,True,False,False
2422,3149,True,11,11,True,True,False,False,0,,False,False,False,False,False,False,False,False,False,False
2423,315,False,11,1,False,False,False,True,1,robust_p01_p99_bounds,False,False,False,False,False,False,False,True,False,False
2424,3150,False,11,0,False,False,True,False,0,,False,False,False,False,False,False,False,False,False,False
2425,3151,False,11,4,False,False,False,True,4,literacy_direction_reversed|loan_burden_direction|loan_omitted|robust_p01_p99_bounds,False,False,False,True,False,True,True,True,False,False
2426,3152,False,11,0,False,False,True,False,0,,False,False,False,False,False,False,False,False,False,False
2427,3153,True,11,11,True,True,False,False,0,,False,False,False,False,False,False,False,False,False,False
2428,3154,True,11,11,True,True,False,False,0,,False,False,False,False,False,False,False,False,False,False
2429,3155,True,11,11,True,True,False,False,0,,False,False,False,False,False,False,False,False,False,False
2430,3156,False,11,1,False,False,False,True,1,flood_binary_omitted,False,True,False,False,False,False,False,False,False,False
2431,3157,True,11,11,True,True,False,False,0,,False,False,False,False,False,False,False,False,False,False
2432,3158,True,11,10,False,False,False,True,1,flood_binary_omitted,False,True,False,False,False,False,False,False,False,False
2433,3159,True,11,10,False,False,False,True,1,loan_burden_direction,False,False,False,False,False,True,False,False,False,False
2434,316.1,True,11,10,False,False,False,True,1,literacy_direction_reversed,False,False,False,True,False,False,False,False,False,False
2435,316.2,False,11,1,False,False,False,True,1,robust_p01_p99_bounds,False,False,False,False,False,False,False,True,False,False
2436,316.3,True,11,11,True,True,False,False,0,,False,False,False,False,False,False,False,False,False,False
2437,3160,True,11,10,False,False,False,True,1,loan_burden_direction,False,False,False,False,False,True,False,False,False,False
2438,3161,False,11,0,False,False,True,False,0,,False,False,False,False,False,False,False,False,False,False
2439,3162,True,11,11,True,True,False,False,0,,False,False,False,False,False,False,False,False,False,False
2440,3163,False,11,2,False,False,False,True,2,loan_burden_direction|robust_p01_p99_bounds,False,False,False,False,False,True,False,True,False,False
2441,3164,True,11,10,False,False,False,True,1,literacy_direction_reversed,False,False,False,True,False,False,False,False,False,False
2442,3165,True,11,10,False,False,False,True,1,flood_binary_omitted,False,True,False,False,False,False,False,False,False,False
2443,3167.1,True,11,11,True,True,False,False,0,,False,False,False,False,False,False,False,False,False,False
2444,3167.2,False,11,0,False,False,True,False,0,,False,False,False,False,False,False,False,False,False,False
2445,3167.3,True,11,10,False,False,False,True,1,loan_burden_direction,False,False,False,False,False,True,False,False,False,False
2446,3168,False,11,0,False,False,True,False,0,,False,False,False,False,False,False,False,False,False,False
2447,3169,True,11,7,False,False,False,True,4,flood_binary_omitted|literacy_direction_reversed|literacy_omitted|robust_p01_p99_bounds,False,True,False,True,True,False,False,True,False,False
2448,317,True,11,10,False,False,False,True,1,loan_burden_direction,False,False,False,False,False,True,False,False,False,False
2449,3170,False,11,4,False,False,False,True,4,literacy_direction_reversed|literacy_omitted|loan_burden_direction|loan_omitted,False,False,False,True,True,True,True,False,False,False
2450,3171.1,True,11,10,False,False,False,True,1,flood_binary_omitted,False,True,False,False,False,False,False,False,False,False
2451,3171.2,True,11,7,False,False,False,True,4,flood_binary_omitted|loan_burden_direction|loan_omitted|robust_p01_p99_bounds,False,True,False,False,False,True,True,True,False,False
2452,3172,False,11,0,False,False,True,False,0,,False,False,False,False,False,False,False,False,False,False
2453,3173.1,True,11,10,False,False,False,True,1,flood_binary_omitted,False,True,False,False,False,False,False,False,False,False
2454,3173.2,True,11,10,False,False,False,True,1,flood_binary_omitted,False,True,False,False,False,False,False,False,False,False
2455,3174,True,11,10,False,False,False,True,1,loan_burden_direction,False,False,False,False,False,True,False,False,False,False
2456,3175,True,11,11,True,True,False,False,0,,False,False,False,False,False,False,False,False,False,False
2457,3176,True,11,11,True,True,False,False,0,,False,False,False,False,False,False,False,False,False,False
2458,3177,False,11,1,False,False,False,True,1,flood_binary_omitted,False,True,False,False,False,False,False,False,False,False
2459,3178,True,11,11,True,True,False,False,0,,False,False,False,False,False,False,False,False,False,False
2460,3179.3,False,11,0,False,False,True,False,0,,False,False,False,False,False,False,False,False,False,False
2461,318,True,11,6,False,False,False,True,5,equal_indicator_weights|flood_binary_omitted|flood_depth_omitted|literacy_direction_reversed|literacy_omitted,True,True,True,True,True,False,False,False,False,False
2462,3180,True,11,8,False,False,False,True,3,equal_indicator_weights|flood_binary_omitted|flood_depth_omitted,True,True,True,False,False,False,False,False,False,False
2463,3181,False,11,0,False,False,True,False,0,,False,False,False,False,False,False,False,False,False,False
2464,3182,True,11,10,False,False,False,True,1,literacy_direction_reversed,False,False,False,True,False,False,False,False,False,False
2465,3183,False,11,0,False,False,True,False,0,,False,False,False,False,False,False,False,False,False,False
2466,3185,False,11,3,False,False,False,True,3,literacy_direction_reversed|loan_burden_direction|loan_omitted,False,False,False,True,False,True,True,False,False,False
2467,3186,True,11,11,True,True,False,False,0,,False,False,False,False,False,False,False,False,False,False
2468,3187,False,11,1,False,False,False,True,1,loan_burden_direction,False,False,False,False,False,True,False,False,False,False
2469,3188,False,11,3,False,False,False,True,3,equal_indicator_weights|flood_binary_omitted|robust_p01_p99_bounds,True,True,False,False,False,False,False,True,False,False
2470,3189,True,11,5,False,False,False,True,6,flood_depth_omitted|literacy_direction_reversed|literacy_omitted|loan_burden_direction|loan_omitted|robust_p01_p99_bounds,False,False,True,True,True,True,True,True,False,False
2471,319,True,11,11,True,True,False,False,0,,False,False,False,False,False,False,False,False,False,False
2472,3190,True,11,9,False,False,False,True,2,equal_indicator_weights|flood_binary_omitted,True,True,False,False,False,False,False,False,False,False
2473,3193,False,11,1,False,False,False,True,1,loan_burden_direction,False,False,False,False,False,True,False,False,False,False
2474,3194,True,11,9,False,False,False,True,2,flood_binary_omitted|literacy_direction_reversed,False,True,False,True,False,False,False,False,False,False
2475,3195,False,11,0,False,False,True,False,0,,False,False,False,False,False,False,False,False,False,False
2476,3196,False,11,0,False,False,True,False,0,,False,False,False,False,False,False,False,False,False,False
2477,3197,False,11,0,False,False,True,False,0,,False,False,False,False,False,False,False,False,False,False
2478,3198,False,11,0,False,False,True,False,0,,False,False,False,False,False,False,False,False,False,False
2479,3199,False,11,0,False,False,True,False,0,,False,False,False,False,False,False,False,False,False,False
2480,32,False,11,5,False,False,False,True,5,flood_depth_omitted|literacy_direction_reversed|literacy_omitted|loan_burden_direction|loan_omitted,False,False,True,True,True,True,True,False,False,False
2481,320,False,11,1,False,False,False,True,1,flood_binary_omitted,False,True,False,False,False,False,False,False,False,False
2482,3200,False,11,0,False,False,True,False,0,,False,False,False,False,False,False,False,False,False,False
2483,3201,False,11,0,False,False,True,False,0,,False,False,False,False,False,False,False,False,False,False
2484,3202,False,11,0,False,False,True,False,0,,False,False,False,False,False,False,False,False,False,False
2485,3203,False,11,0,False,False,True,False,0,,False,False,False,False,False,False,False,False,False,False
2486,3204,False,11,5,False,False,False,True,5,equal_indicator_weights|flood_binary_omitted|loan_burden_direction|loan_omitted|robust_p01_p99_bounds,True,True,False,False,False,True,True,True,False,False
2487,3205,False,11,0,False,False,True,False,0,,False,False,False,False,False,False,False,False,False,False
2488,3206,False,11,0,False,False,True,False,0,,False,False,False,False,False,False,False,False,False,False
2489,3207,False,11,2,False,False,False,True,2,equal_indicator_weights|flood_binary_omitted,True,True,False,False,False,False,False,False,False,False
2490,3208,False,11,0,False,False,True,False,0,,False,False,False,False,False,False,False,False,False,False
2491,3209,False,11,0,False,False,True,False,0,,False,False,False,False,False,False,False,False,False,False
2492,3210,True,11,11,True,True,False,False,0,,False,False,False,False,False,False,False,False,False,False
2493,3211.1,False,11,2,False,False,False,True,2,equal_indicator_weights|flood_binary_omitted,True,True,False,False,False,False,False,False,False,False
2494,3211.2,True,11,8,False,False,False,True,3,flood_depth_omitted|literacy_direction_reversed|literacy_omitted,False,False,True,True,True,False,False,False,False,False
2495,3212,True,11,11,True,True,False,False,0,,False,False,False,False,False,False,False,False,False,False
2496,3213,True,11,9,False,False,False,True,2,loan_burden_direction|loan_omitted,False,False,False,False,False,True,True,False,False,False
2497,3214,False,11,0,False,False,True,False,0,,False,False,False,False,False,False,False,False,False,False
2498,3215,False,11,0,False,False,True,False,0,,False,False,False,False,False,False,False,False,False,False
2499,3216.1,False,11,0,False,False,True,False,0,,False,False,False,False,False,False,False,False,False,False
2500,3216.2,False,11,0,False,False,True,False,0,,False,False,False,False,False,False,False,False,False,False
2501,3217,True,11,8,False,False,False,True,3,equal_indicator_weights|flood_binary_omitted|flood_depth_omitted,True,True,True,False,False,False,False,False,False,False
2502,3218,False,11,0,False,False,True,False,0,,False,False,False,False,False,False,False,False,False,False
2503,3219,True,11,11,True,True,False,False,0,,False,False,False,False,False,False,False,False,False,False
2504,322.1,False,11,2,False,False,False,True,2,equal_indicator_weights|flood_binary_omitted,True,True,False,False,False,False,False,False,False,False
2505,322.2,True,11,8,False,False,False,True,3,equal_indicator_weights|flood_binary_omitted|flood_depth_omitted,True,True,True,False,False,False,False,False,False,False
2506,3220,True,11,10,False,False,False,True,1,flood_binary_omitted,False,True,False,False,False,False,False,False,False,False
2507,3221,False,11,3,False,False,False,True,3,literacy_direction_reversed|loan_burden_direction|robust_p01_p99_bounds,False,False,False,True,False,True,False,True,False,False
2508,3222,False,11,0,False,False,True,False,0,,False,False,False,False,False,False,False,False,False,False
2509,3223,False,11,0,False,False,True,False,0,,False,False,False,False,False,False,False,False,False,False
2510,3224,False,11,1,False,False,False,True,1,loan_burden_direction,False,False,False,False,False,True,False,False,False,False
2511,3226,True,11,11,True,True,False,False,0,,False,False,False,False,False,False,False,False,False,False
2512,3227,False,11,0,False,False,True,False,0,,False,False,False,False,False,False,False,False,False,False
2513,3228,False,11,0,False,False,True,False,0,,False,False,False,False,False,False,False,False,False,False
2514,3229,True,11,10,False,False,False,True,1,loan_burden_direction,False,False,False,False,False,True,False,False,False,False
2515,323,False,11,0,False,False,True,False,0,,False,False,False,False,False,False,False,False,False,False
2516,3230,True,11,11,True,True,False,False,0,,False,False,False,False,False,False,False,False,False,False
2517,3231,True,11,11,True,True,False,False,0,,False,False,False,False,False,False,False,False,False,False
2518,3232,False,11,1,False,False,False,True,1,loan_burden_direction,False,False,False,False,False,True,False,False,False,False
2519,3233,True,11,11,True,True,False,False,0,,False,False,False,False,False,False,False,False,False,False
2520,3234,False,11,3,False,False,False,True,3,loan_burden_direction|loan_omitted|robust_p01_p99_bounds,False,False,False,False,False,True,True,True,False,False
2521,3235.1,True,11,10,False,False,False,True,1,loan_burden_direction,False,False,False,False,False,True,False,False,False,False
2522,3235.2,True,11,10,False,False,False,True,1,loan_burden_direction,False,False,False,False,False,True,False,False,False,False
2523,3236,False,11,2,False,False,False,True,2,equal_indicator_weights|flood_binary_omitted,True,True,False,False,False,False,False,False,False,False
2524,3237,False,11,0,False,False,True,False,0,,False,False,False,False,False,False,False,False,False,False
2525,3238,True,11,11,True,True,False,False,0,,False,False,False,False,False,False,False,False,False,False
2526,3239,True,11,11,True,True,False,False,0,,False,False,False,False,False,False,False,False,False,False
2527,324,False,11,3,False,False,False,True,3,loan_burden_direction|loan_omitted|robust_p01_p99_bounds,False,False,False,False,False,True,True,True,False,False
2528,3240,False,11,0,False,False,True,False,0,,False,False,False,False,False,False,False,False,False,False
2529,3241,True,11,7,False,False,False,True,4,equal_indicator_weights|flood_binary_omitted|literacy_direction_reversed|literacy_omitted,True,True,False,True,True,False,False,False,False,False
2530,3242,True,11,7,False,False,False,True,4,equal_indicator_weights|flood_binary_omitted|literacy_direction_reversed|literacy_omitted,True,True,False,True,True,False,False,False,False,False
2531,3243,True,11,11,True,True,False,False,0,,False,False,False,False,False,False,False,False,False,False
2532,3244.1,False,11,3,False,False,False,True,3,equal_indicator_weights|flood_binary_omitted|literacy_omitted,True,True,False,False,True,False,False,False,False,False
2533,3244.2,False,11,0,False,False,True,False,0,,False,False,False,False,False,False,False,False,False,False
2534,3245,False,11,1,False,False,False,True,1,loan_burden_direction,False,False,False,False,False,True,False,False,False,False
2535,3246,False,11,0,False,False,True,False,0,,False,False,False,False,False,False,False,False,False,False
2536,3248,True,11,11,True,True,False,False,0,,False,False,False,False,False,False,False,False,False,False
2537,3249,False,11,0,False,False,True,False,0,,False,False,False,False,False,False,False,False,False,False
2538,325,False,11,0,False,False,True,False,0,,False,False,False,False,False,False,False,False,False,False
2539,3250,True,11,9,False,False,False,True,2,equal_indicator_weights|flood_binary_omitted,True,True,False,False,False,False,False,False,False,False
2540,3251,True,11,10,False,False,False,True,1,flood_binary_omitted,False,True,False,False,False,False,False,False,False,False
2541,3252,False,11,0,False,False,True,False,0,,False,False,False,False,False,False,False,False,False,False
2542,3254,False,11,0,False,False,True,False,0,,False,False,False,False,False,False,False,False,False,False
2543,3255,False,11,0,False,False,True,False,0,,False,False,False,False,False,False,False,False,False,False
2544,3257,False,11,0,False,False,True,False,0,,False,False,False,False,False,False,False,False,False,False
2545,3258,True,11,8,False,False,False,True,3,flood_binary_omitted|loan_burden_direction|loan_omitted,False,True,False,False,False,True,True,False,False,False
2546,3259,False,11,0,False,False,True,False,0,,False,False,False,False,False,False,False,False,False,False
2547,326,False,11,1,False,False,False,True,1,robust_p01_p99_bounds,False,False,False,False,False,False,False,True,False,False
2548,3260,False,11,0,False,False,True,False,0,,False,False,False,False,False,False,False,False,False,False
2549,3261,True,11,10,False,False,False,True,1,flood_binary_omitted,False,True,False,False,False,False,False,False,False,False
2550,3262,True,11,10,False,False,False,True,1,loan_burden_direction,False,False,False,False,False,True,False,False,False,False
2551,3263,False,11,0,False,False,True,False,0,,False,False,False,False,False,False,False,False,False,False
2552,3264,True,11,10,False,False,False,True,1,flood_binary_omitted,False,True,False,False,False,False,False,False,False,False
2553,3265,True,11,11,True,True,False,False,0,,False,False,False,False,False,False,False,False,False,False
2554,3266,True,11,9,False,False,False,True,2,flood_binary_omitted|literacy_direction_reversed,False,True,False,True,False,False,False,False,False,False
2555,3267,False,11,0,False,False,True,False,0,,False,False,False,False,False,False,False,False,False,False
2556,3268,True,11,10,False,False,False,True,1,loan_burden_direction,False,False,False,False,False,True,False,False,False,False
2557,3269,False,11,0,False,False,True,False,0,,False,False,False,False,False,False,False,False,False,False
2558,327,True,11,11,True,True,False,False,0,,False,False,False,False,False,False,False,False,False,False
2559,3270,False,11,1,False,False,False,True,1,loan_burden_direction,False,False,False,False,False,True,False,False,False,False
2560,3271,False,11,0,False,False,True,False,0,,False,False,False,False,False,False,False,False,False,False
2561,3272,True,11,11,True,True,False,False,0,,False,False,False,False,False,False,False,False,False,False
2562,3273,True,11,11,True,True,False,False,0,,False,False,False,False,False,False,False,False,False,False
2563,3275,True,11,11,True,True,False,False,0,,False,False,False,False,False,False,False,False,False,False
2564,3276,True,11,5,False,False,False,True,6,flood_depth_omitted|literacy_direction_reversed|literacy_omitted|loan_burden_direction|loan_omitted|robust_p01_p99_bounds,False,False,True,True,True,True,True,True,False,False
2565,3277,False,11,0,False,False,True,False,0,,False,False,False,False,False,False,False,False,False,False
2566,3279,True,11,10,False,False,False,True,1,flood_binary_omitted,False,True,False,False,False,False,False,False,False,False
2567,328,True,11,9,False,False,False,True,2,flood_binary_omitted|robust_p01_p99_bounds,False,True,False,False,False,False,False,True,False,False
2568,3280,False,11,0,False,False,True,False,0,,False,False,False,False,False,False,False,False,False,False
2569,3281,False,11,0,False,False,True,False,0,,False,False,False,False,False,False,False,False,False,False
2570,3283,True,11,10,False,False,False,True,1,loan_burden_direction,False,False,False,False,False,True,False,False,False,False
2571,3284,True,11,9,False,False,False,True,2,equal_indicator_weights|flood_binary_omitted,True,True,False,False,False,False,False,False,False,False
2572,3285,True,11,9,False,False,False,True,2,flood_binary_omitted|literacy_direction_reversed,False,True,False,True,False,False,False,False,False,False
2573,3286.1,True,11,7,False,False,False,True,4,flood_binary_omitted|loan_burden_direction|loan_omitted|robust_p01_p99_bounds,False,True,False,False,False,True,True,True,False,False
2574,3286.2,True,11,8,False,False,False,True,3,flood_binary_omitted|loan_burden_direction|loan_omitted,False,True,False,False,False,True,True,False,False,False
2575,3287,False,11,0,False,False,True,False,0,,False,False,False,False,False,False,False,False,False,False
2576,3288,False,11,0,False,False,True,False,0,,False,False,False,False,False,False,False,False,False,False
2577,3289,False,11,0,False,False,True,False,0,,False,False,False,False,False,False,False,False,False,False
2578,329.1,False,11,0,False,False,True,False,0,,False,False,False,False,False,False,False,False,False,False
2579,329.2,True,11,10,False,False,False,True,1,loan_burden_direction,False,False,False,False,False,True,False,False,False,False
2580,3290,False,11,2,False,False,False,True,2,loan_burden_direction|loan_omitted,False,False,False,False,False,True,True,False,False,False
2581,3291,False,11,0,False,False,True,False,0,,False,False,False,False,False,False,False,False,False,False
2582,3292,False,11,0,False,False,True,False,0,,False,False,False,False,False,False,False,False,False,False
2583,3293,True,11,7,False,False,False,True,4,flood_depth_omitted|literacy_direction_reversed|loan_burden_direction|loan_omitted,False,False,True,True,False,True,True,False,False,False
2584,3294,False,11,0,False,False,True,False,0,,False,False,False,False,False,False,False,False,False,False
2585,3296,False,11,2,False,False,False,True,2,equal_indicator_weights|flood_binary_omitted,True,True,False,False,False,False,False,False,False,False
2586,3297,True,11,9,False,False,False,True,2,equal_indicator_weights|flood_binary_omitted,True,True,False,False,False,False,False,False,False,False
2587,3298,True,11,11,True,True,False,False,0,,False,False,False,False,False,False,False,False,False,False
2588,3299,False,11,0,False,False,True,False,0,,False,False,False,False,False,False,False,False,False,False
2589,33,False,11,0,False,False,True,False,0,,False,False,False,False,False,False,False,False,False,False
2590,330,False,11,0,False,False,True,False,0,,False,False,False,False,False,False,False,False,False,False
2591,3300,False,11,0,False,False,True,False,0,,False,False,False,False,False,False,False,False,False,False
2592,3301,False,11,0,False,False,True,False,0,,False,False,False,False,False,False,False,False,False,False
2593,3302,True,11,11,True,True,False,False,0,,False,False,False,False,False,False,False,False,False,False
2594,3303,True,11,7,False,False,False,True,4,flood_binary_omitted|loan_burden_direction|loan_omitted|robust_p01_p99_bounds,False,True,False,False,False,True,True,True,False,False
2595,3304,False,11,0,False,False,True,False,0,,False,False,False,False,False,False,False,False,False,False
2596,3306,True,11,6,False,False,False,True,5,equal_indicator_weights|flood_binary_omitted|literacy_direction_reversed|literacy_omitted|robust_p01_p99_bounds,True,True,False,True,True,False,False,True,False,False
2597,3307,True,11,8,False,False,False,True,3,flood_binary_omitted|literacy_direction_reversed|literacy_omitted,False,True,False,True,True,False,False,False,False,False
2598,3308.1,False,11,0,False,False,True,False,0,,False,False,False,False,False,False,False,False,False,False
2599,3308.2,False,11,0,False,False,True,False,0,,False,False,False,False,False,False,False,False,False,False
2600,3309,False,11,0,False,False,True,False,0,,False,False,False,False,False,False,False,False,False,False
2601,331,True,11,9,False,False,False,True,2,flood_binary_omitted|literacy_direction_reversed,False,True,False,True,False,False,False,False,False,False
2602,3310,True,11,11,True,True,False,False,0,,False,False,False,False,False,False,False,False,False,False
2603,3311,False,11,0,False,False,True,False,0,,False,False,False,False,False,False,False,False,False,False
2604,3313,False,11,3,False,False,False,True,3,literacy_direction_reversed|loan_burden_direction|loan_omitted,False,False,False,True,False,True,True,False,False,False
2605,3314,True,11,9,False,False,False,True,2,flood_binary_omitted|robust_p01_p99_bounds,False,True,False,False,False,False,False,True,False,False
2606,3316,False,11,0,False,False,True,False,0,,False,False,False,False,False,False,False,False,False,False
2607,3317,False,11,0,False,False,True,False,0,,False,False,False,False,False,False,False,False,False,False
2608,3318,False,11,3,False,False,False,True,3,literacy_direction_reversed|loan_burden_direction|loan_omitted,False,False,False,True,False,True,True,False,False,False
2609,3319,False,11,5,False,False,False,True,5,flood_depth_omitted|literacy_direction_reversed|literacy_omitted|loan_burden_direction|loan_omitted,False,False,True,True,True,True,True,False,False,False
2610,332,False,11,0,False,False,True,False,0,,False,False,False,False,False,False,False,False,False,False
2611,3321,False,11,1,False,False,False,True,1,loan_burden_direction,False,False,False,False,False,True,False,False,False,False
2612,3322.1,True,11,10,False,False,False,True,1,loan_burden_direction,False,False,False,False,False,True,False,False,False,False
2613,3322.2,False,11,0,False,False,True,False,0,,False,False,False,False,False,False,False,False,False,False
2614,3324,False,11,0,False,False,True,False,0,,False,False,False,False,False,False,False,False,False,False
2615,3325,True,11,10,False,False,False,True,1,loan_burden_direction,False,False,False,False,False,True,False,False,False,False
2616,3326,True,11,11,True,True,False,False,0,,False,False,False,False,False,False,False,False,False,False
2617,3327,False,11,2,False,False,False,True,2,loan_burden_direction|robust_p01_p99_bounds,False,False,False,False,False,True,False,True,False,False
2618,3328,False,11,0,False,False,True,False,0,,False,False,False,False,False,False,False,False,False,False
2619,3329,False,11,0,False,False,True,False,0,,False,False,False,False,False,False,False,False,False,False
2620,333,False,11,2,False,False,False,True,2,equal_indicator_weights|flood_binary_omitted,True,True,False,False,False,False,False,False,False,False
2621,3330,False,11,2,False,False,False,True,2,loan_burden_direction|loan_omitted,False,False,False,False,False,True,True,False,False,False
2622,3331,False,11,0,False,False,True,False,0,,False,False,False,False,False,False,False,False,False,False
2623,3332,False,11,0,False,False,True,False,0,,False,False,False,False,False,False,False,False,False,False
2624,3333,True,11,5,False,False,False,True,6,flood_depth_omitted|literacy_direction_reversed|literacy_omitted|loan_burden_direction|loan_omitted|robust_p01_p99_bounds,False,False,True,True,True,True,True,True,False,False
2625,3334,False,11,0,False,False,True,False,0,,False,False,False,False,False,False,False,False,False,False
2626,3335,True,11,11,True,True,False,False,0,,False,False,False,False,False,False,False,False,False,False
2627,3337,False,11,0,False,False,True,False,0,,False,False,False,False,False,False,False,False,False,False
2628,3338,False,11,0,False,False,True,False,0,,False,False,False,False,False,False,False,False,False,False
2629,3339,False,11,0,False,False,True,False,0,,False,False,False,False,False,False,False,False,False,False
2630,334,False,11,1,False,False,False,True,1,flood_binary_omitted,False,True,False,False,False,False,False,False,False,False
2631,3340,False,11,0,False,False,True,False,0,,False,False,False,False,False,False,False,False,False,False
2632,3341,True,11,6,False,False,False,True,5,flood_binary_omitted|literacy_direction_reversed|literacy_omitted|loan_burden_direction|loan_omitted,False,True,False,True,True,True,True,False,False,False
2633,3342.1,False,11,0,False,False,True,False,0,,False,False,False,False,False,False,False,False,False,False
2634,3342.2,False,11,6,False,False,False,True,6,flood_depth_omitted|literacy_direction_reversed|literacy_omitted|loan_burden_direction|loan_omitted|robust_p01_p99_bounds,False,False,True,True,True,True,True,True,False,False
2635,3343,False,11,0,False,False,True,False,0,,False,False,False,False,False,False,False,False,False,False
2636,3344,False,11,1,False,False,False,True,1,flood_binary_omitted,False,True,False,False,False,False,False,False,False,False
2637,3345,False,11,0,False,False,True,False,0,,False,False,False,False,False,False,False,False,False,False
2638,3346,True,11,5,False,False,False,True,6,equal_indicator_weights|flood_binary_omitted|literacy_direction_reversed|literacy_omitted|loan_burden_direction|loan_omitted,True,True,False,True,True,True,True,False,False,False
2639,3347,False,11,2,False,False,False,True,2,equal_indicator_weights|flood_binary_omitted,True,True,False,False,False,False,False,False,False,False
2640,3348,False,11,2,False,False,False,True,2,equal_indicator_weights|flood_binary_omitted,True,True,False,False,False,False,False,False,False,False
2641,3349.1,False,11,0,False,False,True,False,0,,False,False,False,False,False,False,False,False,False,False
2642,3349.2,False,11,2,False,False,False,True,2,loan_burden_direction|robust_p01_p99_bounds,False,False,False,False,False,True,False,True,False,False
2643,335,False,11,1,False,False,False,True,1,loan_burden_direction,False,False,False,False,False,True,False,False,False,False
2644,3350,False,11,0,False,False,True,False,0,,False,False,False,False,False,False,False,False,False,False
2645,3351,False,11,0,False,False,True,False,0,,False,False,False,False,False,False,False,False,False,False
2646,3352,False,11,0,False,False,True,False,0,,False,False,False,False,False,False,False,False,False,False
2647,3353,False,11,0,False,False,True,False,0,,False,False,False,False,False,False,False,False,False,False
2648,3354,False,11,0,False,False,True,False,0,,False,False,False,False,False,False,False,False,False,False
2649,3355,False,11,2,False,False,False,True,2,equal_indicator_weights|flood_binary_omitted,True,True,False,False,False,False,False,False,False,False
2650,3356,False,11,0,False,False,True,False,0,,False,False,False,False,False,False,False,False,False,False
2651,3357,True,11,5,False,False,False,True,6,flood_binary_omitted|literacy_direction_reversed|literacy_omitted|loan_burden_direction|loan_omitted|robust_p01_p99_bounds,False,True,False,True,True,True,True,True,False,False
2652,3358,False,11,0,False,False,True,False,0,,False,False,False,False,False,False,False,False,False,False
2653,3359,False,11,0,False,False,True,False,0,,False,False,False,False,False,False,False,False,False,False
2654,336.1,False,11,0,False,False,True,False,0,,False,False,False,False,False,False,False,False,False,False
2655,336.2,False,11,0,False,False,True,False,0,,False,False,False,False,False,False,False,False,False,False
2656,3360,False,11,0,False,False,True,False,0,,False,False,False,False,False,False,False,False,False,False
2657,3361,False,11,0,False,False,True,False,0,,False,False,False,False,False,False,False,False,False,False
2658,3362,False,11,0,False,False,True,False,0,,False,False,False,False,False,False,False,False,False,False
2659,3363,False,11,0,False,False,True,False,0,,False,False,False,False,False,False,False,False,False,False
2660,3365,False,11,0,False,False,True,False,0,,False,False,False,False,False,False,False,False,False,False
2661,3366,False,11,0,False,False,True,False,0,,False,False,False,False,False,False,False,False,False,False
2662,3367,False,11,0,False,False,True,False,0,,False,False,False,False,False,False,False,False,False,False
2663,3368,False,11,1,False,False,False,True,1,flood_binary_omitted,False,True,False,False,False,False,False,False,False,False
2664,3369,False,11,0,False,False,True,False,0,,False,False,False,False,False,False,False,False,False,False
2665,337,False,11,0,False,False,True,False,0,,False,False,False,False,False,False,False,False,False,False
2666,3370,False,11,0,False,False,True,False,0,,False,False,False,False,False,False,False,False,False,False
2667,3371,False,11,0,False,False,True,False,0,,False,False,False,False,False,False,False,False,False,False
2668,3372,False,11,2,False,False,False,True,2,equal_indicator_weights|flood_binary_omitted,True,True,False,False,False,False,False,False,False,False
2669,3373,False,11,0,False,False,True,False,0,,False,False,False,False,False,False,False,False,False,False
2670,3374,False,11,2,False,False,False,True,2,loan_burden_direction|loan_omitted,False,False,False,False,False,True,True,False,False,False
2671,3375,False,11,0,False,False,True,False,0,,False,False,False,False,False,False,False,False,False,False
2672,3376,False,11,2,False,False,False,True,2,equal_indicator_weights|flood_binary_omitted,True,True,False,False,False,False,False,False,False,False
2673,3377,False,11,0,False,False,True,False,0,,False,False,False,False,False,False,False,False,False,False
2674,3378,False,11,0,False,False,True,False,0,,False,False,False,False,False,False,False,False,False,False
2675,3379,False,11,0,False,False,True,False,0,,False,False,False,False,False,False,False,False,False,False
2676,338.1,False,11,0,False,False,True,False,0,,False,False,False,False,False,False,False,False,False,False
2677,338.2,False,11,4,False,False,False,True,4,equal_indicator_weights|flood_binary_omitted|zero_meal_households_excluded|zero_meals_as_missing,True,True,False,False,False,False,False,False,True,True
2678,3380,True,11,6,False,False,False,True,5,flood_depth_omitted|literacy_direction_reversed|literacy_omitted|loan_burden_direction|loan_omitted,False,False,True,True,True,True,True,False,False,False
2679,3381,True,11,11,True,True,False,False,0,,False,False,False,False,False,False,False,False,False,False
2680,3383,False,11,2,False,False,False,True,2,equal_indicator_weights|flood_binary_omitted,True,True,False,False,False,False,False,False,False,False
2681,3384,True,11,10,False,False,False,True,1,flood_binary_omitted,False,True,False,False,False,False,False,False,False,False
2682,3385,False,11,0,False,False,True,False,0,,False,False,False,False,False,False,False,False,False,False
2683,3386,False,11,4,False,False,False,True,4,equal_indicator_weights|flood_binary_omitted|literacy_direction_reversed|literacy_omitted,True,True,False,True,True,False,False,False,False,False
2684,3388,False,11,0,False,False,True,False,0,,False,False,False,False,False,False,False,False,False,False
2685,339,False,11,0,False,False,True,False,0,,False,False,False,False,False,False,False,False,False,False
2686,3391,True,11,10,False,False,False,True,1,loan_burden_direction,False,False,False,False,False,True,False,False,False,False
2687,3393,True,11,9,False,False,False,True,2,loan_burden_direction|loan_omitted,False,False,False,False,False,True,True,False,False,False
2688,3394,True,11,7,False,False,False,True,4,equal_indicator_weights|flood_binary_omitted|literacy_direction_reversed|literacy_omitted,True,True,False,True,True,False,False,False,False,False
2689,3398.1,True,11,11,True,True,False,False,0,,False,False,False,False,False,False,False,False,False,False
2690,3398.2,True,11,9,False,False,False,True,2,literacy_direction_reversed|loan_burden_direction,False,False,False,True,False,True,False,False,False,False
2691,3399,True,11,11,True,True,False,False,0,,False,False,False,False,False,False,False,False,False,False
2692,34,True,11,11,True,True,False,False,0,,False,False,False,False,False,False,False,False,False,False
2693,3400,True,11,10,False,False,False,True,1,flood_binary_omitted,False,True,False,False,False,False,False,False,False,False
2694,3401,False,11,1,False,False,False,True,1,flood_binary_omitted,False,True,False,False,False,False,False,False,False,False
2695,3402.1,False,11,1,False,False,False,True,1,flood_binary_omitted,False,True,False,False,False,False,False,False,False,False
2696,3402.2,False,11,4,False,False,False,True,4,equal_indicator_weights|flood_binary_omitted|literacy_direction_reversed|literacy_omitted,True,True,False,True,True,False,False,False,False,False
2697,3403,False,11,0,False,False,True,False,0,,False,False,False,False,False,False,False,False,False,False
2698,3404,False,11,6,False,False,False,True,6,flood_depth_omitted|literacy_direction_reversed|literacy_omitted|loan_burden_direction|loan_omitted|zero_meals_as_missing,False,False,True,True,True,True,True,False,False,True
2699,3405,True,11,9,False,False,False,True,2,loan_burden_direction|loan_omitted,False,False,False,False,False,True,True,False,False,False
2700,3406,True,11,11,True,True,False,False,0,,False,False,False,False,False,False,False,False,False,False
2701,3407,False,11,0,False,False,True,False,0,,False,False,False,False,False,False,False,False,False,False
2702,3408,True,11,11,True,True,False,False,0,,False,False,False,False,False,False,False,False,False,False
2703,3409,False,11,0,False,False,True,False,0,,False,False,False,False,False,False,False,False,False,False
2704,341,True,11,8,False,False,False,True,3,equal_indicator_weights|flood_binary_omitted|robust_p01_p99_bounds,True,True,False,False,False,False,False,True,False,False
2705,3411,True,11,11,True,True,False,False,0,,False,False,False,False,False,False,False,False,False,False
2706,3412,True,11,11,True,True,False,False,0,,False,False,False,False,False,False,False,False,False,False
2707,3413,True,11,11,True,True,False,False,0,,False,False,False,False,False,False,False,False,False,False
2708,3414,True,11,11,True,True,False,False,0,,False,False,False,False,False,False,False,False,False,False
2709,3415,True,11,11,True,True,False,False,0,,False,False,False,False,False,False,False,False,False,False
2710,3416,False,11,1,False,False,False,True,1,flood_binary_omitted,False,True,False,False,False,False,False,False,False,False
2711,3417,True,11,11,True,True,False,False,0,,False,False,False,False,False,False,False,False,False,False
2712,3418,True,11,9,False,False,False,True,2,equal_indicator_weights|flood_binary_omitted,True,True,False,False,False,False,False,False,False,False
2713,3419,True,11,7,False,False,False,True,4,literacy_direction_reversed|literacy_omitted|loan_burden_direction|robust_p01_p99_bounds,False,False,False,True,True,True,False,True,False,False
2714,342,False,11,4,False,False,False,True,4,equal_indicator_weights|flood_binary_omitted|literacy_direction_reversed|literacy_omitted,True,True,False,True,True,False,False,False,False,False
2715,3420,True,11,11,True,True,False,False,0,,False,False,False,False,False,False,False,False,False,False
2716,3421,True,11,10,False,False,False,True,1,loan_burden_direction,False,False,False,False,False,True,False,False,False,False
2717,3422,True,11,10,False,False,False,True,1,loan_burden_direction,False,False,False,False,False,True,False,False,False,False
2718,3423,False,11,2,False,False,False,True,2,flood_binary_omitted|loan_burden_direction,False,True,False,False,False,True,False,False,False,False
2719,3424,True,11,10,False,False,False,True,1,loan_burden_direction,False,False,False,False,False,True,False,False,False,False
2720,3426,False,11,0,False,False,True,False,0,,False,False,False,False,False,False,False,False,False,False
2721,3427,False,11,5,False,False,False,True,5,flood_depth_omitted|literacy_direction_reversed|literacy_omitted|loan_burden_direction|loan_omitted,False,False,True,True,True,True,True,False,False,False
2722,3429,True,11,11,True,True,False,False,0,,False,False,False,False,False,False,False,False,False,False
2723,343,True,11,11,True,True,False,False,0,,False,False,False,False,False,False,False,False,False,False
2724,3430,True,11,10,False,False,False,True,1,flood_binary_omitted,False,True,False,False,False,False,False,False,False,False
2725,3431,True,11,11,True,True,False,False,0,,False,False,False,False,False,False,False,False,False,False
2726,3432,True,11,10,False,False,False,True,1,literacy_direction_reversed,False,False,False,True,False,False,False,False,False,False
2727,3433,True,11,9,False,False,False,True,2,equal_indicator_weights|flood_binary_omitted,True,True,False,False,False,False,False,False,False,False
2728,3434,False,11,0,False,False,True,False,0,,False,False,False,False,False,False,False,False,False,False
2729,3435,True,11,10,False,False,False,True,1,loan_burden_direction,False,False,False,False,False,True,False,False,False,False
2730,3436,False,11,2,False,False,False,True,2,equal_indicator_weights|flood_binary_omitted,True,True,False,False,False,False,False,False,False,False
2731,3437,True,11,11,True,True,False,False,0,,False,False,False,False,False,False,False,False,False,False
2732,3438,True,11,9,False,False,False,True,2,equal_indicator_weights|flood_binary_omitted,True,True,False,False,False,False,False,False,False,False
2733,3439,True,11,11,True,True,False,False,0,,False,False,False,False,False,False,False,False,False,False
2734,3440,True,11,8,False,False,False,True,3,flood_depth_omitted|loan_burden_direction|loan_omitted,False,False,True,False,False,True,True,False,False,False
2735,3441,False,11,1,False,False,False,True,1,flood_binary_omitted,False,True,False,False,False,False,False,False,False,False
2736,3442,True,11,11,True,True,False,False,0,,False,False,False,False,False,False,False,False,False,False
2737,3443,True,11,10,False,False,False,True,1,loan_burden_direction,False,False,False,False,False,True,False,False,False,False
2738,3444,True,11,11,True,True,False,False,0,,False,False,False,False,False,False,False,False,False,False
2739,3445,True,11,11,True,True,False,False,0,,False,False,False,False,False,False,False,False,False,False
2740,3446,True,11,11,True,True,False,False,0,,False,False,False,False,False,False,False,False,False,False
2741,3447,True,11,11,True,True,False,False,0,,False,False,False,False,False,False,False,False,False,False
2742,3448,False,11,0,False,False,True,False,0,,False,False,False,False,False,False,False,False,False,False
2743,3449,False,11,1,False,False,False,True,1,flood_binary_omitted,False,True,False,False,False,False,False,False,False,False
2744,345,False,11,1,False,False,False,True,1,flood_binary_omitted,False,True,False,False,False,False,False,False,False,False
2745,3450,True,11,11,True,True,False,False,0,,False,False,False,False,False,False,False,False,False,False
2746,3451,False,11,5,False,False,False,True,5,equal_indicator_weights|flood_binary_omitted|loan_burden_direction|loan_omitted|robust_p01_p99_bounds,True,True,False,False,False,True,True,True,False,False
2747,3452,True,11,11,True,True,False,False,0,,False,False,False,False,False,False,False,False,False,False
2748,3453,False,11,2,False,False,False,True,2,equal_indicator_weights|flood_binary_omitted,True,True,False,False,False,False,False,False,False,False
2749,3454,True,11,11,True,True,False,False,0,,False,False,False,False,False,False,False,False,False,False
2750,3456,False,11,1,False,False,False,True,1,flood_binary_omitted,False,True,False,False,False,False,False,False,False,False
2751,3457,False,11,0,False,False,True,False,0,,False,False,False,False,False,False,False,False,False,False
2752,3458,False,11,4,False,False,False,True,4,equal_indicator_weights|flood_binary_omitted|loan_burden_direction|loan_omitted,True,True,False,False,False,True,True,False,False,False
2753,3459,False,11,0,False,False,True,False,0,,False,False,False,False,False,False,False,False,False,False
2754,346,True,11,11,True,True,False,False,0,,False,False,False,False,False,False,False,False,False,False
2755,3461,True,11,10,False,False,False,True,1,flood_binary_omitted,False,True,False,False,False,False,False,False,False,False
2756,3462,True,11,10,False,False,False,True,1,flood_depth_omitted,False,False,True,False,False,False,False,False,False,False
2757,3463,False,11,2,False,False,False,True,2,loan_burden_direction|loan_omitted,False,False,False,False,False,True,True,False,False,False
2758,3464,True,11,9,False,False,False,True,2,equal_indicator_weights|flood_binary_omitted,True,True,False,False,False,False,False,False,False,False
2759,3465,False,11,0,False,False,True,False,0,,False,False,False,False,False,False,False,False,False,False
2760,3466,False,11,1,False,False,False,True,1,loan_burden_direction,False,False,False,False,False,True,False,False,False,False
2761,3468,False,11,5,False,False,False,True,5,flood_depth_omitted|literacy_direction_reversed|literacy_omitted|loan_burden_direction|loan_omitted,False,False,True,True,True,True,True,False,False,False
2762,3469,False,11,0,False,False,True,False,0,,False,False,False,False,False,False,False,False,False,False
2763,347,False,11,1,False,False,False,True,1,loan_burden_direction,False,False,False,False,False,True,False,False,False,False
2764,3470,True,11,6,False,False,False,True,5,flood_binary_omitted|literacy_direction_reversed|literacy_omitted|loan_burden_direction|loan_omitted,False,True,False,True,True,True,True,False,False,False
2765,3471,False,11,5,False,False,False,True,5,literacy_direction_reversed|literacy_omitted|loan_burden_direction|loan_omitted|robust_p01_p99_bounds,False,False,False,True,True,True,True,True,False,False
2766,3472,True,11,10,False,False,False,True,1,flood_binary_omitted,False,True,False,False,False,False,False,False,False,False
2767,3473,False,11,0,False,False,True,False,0,,False,False,False,False,False,False,False,False,False,False
2768,3474.1,False,11,0,False,False,True,False,0,,False,False,False,False,False,False,False,False,False,False
2769,3474.2,False,11,3,False,False,False,True,3,literacy_direction_reversed|loan_burden_direction|loan_omitted,False,False,False,True,False,True,True,False,False,False
2770,3475,False,11,0,False,False,True,False,0,,False,False,False,False,False,False,False,False,False,False
2771,3476,True,11,9,False,False,False,True,2,flood_binary_omitted|literacy_direction_reversed,False,True,False,True,False,False,False,False,False,False
2772,3477,False,11,0,False,False,True,False,0,,False,False,False,False,False,False,False,False,False,False
2773,3478,False,11,0,False,False,True,False,0,,False,False,False,False,False,False,False,False,False,False
2774,3479,False,11,0,False,False,True,False,0,,False,False,False,False,False,False,False,False,False,False
2775,348,True,11,11,True,True,False,False,0,,False,False,False,False,False,False,False,False,False,False
2776,3480,False,11,2,False,False,False,True,2,literacy_direction_reversed|literacy_omitted,False,False,False,True,True,False,False,False,False,False
2777,3481,False,11,0,False,False,True,False,0,,False,False,False,False,False,False,False,False,False,False
2778,3482.1,False,11,3,False,False,False,True,3,literacy_direction_reversed|loan_burden_direction|robust_p01_p99_bounds,False,False,False,True,False,True,False,True,False,False
2779,3482.2,False,11,0,False,False,True,False,0,,False,False,False,False,False,False,False,False,False,False
2780,3483,False,11,2,False,False,False,True,2,loan_burden_direction|robust_p01_p99_bounds,False,False,False,False,False,True,False,True,False,False
2781,3485,False,11,0,False,False,True,False,0,,False,False,False,False,False,False,False,False,False,False
2782,3486,False,11,0,False,False,True,False,0,,False,False,False,False,False,False,False,False,False,False
2783,3487,False,11,1,False,False,False,True,1,loan_burden_direction,False,False,False,False,False,True,False,False,False,False
2784,3488,True,11,8,False,False,False,True,3,flood_binary_omitted|loan_burden_direction|loan_omitted,False,True,False,False,False,True,True,False,False,False
2785,3489,False,11,0,False,False,True,False,0,,False,False,False,False,False,False,False,False,False,False
2786,349,False,11,0,False,False,True,False,0,,False,False,False,False,False,False,False,False,False,False
2787,3490,True,11,11,True,True,False,False,0,,False,False,False,False,False,False,False,False,False,False
2788,3491,True,11,10,False,False,False,True,1,loan_burden_direction,False,False,False,False,False,True,False,False,False,False
2789,3492,False,11,0,False,False,True,False,0,,False,False,False,False,False,False,False,False,False,False
2790,3493,False,11,1,False,False,False,True,1,flood_binary_omitted,False,True,False,False,False,False,False,False,False,False
2791,3494,True,11,10,False,False,False,True,1,loan_burden_direction,False,False,False,False,False,True,False,False,False,False
2792,3495,True,11,11,True,True,False,False,0,,False,False,False,False,False,False,False,False,False,False
2793,3496,False,11,5,False,False,False,True,5,equal_indicator_weights|flood_binary_omitted|literacy_direction_reversed|literacy_omitted|robust_p01_p99_bounds,True,True,False,True,True,False,False,True,False,False
2794,3497,True,11,9,False,False,False,True,2,flood_binary_omitted|literacy_direction_reversed,False,True,False,True,False,False,False,False,False,False
2795,3498,False,11,5,False,False,False,True,5,literacy_direction_reversed|literacy_omitted|loan_burden_direction|loan_omitted|robust_p01_p99_bounds,False,False,False,True,True,True,True,True,False,False
2796,3499,False,11,0,False,False,True,False,0,,False,False,False,False,False,False,False,False,False,False
2797,35,False,11,0,False,False,True,False,0,,False,False,False,False,False,False,False,False,False,False
2798,350,False,11,4,False,False,False,True,4,equal_indicator_weights|flood_depth_omitted|loan_burden_direction|loan_omitted,True,False,True,False,False,True,True,False,False,False
2799,3501,True,11,10,False,False,False,True,1,loan_burden_direction,False,False,False,False,False,True,False,False,False,False
2800,3502,True,11,8,False,False,False,True,3,flood_binary_omitted|literacy_direction_reversed|literacy_omitted,False,True,False,True,True,False,False,False,False,False
2801,3503,True,11,8,False,False,False,True,3,flood_binary_omitted|literacy_direction_reversed|literacy_omitted,False,True,False,True,True,False,False,False,False,False
2802,3504,False,11,4,False,False,False,True,4,literacy_direction_reversed|literacy_omitted|loan_burden_direction|loan_omitted,False,False,False,True,True,True,True,False,False,False
2803,3505,False,11,1,False,False,False,True,1,flood_binary_omitted,False,True,False,False,False,False,False,False,False,False
2804,3506.1,True,11,10,False,False,False,True,1,literacy_direction_reversed,False,False,False,True,False,False,False,False,False,False
2805,3506.2,False,11,1,False,False,False,True,1,loan_burden_direction,False,False,False,False,False,True,False,False,False,False
2806,3507.1,False,11,0,False,False,True,False,0,,False,False,False,False,False,False,False,False,False,False
2807,3507.2,True,11,10,False,False,False,True,1,flood_binary_omitted,False,True,False,False,False,False,False,False,False,False
2808,3508,True,11,10,False,False,False,True,1,flood_binary_omitted,False,True,False,False,False,False,False,False,False,False
2809,351,False,11,0,False,False,True,False,0,,False,False,False,False,False,False,False,False,False,False
2810,3510,False,11,0,False,False,True,False,0,,False,False,False,False,False,False,False,False,False,False
2811,3511,False,11,2,False,False,False,True,2,equal_indicator_weights|flood_binary_omitted,True,True,False,False,False,False,False,False,False,False
2812,3512,True,11,11,True,True,False,False,0,,False,False,False,False,False,False,False,False,False,False
2813,3513.1,False,11,3,False,False,False,True,3,literacy_direction_reversed|loan_burden_direction|loan_omitted,False,False,False,True,False,True,True,False,False,False
2814,3513.2,False,11,0,False,False,True,False,0,,False,False,False,False,False,False,False,False,False,False
2815,3514,True,11,11,True,True,False,False,0,,False,False,False,False,False,False,False,False,False,False
2816,3515,False,11,0,False,False,True,False,0,,False,False,False,False,False,False,False,False,False,False
2817,3516,False,11,2,False,False,False,True,2,equal_indicator_weights|flood_binary_omitted,True,True,False,False,False,False,False,False,False,False
2818,3517.1,False,11,0,False,False,True,False,0,,False,False,False,False,False,False,False,False,False,False
2819,3517.2,False,11,4,False,False,False,True,4,literacy_direction_reversed|loan_burden_direction|loan_omitted|robust_p01_p99_bounds,False,False,False,True,False,True,True,True,False,False
2820,3517.3,True,11,9,False,False,False,True,2,equal_indicator_weights|flood_binary_omitted,True,True,False,False,False,False,False,False,False,False
2821,3517.4,False,11,0,False,False,True,False,0,,False,False,False,False,False,False,False,False,False,False
2822,3518,True,11,10,False,False,False,True,1,flood_binary_omitted,False,True,False,False,False,False,False,False,False,False
2823,3519,False,11,1,False,False,False,True,1,loan_burden_direction,False,False,False,False,False,True,False,False,False,False
2824,352,False,11,1,False,False,False,True,1,flood_binary_omitted,False,True,False,False,False,False,False,False,False,False
2825,3520,True,11,7,False,False,False,True,4,flood_depth_omitted|literacy_direction_reversed|loan_burden_direction|loan_omitted,False,False,True,True,False,True,True,False,False,False
2826,3521,True,11,8,False,False,False,True,3,flood_depth_omitted|loan_burden_direction|loan_omitted,False,False,True,False,False,True,True,False,False,False
2827,3522,True,11,9,False,False,False,True,2,loan_burden_direction|loan_omitted,False,False,False,False,False,True,True,False,False,False
2828,3523,False,11,0,False,False,True,False,0,,False,False,False,False,False,False,False,False,False,False
2829,3524,False,11,4,False,False,False,True,4,flood_depth_omitted|loan_burden_direction|loan_omitted|robust_p01_p99_bounds,False,False,True,False,False,True,True,True,False,False
2830,3525,False,11,5,False,False,False,True,5,flood_depth_omitted|literacy_direction_reversed|literacy_omitted|loan_burden_direction|loan_omitted,False,False,True,True,True,True,True,False,False,False
2831,3526,False,11,0,False,False,True,False,0,,False,False,False,False,False,False,False,False,False,False
2832,3527,True,11,10,False,False,False,True,1,loan_burden_direction,False,False,False,False,False,True,False,False,False,False
2833,3528,True,11,11,True,True,False,False,0,,False,False,False,False,False,False,False,False,False,False
2834,3529,False,11,4,False,False,False,True,4,literacy_direction_reversed|literacy_omitted|loan_burden_direction|loan_omitted,False,False,False,True,True,True,True,False,False,False
2835,353,False,11,2,False,False,False,True,2,flood_binary_omitted|robust_p01_p99_bounds,False,True,False,False,False,False,False,True,False,False
2836,3530,False,11,1,False,False,False,True,1,flood_binary_omitted,False,True,False,False,False,False,False,False,False,False
2837,3531,True,11,11,True,True,False,False,0,,False,False,False,False,False,False,False,False,False,False
2838,3532.1,False,11,4,False,False,False,True,4,literacy_direction_reversed|literacy_omitted|loan_burden_direction|loan_omitted,False,False,False,True,True,True,True,False,False,False
2839,3532.2,True,11,10,False,False,False,True,1,loan_burden_direction,False,False,False,False,False,True,False,False,False,False
2840,3533.1,False,11,1,False,False,False,True,1,loan_burden_direction,False,False,False,False,False,True,False,False,False,False
2841,3533.2,True,11,11,True,True,False,False,0,,False,False,False,False,False,False,False,False,False,False
2842,3534,False,11,0,False,False,True,False,0,,False,False,False,False,False,False,False,False,False,False
2843,3535,False,11,0,False,False,True,False,0,,False,False,False,False,False,False,False,False,False,False
2844,3536.1,False,11,1,False,False,False,True,1,flood_binary_omitted,False,True,False,False,False,False,False,False,False,False
2845,3536.2,False,11,2,False,False,False,True,2,literacy_direction_reversed|loan_burden_direction,False,False,False,True,False,True,False,False,False,False
2846,3537,True,11,11,True,True,False,False,0,,False,False,False,False,False,False,False,False,False,False
2847,3538,False,11,1,False,False,False,True,1,loan_burden_direction,False,False,False,False,False,True,False,False,False,False
2848,3539,False,11,0,False,False,True,False,0,,False,False,False,False,False,False,False,False,False,False
2849,354,False,11,0,False,False,True,False,0,,False,False,False,False,False,False,False,False,False,False
2850,3540,True,11,11,True,True,False,False,0,,False,False,False,False,False,False,False,False,False,False
2851,3541,True,11,11,True,True,False,False,0,,False,False,False,False,False,False,False,False,False,False
2852,3542,True,11,11,True,True,False,False,0,,False,False,False,False,False,False,False,False,False,False
2853,3543,False,11,3,False,False,False,True,3,literacy_direction_reversed|loan_burden_direction|loan_omitted,False,False,False,True,False,True,True,False,False,False
2854,3544,True,11,10,False,False,False,True,1,flood_binary_omitted,False,True,False,False,False,False,False,False,False,False
2855,3545,True,11,9,False,False,False,True,2,flood_binary_omitted|literacy_direction_reversed,False,True,False,True,False,False,False,False,False,False
2856,3546,False,11,5,False,False,False,True,5,literacy_direction_reversed|literacy_omitted|loan_burden_direction|loan_omitted|robust_p01_p99_bounds,False,False,False,True,True,True,True,True,False,False
2857,3547,True,11,10,False,False,False,True,1,flood_binary_omitted,False,True,False,False,False,False,False,False,False,False
2858,3548,False,11,1,False,False,False,True,1,flood_binary_omitted,False,True,False,False,False,False,False,False,False,False
2859,3549,False,11,1,False,False,False,True,1,flood_binary_omitted,False,True,False,False,False,False,False,False,False,False
2860,355,False,11,0,False,False,True,False,0,,False,False,False,False,False,False,False,False,False,False
2861,3550,False,11,5,False,False,False,True,5,flood_depth_omitted|literacy_direction_reversed|literacy_omitted|loan_burden_direction|loan_omitted,False,False,True,True,True,True,True,False,False,False
2862,3551,False,11,0,False,False,True,False,0,,False,False,False,False,False,False,False,False,False,False
2863,3552,False,11,0,False,False,True,False,0,,False,False,False,False,False,False,False,False,False,False
2864,3553,False,11,0,False,False,True,False,0,,False,False,False,False,False,False,False,False,False,False
2865,3554,False,11,0,False,False,True,False,0,,False,False,False,False,False,False,False,False,False,False
2866,3555,False,11,0,False,False,True,False,0,,False,False,False,False,False,False,False,False,False,False
2867,3556,False,11,0,False,False,True,False,0,,False,False,False,False,False,False,False,False,False,False
2868,3557,False,11,0,False,False,True,False,0,,False,False,False,False,False,False,False,False,False,False
2869,3558,False,11,0,False,False,True,False,0,,False,False,False,False,False,False,False,False,False,False
2870,3559,False,11,0,False,False,True,False,0,,False,False,False,False,False,False,False,False,False,False
2871,356,False,11,0,False,False,True,False,0,,False,False,False,False,False,False,False,False,False,False
2872,3560.1,False,11,0,False,False,True,False,0,,False,False,False,False,False,False,False,False,False,False
2873,3560.2,True,11,10,False,False,False,True,1,flood_binary_omitted,False,True,False,False,False,False,False,False,False,False
2874,3561,False,11,0,False,False,True,False,0,,False,False,False,False,False,False,False,False,False,False
2875,3564,False,11,0,False,False,True,False,0,,False,False,False,False,False,False,False,False,False,False
2876,3565,False,11,0,False,False,True,False,0,,False,False,False,False,False,False,False,False,False,False
2877,3566,False,11,0,False,False,True,False,0,,False,False,False,False,False,False,False,False,False,False
2878,3567,False,11,0,False,False,True,False,0,,False,False,False,False,False,False,False,False,False,False
2879,3568,False,11,0,False,False,True,False,0,,False,False,False,False,False,False,False,False,False,False
2880,3569,False,11,0,False,False,True,False,0,,False,False,False,False,False,False,False,False,False,False
2881,3570,False,11,0,False,False,True,False,0,,False,False,False,False,False,False,False,False,False,False
2882,3571,False,11,1,False,False,False,True,1,literacy_direction_reversed,False,False,False,True,False,False,False,False,False,False
2883,3572,False,11,0,False,False,True,False,0,,False,False,False,False,False,False,False,False,False,False
2884,3573,True,11,7,False,False,False,True,4,flood_binary_omitted|loan_burden_direction|loan_omitted|robust_p01_p99_bounds,False,True,False,False,False,True,True,True,False,False
2885,3574,False,11,0,False,False,True,False,0,,False,False,False,False,False,False,False,False,False,False
2886,3576,False,11,0,False,False,True,False,0,,False,False,False,False,False,False,False,False,False,False
2887,3578,False,11,4,False,False,False,True,4,literacy_direction_reversed|literacy_omitted|loan_burden_direction|loan_omitted,False,False,False,True,True,True,True,False,False,False
2888,3579,False,11,0,False,False,True,False,0,,False,False,False,False,False,False,False,False,False,False
2889,358,False,11,2,False,False,False,True,2,equal_indicator_weights|flood_binary_omitted,True,True,False,False,False,False,False,False,False,False
2890,3580,False,11,0,False,False,True,False,0,,False,False,False,False,False,False,False,False,False,False
2891,3581,False,11,1,False,False,False,True,1,robust_p01_p99_bounds,False,False,False,False,False,False,False,True,False,False
2892,3582,False,11,0,False,False,True,False,0,,False,False,False,False,False,False,False,False,False,False
2893,3583,False,11,0,False,False,True,False,0,,False,False,False,False,False,False,False,False,False,False
2894,3584,True,11,8,False,False,False,True,3,flood_depth_omitted|loan_burden_direction|loan_omitted,False,False,True,False,False,True,True,False,False,False
2895,3585,False,11,0,False,False,True,False,0,,False,False,False,False,False,False,False,False,False,False
2896,3586,True,11,10,False,False,False,True,1,loan_burden_direction,False,False,False,False,False,True,False,False,False,False
2897,3587,False,11,0,False,False,True,False,0,,False,False,False,False,False,False,False,False,False,False
2898,3588.1,True,11,8,False,False,False,True,3,flood_binary_omitted|literacy_direction_reversed|literacy_omitted,False,True,False,True,True,False,False,False,False,False
2899,3588.2,False,11,0,False,False,True,False,0,,False,False,False,False,False,False,False,False,False,False
2900,3590,False,11,0,False,False,True,False,0,,False,False,False,False,False,False,False,False,False,False
2901,3591,False,11,0,False,False,True,False,0,,False,False,False,False,False,False,False,False,False,False
2902,3592,False,11,0,False,False,True,False,0,,False,False,False,False,False,False,False,False,False,False
2903,3593,False,11,1,False,False,False,True,1,flood_binary_omitted,False,True,False,False,False,False,False,False,False,False
2904,3594,False,11,1,False,False,False,True,1,loan_burden_direction,False,False,False,False,False,True,False,False,False,False
2905,3595,True,11,10,False,False,False,True,1,loan_burden_direction,False,False,False,False,False,True,False,False,False,False
2906,3596,True,11,10,False,False,False,True,1,loan_burden_direction,False,False,False,False,False,True,False,False,False,False
2907,3597,True,11,7,False,False,False,True,4,equal_indicator_weights|flood_binary_omitted|literacy_direction_reversed|literacy_omitted,True,True,False,True,True,False,False,False,False,False
2908,3598,True,11,9,False,False,False,True,2,flood_binary_omitted|literacy_direction_reversed,False,True,False,True,False,False,False,False,False,False
2909,3599,False,11,0,False,False,True,False,0,,False,False,False,False,False,False,False,False,False,False
2910,36,True,11,9,False,False,False,True,2,flood_binary_omitted|robust_p01_p99_bounds,False,True,False,False,False,False,False,True,False,False
2911,360,True,11,11,True,True,False,False,0,,False,False,False,False,False,False,False,False,False,False
2912,3600,True,11,6,False,False,False,True,5,flood_depth_omitted|literacy_direction_reversed|literacy_omitted|loan_burden_direction|loan_omitted,False,False,True,True,True,True,True,False,False,False
2913,3601,True,11,10,False,False,False,True,1,flood_binary_omitted,False,True,False,False,False,False,False,False,False,False
2914,3602,False,11,4,False,False,False,True,4,literacy_direction_reversed|literacy_omitted|loan_burden_direction|loan_omitted,False,False,False,True,True,True,True,False,False,False
2915,3603,True,11,10,False,False,False,True,1,loan_burden_direction,False,False,False,False,False,True,False,False,False,False
2916,3604,False,11,0,False,False,True,False,0,,False,False,False,False,False,False,False,False,False,False
2917,3606,False,11,0,False,False,True,False,0,,False,False,False,False,False,False,False,False,False,False
2918,3608,False,11,2,False,False,False,True,2,loan_burden_direction|robust_p01_p99_bounds,False,False,False,False,False,True,False,True,False,False
2919,3609.1,True,11,9,False,False,False,True,2,loan_burden_direction|loan_omitted,False,False,False,False,False,True,True,False,False,False
2920,3609.2,True,11,11,True,True,False,False,0,,False,False,False,False,False,False,False,False,False,False
2921,361,False,11,2,False,False,False,True,2,equal_indicator_weights|flood_binary_omitted,True,True,False,False,False,False,False,False,False,False
2922,3610,False,11,0,False,False,True,False,0,,False,False,False,False,False,False,False,False,False,False
2923,3611,True,11,7,False,False,False,True,4,flood_binary_omitted|literacy_direction_reversed|literacy_omitted|robust_p01_p99_bounds,False,True,False,True,True,False,False,True,False,False
2924,3612,True,11,10,False,False,False,True,1,literacy_direction_reversed,False,False,False,True,False,False,False,False,False,False
2925,3613.1,False,11,0,False,False,True,False,0,,False,False,False,False,False,False,False,False,False,False
2926,3613.2,False,11,2,False,False,False,True,2,equal_indicator_weights|flood_binary_omitted,True,True,False,False,False,False,False,False,False,False
2927,3614,False,11,2,False,False,False,True,2,loan_burden_direction|robust_p01_p99_bounds,False,False,False,False,False,True,False,True,False,False
2928,3615,False,11,4,False,False,False,True,4,literacy_direction_reversed|loan_burden_direction|loan_omitted|robust_p01_p99_bounds,False,False,False,True,False,True,True,True,False,False
2929,3616,False,11,2,False,False,False,True,2,loan_burden_direction|robust_p01_p99_bounds,False,False,False,False,False,True,False,True,False,False
2930,3617,True,11,5,False,False,False,True,6,flood_depth_omitted|literacy_direction_reversed|literacy_omitted|loan_burden_direction|loan_omitted|robust_p01_p99_bounds,False,False,True,True,True,True,True,True,False,False
2931,3618,True,11,8,False,False,False,True,3,flood_binary_omitted|literacy_direction_reversed|literacy_omitted,False,True,False,True,True,False,False,False,False,False
2932,3619,False,11,1,False,False,False,True,1,flood_binary_omitted,False,True,False,False,False,False,False,False,False,False
2933,362,True,11,10,False,False,False,True,1,loan_burden_direction,False,False,False,False,False,True,False,False,False,False
2934,3620.1,True,11,11,True,True,False,False,0,,False,False,False,False,False,False,False,False,False,False
2935,3620.2,False,11,0,False,False,True,False,0,,False,False,False,False,False,False,False,False,False,False
2936,3621,False,11,1,False,False,False,True,1,flood_binary_omitted,False,True,False,False,False,False,False,False,False,False
2937,3622,True,11,10,False,False,False,True,1,flood_binary_omitted,False,True,False,False,False,False,False,False,False,False
2938,3623.1,True,11,10,False,False,False,True,1,loan_burden_direction,False,False,False,False,False,True,False,False,False,False
2939,3623.2,True,11,11,True,True,False,False,0,,False,False,False,False,False,False,False,False,False,False
2940,3624,True,11,7,False,False,False,True,4,equal_indicator_weights|flood_binary_omitted|loan_burden_direction|loan_omitted,True,True,False,False,False,True,True,False,False,False
2941,3625.1,True,11,10,False,False,False,True,1,flood_binary_omitted,False,True,False,False,False,False,False,False,False,False
2942,3625.2,False,11,2,False,False,False,True,2,literacy_direction_reversed|literacy_omitted,False,False,False,True,True,False,False,False,False,False
2943,3626,True,11,8,False,False,False,True,3,flood_binary_omitted|loan_burden_direction|loan_omitted,False,True,False,False,False,True,True,False,False,False
2944,3627,False,11,4,False,False,False,True,4,equal_indicator_weights|flood_depth_omitted|literacy_direction_reversed|literacy_omitted,True,False,True,True,True,False,False,False,False,False
2945,3628,True,11,10,False,False,False,True,1,loan_burden_direction,False,False,False,False,False,True,False,False,False,False
2946,3629,False,11,0,False,False,True,False,0,,False,False,False,False,False,False,False,False,False,False
2947,363,False,11,0,False,False,True,False,0,,False,False,False,False,False,False,False,False,False,False
2948,3630,False,11,0,False,False,True,False,0,,False,False,False,False,False,False,False,False,False,False
2949,3631.1,True,11,7,False,False,False,True,4,equal_indicator_weights|flood_binary_omitted|literacy_direction_reversed|literacy_omitted,True,True,False,True,True,False,False,False,False,False
2950,3631.2,False,11,0,False,False,True,False,0,,False,False,False,False,False,False,False,False,False,False
2951,3632.1,True,11,10,False,False,False,True,1,flood_binary_omitted,False,True,False,False,False,False,False,False,False,False
2952,3633.2,False,11,0,False,False,True,False,0,,False,False,False,False,False,False,False,False,False,False
2953,3634,False,11,0,False,False,True,False,0,,False,False,False,False,False,False,False,False,False,False
2954,3635,False,11,0,False,False,True,False,0,,False,False,False,False,False,False,False,False,False,False
2955,3636,False,11,0,False,False,True,False,0,,False,False,False,False,False,False,False,False,False,False
2956,3637,False,11,0,False,False,True,False,0,,False,False,False,False,False,False,False,False,False,False
2957,3638,True,11,10,False,False,False,True,1,literacy_direction_reversed,False,False,False,True,False,False,False,False,False,False
2958,3639,False,11,0,False,False,True,False,0,,False,False,False,False,False,False,False,False,False,False
2959,364,True,11,10,False,False,False,True,1,loan_burden_direction,False,False,False,False,False,True,False,False,False,False
2960,3640,False,11,1,False,False,False,True,1,flood_binary_omitted,False,True,False,False,False,False,False,False,False,False
2961,3641,False,11,1,False,False,False,True,1,flood_binary_omitted,False,True,False,False,False,False,False,False,False,False
2962,3642,True,11,8,False,False,False,True,3,equal_indicator_weights|flood_binary_omitted|flood_depth_omitted,True,True,True,False,False,False,False,False,False,False
2963,3643,False,11,0,False,False,True,False,0,,False,False,False,False,False,False,False,False,False,False
2964,3644,True,11,7,False,False,False,True,4,flood_binary_omitted|loan_burden_direction|loan_omitted|robust_p01_p99_bounds,False,True,False,False,False,True,True,True,False,False
2965,3646,False,11,0,False,False,True,False,0,,False,False,False,False,False,False,False,False,False,False
2966,3647.1,False,11,0,False,False,True,False,0,,False,False,False,False,False,False,False,False,False,False
2967,3647.2,True,11,10,False,False,False,True,1,flood_binary_omitted,False,True,False,False,False,False,False,False,False,False
2968,3648.1,True,11,10,False,False,False,True,1,loan_burden_direction,False,False,False,False,False,True,False,False,False,False
2969,3648.2,False,11,0,False,False,True,False,0,,False,False,False,False,False,False,False,False,False,False
2970,3648.3,True,11,11,True,True,False,False,0,,False,False,False,False,False,False,False,False,False,False
2971,3649,True,11,10,False,False,False,True,1,loan_burden_direction,False,False,False,False,False,True,False,False,False,False
2972,365,False,11,0,False,False,True,False,0,,False,False,False,False,False,False,False,False,False,False
2973,3650,False,11,0,False,False,True,False,0,,False,False,False,False,False,False,False,False,False,False
2974,3651,False,11,4,False,False,False,True,4,equal_indicator_weights|flood_binary_omitted|loan_burden_direction|loan_omitted,True,True,False,False,False,True,True,False,False,False
2975,3652,False,11,2,False,False,False,True,2,equal_indicator_weights|flood_binary_omitted,True,True,False,False,False,False,False,False,False,False
2976,3654,False,11,0,False,False,True,False,0,,False,False,False,False,False,False,False,False,False,False
2977,3655,False,11,0,False,False,True,False,0,,False,False,False,False,False,False,False,False,False,False
2978,3656,False,11,0,False,False,True,False,0,,False,False,False,False,False,False,False,False,False,False
2979,3657,False,11,2,False,False,False,True,2,literacy_direction_reversed|literacy_omitted,False,False,False,True,True,False,False,False,False,False
2980,3659,False,11,0,False,False,True,False,0,,False,False,False,False,False,False,False,False,False,False
2981,366,False,11,0,False,False,True,False,0,,False,False,False,False,False,False,False,False,False,False
2982,3660,False,11,0,False,False,True,False,0,,False,False,False,False,False,False,False,False,False,False
2983,3661,False,11,0,False,False,True,False,0,,False,False,False,False,False,False,False,False,False,False
2984,3662,False,11,0,False,False,True,False,0,,False,False,False,False,False,False,False,False,False,False
2985,3663,False,11,0,False,False,True,False,0,,False,False,False,False,False,False,False,False,False,False
2986,3664,True,11,11,True,True,False,False,0,,False,False,False,False,False,False,False,False,False,False
2987,3665,False,11,0,False,False,True,False,0,,False,False,False,False,False,False,False,False,False,False
2988,3666,False,11,0,False,False,True,False,0,,False,False,False,False,False,False,False,False,False,False
2989,3667,False,11,0,False,False,True,False,0,,False,False,False,False,False,False,False,False,False,False
2990,3668,False,11,0,False,False,True,False,0,,False,False,False,False,False,False,False,False,False,False
2991,3669,False,11,0,False,False,True,False,0,,False,False,False,False,False,False,False,False,False,False
2992,367,False,11,0,False,False,True,False,0,,False,False,False,False,False,False,False,False,False,False
2993,3670,False,11,0,False,False,True,False,0,,False,False,False,False,False,False,False,False,False,False
2994,3671,False,11,0,False,False,True,False,0,,False,False,False,False,False,False,False,False,False,False
2995,3672,False,11,0,False,False,True,False,0,,False,False,False,False,False,False,False,False,False,False
2996,3674,False,11,0,False,False,True,False,0,,False,False,False,False,False,False,False,False,False,False
2997,3675,False,11,0,False,False,True,False,0,,False,False,False,False,False,False,False,False,False,False
2998,3676,False,11,0,False,False,True,False,0,,False,False,False,False,False,False,False,False,False,False
2999,3677,False,11,0,False,False,True,False,0,,False,False,False,False,False,False,False,False,False,False
3000,3678,False,11,0,False,False,True,False,0,,False,False,False,False,False,False,False,False,False,False
3001,3679,False,11,0,False,False,True,False,0,,False,False,False,False,False,False,False,False,False,False
3002,368.1,False,11,0,False,False,True,False,0,,False,False,False,False,False,False,False,False,False,False
3003,368.2,True,11,10,False,False,False,True,1,flood_binary_omitted,False,True,False,False,False,False,False,False,False,False
3004,3681,False,11,0,False,False,True,False,0,,False,False,False,False,False,False,False,False,False,False
3005,3682,False,11,0,False,False,True,False,0,,False,False,False,False,False,False,False,False,False,False
3006,3683,True,11,11,True,True,False,False,0,,False,False,False,False,False,False,False,False,False,False
3007,3684,False,11,0,False,False,True,False,0,,False,False,False,False,False,False,False,False,False,False
3008,3685,False,11,0,False,False,True,False,0,,False,False,False,False,False,False,False,False,False,False
3009,3686,True,11,10,False,False,False,True,1,loan_burden_direction,False,False,False,False,False,True,False,False,False,False
3010,3687,True,11,7,False,False,False,True,4,flood_binary_omitted|loan_burden_direction|loan_omitted|robust_p01_p99_bounds,False,True,False,False,False,True,True,True,False,False
3011,3688,False,11,0,False,False,True,False,0,,False,False,False,False,False,False,False,False,False,False
3012,3689,False,11,0,False,False,True,False,0,,False,False,False,False,False,False,False,False,False,False
3013,369,False,11,2,False,False,False,True,2,literacy_direction_reversed|loan_burden_direction,False,False,False,True,False,True,False,False,False,False
3014,3690,False,11,1,False,False,False,True,1,loan_burden_direction,False,False,False,False,False,True,False,False,False,False
3015,3691,False,11,0,False,False,True,False,0,,False,False,False,False,False,False,False,False,False,False
3016,3692,False,11,0,False,False,True,False,0,,False,False,False,False,False,False,False,False,False,False
3017,3693,False,11,1,False,False,False,True,1,loan_burden_direction,False,False,False,False,False,True,False,False,False,False
3018,3694,False,11,2,False,False,False,True,2,equal_indicator_weights|flood_binary_omitted,True,True,False,False,False,False,False,False,False,False
3019,3695,False,11,0,False,False,True,False,0,,False,False,False,False,False,False,False,False,False,False
3020,3696,True,11,10,False,False,False,True,1,loan_burden_direction,False,False,False,False,False,True,False,False,False,False
3021,3697,True,11,11,True,True,False,False,0,,False,False,False,False,False,False,False,False,False,False
3022,3698,True,11,11,True,True,False,False,0,,False,False,False,False,False,False,False,False,False,False
3023,3699,True,11,10,False,False,False,True,1,loan_burden_direction,False,False,False,False,False,True,False,False,False,False
3024,37,True,11,9,False,False,False,True,2,flood_binary_omitted|literacy_direction_reversed,False,True,False,True,False,False,False,False,False,False
3025,370,False,11,0,False,False,True,False,0,,False,False,False,False,False,False,False,False,False,False
3026,3700,False,11,0,False,False,True,False,0,,False,False,False,False,False,False,False,False,False,False
3027,3701,True,11,7,False,False,False,True,4,flood_binary_omitted|loan_burden_direction|loan_omitted|robust_p01_p99_bounds,False,True,False,False,False,True,True,True,False,False
3028,3702,False,11,0,False,False,True,False,0,,False,False,False,False,False,False,False,False,False,False
3029,3703,False,11,3,False,False,False,True,3,equal_indicator_weights|loan_burden_direction|loan_omitted,True,False,False,False,False,True,True,False,False,False
3030,3704,True,11,7,False,False,False,True,4,flood_binary_omitted|flood_depth_omitted|literacy_direction_reversed|literacy_omitted,False,True,True,True,True,False,False,False,False,False
3031,3705,False,11,1,False,False,False,True,1,loan_burden_direction,False,False,False,False,False,True,False,False,False,False
3032,3706,False,11,0,False,False,True,False,0,,False,False,False,False,False,False,False,False,False,False
3033,3707,False,11,0,False,False,True,False,0,,False,False,False,False,False,False,False,False,False,False
3034,3708,False,11,0,False,False,True,False,0,,False,False,False,False,False,False,False,False,False,False
3035,3709,True,11,11,True,True,False,False,0,,False,False,False,False,False,False,False,False,False,False
3036,371,False,11,0,False,False,True,False,0,,False,False,False,False,False,False,False,False,False,False
3037,3710,False,11,0,False,False,True,False,0,,False,False,False,False,False,False,False,False,False,False
3038,3711,False,11,0,False,False,True,False,0,,False,False,False,False,False,False,False,False,False,False
3039,3712,False,11,0,False,False,True,False,0,,False,False,False,False,False,False,False,False,False,False
3040,3713,False,11,0,False,False,True,False,0,,False,False,False,False,False,False,False,False,False,False
3041,3714,False,11,0,False,False,True,False,0,,False,False,False,False,False,False,False,False,False,False
3042,3715,False,11,0,False,False,True,False,0,,False,False,False,False,False,False,False,False,False,False
3043,3717,False,11,0,False,False,True,False,0,,False,False,False,False,False,False,False,False,False,False
3044,3718,False,11,0,False,False,True,False,0,,False,False,False,False,False,False,False,False,False,False
3045,3719,False,11,0,False,False,True,False,0,,False,False,False,False,False,False,False,False,False,False
3046,372,True,11,10,False,False,False,True,1,loan_burden_direction,False,False,False,False,False,True,False,False,False,False
3047,3720,True,11,10,False,False,False,True,1,flood_binary_omitted,False,True,False,False,False,False,False,False,False,False
3048,3721,False,11,0,False,False,True,False,0,,False,False,False,False,False,False,False,False,False,False
3049,3722,True,11,11,True,True,False,False,0,,False,False,False,False,False,False,False,False,False,False
3050,3723,True,11,10,False,False,False,True,1,flood_binary_omitted,False,True,False,False,False,False,False,False,False,False
3051,3724,False,11,2,False,False,False,True,2,equal_indicator_weights|flood_binary_omitted,True,True,False,False,False,False,False,False,False,False
3052,3725,False,11,0,False,False,True,False,0,,False,False,False,False,False,False,False,False,False,False
3053,3726,False,11,0,False,False,True,False,0,,False,False,False,False,False,False,False,False,False,False
3054,3727,False,11,5,False,False,False,True,5,literacy_direction_reversed|literacy_omitted|loan_burden_direction|loan_omitted|robust_p01_p99_bounds,False,False,False,True,True,True,True,True,False,False
3055,3728,False,11,0,False,False,True,False,0,,False,False,False,False,False,False,False,False,False,False
3056,3729,True,11,8,False,False,False,True,3,equal_indicator_weights|flood_binary_omitted|flood_depth_omitted,True,True,True,False,False,False,False,False,False,False
3057,373,False,11,0,False,False,True,False,0,,False,False,False,False,False,False,False,False,False,False
3058,3730,True,11,11,True,True,False,False,0,,False,False,False,False,False,False,False,False,False,False
3059,3731,False,11,1,False,False,False,True,1,loan_burden_direction,False,False,False,False,False,True,False,False,False,False
3060,3732,False,11,2,False,False,False,True,2,equal_indicator_weights|flood_binary_omitted,True,True,False,False,False,False,False,False,False,False
3061,3733,True,11,9,False,False,False,True,2,equal_indicator_weights|flood_binary_omitted,True,True,False,False,False,False,False,False,False,False
3062,3734,False,11,0,False,False,True,False,0,,False,False,False,False,False,False,False,False,False,False
3063,3735,False,11,0,False,False,True,False,0,,False,False,False,False,False,False,False,False,False,False
3064,3736,True,11,7,False,False,False,True,4,flood_binary_omitted|literacy_direction_reversed|literacy_omitted|robust_p01_p99_bounds,False,True,False,True,True,False,False,True,False,False
3065,3737,False,11,0,False,False,True,False,0,,False,False,False,False,False,False,False,False,False,False
3066,3738,False,11,2,False,False,False,True,2,literacy_direction_reversed|literacy_omitted,False,False,False,True,True,False,False,False,False,False
3067,3739,False,11,0,False,False,True,False,0,,False,False,False,False,False,False,False,False,False,False
3068,374,False,11,0,False,False,True,False,0,,False,False,False,False,False,False,False,False,False,False
3069,3740,False,11,0,False,False,True,False,0,,False,False,False,False,False,False,False,False,False,False
3070,3741,False,11,2,False,False,False,True,2,equal_indicator_weights|flood_binary_omitted,True,True,False,False,False,False,False,False,False,False
3071,3742,False,11,0,False,False,True,False,0,,False,False,False,False,False,False,False,False,False,False
3072,3743,False,11,0,False,False,True,False,0,,False,False,False,False,False,False,False,False,False,False
3073,3744,False,11,0,False,False,True,False,0,,False,False,False,False,False,False,False,False,False,False
3074,3745,False,11,1,False,False,False,True,1,flood_binary_omitted,False,True,False,False,False,False,False,False,False,False
3075,3746,True,11,9,False,False,False,True,2,equal_indicator_weights|flood_binary_omitted,True,True,False,False,False,False,False,False,False,False
3076,3747,False,11,1,False,False,False,True,1,flood_binary_omitted,False,True,False,False,False,False,False,False,False,False
3077,3749.1,True,11,8,False,False,False,True,3,flood_binary_omitted|loan_burden_direction|loan_omitted,False,True,False,False,False,True,True,False,False,False
3078,3749.2,False,11,5,False,False,False,True,5,flood_binary_omitted|literacy_direction_reversed|literacy_omitted|loan_burden_direction|loan_omitted,False,True,False,True,True,True,True,False,False,False
3079,3750,False,11,0,False,False,True,False,0,,False,False,False,False,False,False,False,False,False,False
3080,3751,False,11,2,False,False,False,True,2,equal_indicator_weights|flood_binary_omitted,True,True,False,False,False,False,False,False,False,False
3081,3752,False,11,1,False,False,False,True,1,flood_binary_omitted,False,True,False,False,False,False,False,False,False,False
3082,3753,False,11,0,False,False,True,False,0,,False,False,False,False,False,False,False,False,False,False
3083,3754,False,11,0,False,False,True,False,0,,False,False,False,False,False,False,False,False,False,False
3084,3755,False,11,0,False,False,True,False,0,,False,False,False,False,False,False,False,False,False,False
3085,3756,False,11,0,False,False,True,False,0,,False,False,False,False,False,False,False,False,False,False
3086,3757,False,11,0,False,False,True,False,0,,False,False,False,False,False,False,False,False,False,False
3087,3758,False,11,0,False,False,True,False,0,,False,False,False,False,False,False,False,False,False,False
3088,3759,False,11,5,False,False,False,True,5,flood_depth_omitted|literacy_direction_reversed|literacy_omitted|loan_burden_direction|loan_omitted,False,False,True,True,True,True,True,False,False,False
3089,376,False,11,0,False,False,True,False,0,,False,False,False,False,False,False,False,False,False,False
3090,3760,False,11,0,False,False,True,False,0,,False,False,False,False,False,False,False,False,False,False
3091,3761,False,11,0,False,False,True,False,0,,False,False,False,False,False,False,False,False,False,False
3092,3762,False,11,3,False,False,False,True,3,equal_indicator_weights|flood_binary_omitted|robust_p01_p99_bounds,True,True,False,False,False,False,False,True,False,False
3093,3763,False,11,0,False,False,True,False,0,,False,False,False,False,False,False,False,False,False,False
3094,3764,False,11,0,False,False,True,False,0,,False,False,False,False,False,False,False,False,False,False
3095,3765.1,False,11,2,False,False,False,True,2,equal_indicator_weights|flood_binary_omitted,True,True,False,False,False,False,False,False,False,False
3096,3765.2,False,11,2,False,False,False,True,2,equal_indicator_weights|flood_binary_omitted,True,True,False,False,False,False,False,False,False,False
3097,3766,True,11,11,True,True,False,False,0,,False,False,False,False,False,False,False,False,False,False
3098,3767,False,11,0,False,False,True,False,0,,False,False,False,False,False,False,False,False,False,False
3099,3768,False,11,0,False,False,True,False,0,,False,False,False,False,False,False,False,False,False,False
3100,3769,False,11,0,False,False,True,False,0,,False,False,False,False,False,False,False,False,False,False
3101,377.1,False,11,0,False,False,True,False,0,,False,False,False,False,False,False,False,False,False,False
3102,377.2,False,11,0,False,False,True,False,0,,False,False,False,False,False,False,False,False,False,False
3103,3770,False,11,0,False,False,True,False,0,,False,False,False,False,False,False,False,False,False,False
3104,3771,True,11,9,False,False,False,True,2,equal_indicator_weights|flood_binary_omitted,True,True,False,False,False,False,False,False,False,False
3105,3772,False,11,1,False,False,False,True,1,flood_binary_omitted,False,True,False,False,False,False,False,False,False,False
3106,3773,False,11,0,False,False,True,False,0,,False,False,False,False,False,False,False,False,False,False
3107,3774,False,11,2,False,False,False,True,2,equal_indicator_weights|flood_binary_omitted,True,True,False,False,False,False,False,False,False,False
3108,3775,False,11,0,False,False,True,False,0,,False,False,False,False,False,False,False,False,False,False
3109,3776,False,11,1,False,False,False,True,1,flood_binary_omitted,False,True,False,False,False,False,False,False,False,False
3110,3777,False,11,0,False,False,True,False,0,,False,False,False,False,False,False,False,False,False,False
3111,3778,False,11,0,False,False,True,False,0,,False,False,False,False,False,False,False,False,False,False
3112,3779,False,11,2,False,False,False,True,2,equal_indicator_weights|flood_binary_omitted,True,True,False,False,False,False,False,False,False,False
3113,378,False,11,1,False,False,False,True,1,flood_binary_omitted,False,True,False,False,False,False,False,False,False,False
3114,3780,False,11,0,False,False,True,False,0,,False,False,False,False,False,False,False,False,False,False
3115,3781.1,True,11,10,False,False,False,True,1,loan_burden_direction,False,False,False,False,False,True,False,False,False,False
3116,3781.2,False,11,0,False,False,True,False,0,,False,False,False,False,False,False,False,False,False,False
3117,3782,False,11,1,False,False,False,True,1,loan_burden_direction,False,False,False,False,False,True,False,False,False,False
3118,3783,False,11,3,False,False,False,True,3,literacy_direction_reversed|loan_burden_direction|loan_omitted,False,False,False,True,False,True,True,False,False,False
3119,3784.1,False,11,2,False,False,False,True,2,equal_indicator_weights|flood_binary_omitted,True,True,False,False,False,False,False,False,False,False
3120,3784.2,True,11,11,True,True,False,False,0,,False,False,False,False,False,False,False,False,False,False
3121,3784.3,False,11,0,False,False,True,False,0,,False,False,False,False,False,False,False,False,False,False
3122,3784.4,True,11,10,False,False,False,True,1,literacy_direction_reversed,False,False,False,True,False,False,False,False,False,False
3123,3785,False,11,2,False,False,False,True,2,literacy_direction_reversed|robust_p01_p99_bounds,False,False,False,True,False,False,False,True,False,False
3124,3786.1.1,True,11,10,False,False,False,True,1,loan_burden_direction,False,False,False,False,False,True,False,False,False,False
3125,3786.1.2,True,11,7,False,False,False,True,4,flood_binary_omitted|loan_burden_direction|loan_omitted|robust_p01_p99_bounds,False,True,False,False,False,True,True,True,False,False
3126,3786.2,True,11,11,True,True,False,False,0,,False,False,False,False,False,False,False,False,False,False
3127,3787,False,11,2,False,False,False,True,2,equal_indicator_weights|flood_binary_omitted,True,True,False,False,False,False,False,False,False,False
3128,3788,False,11,0,False,False,True,False,0,,False,False,False,False,False,False,False,False,False,False
3129,3789.1,False,11,0,False,False,True,False,0,,False,False,False,False,False,False,False,False,False,False
3130,3789.2,False,11,0,False,False,True,False,0,,False,False,False,False,False,False,False,False,False,False
3131,379,False,11,1,False,False,False,True,1,loan_burden_direction,False,False,False,False,False,True,False,False,False,False
3132,3790,True,11,8,False,False,False,True,3,flood_binary_omitted|loan_burden_direction|loan_omitted,False,True,False,False,False,True,True,False,False,False
3133,3791,False,11,0,False,False,True,False,0,,False,False,False,False,False,False,False,False,False,False
3134,3792,True,11,8,False,False,False,True,3,flood_binary_omitted|loan_burden_direction|loan_omitted,False,True,False,False,False,True,True,False,False,False
3135,3793,False,11,0,False,False,True,False,0,,False,False,False,False,False,False,False,False,False,False
3136,3794,False,11,0,False,False,True,False,0,,False,False,False,False,False,False,False,False,False,False
3137,3796,False,11,1,False,False,False,True,1,flood_binary_omitted,False,True,False,False,False,False,False,False,False,False
3138,3797,False,11,0,False,False,True,False,0,,False,False,False,False,False,False,False,False,False,False
3139,3798,False,11,0,False,False,True,False,0,,False,False,False,False,False,False,False,False,False,False
3140,3799,True,11,10,False,False,False,True,1,flood_binary_omitted,False,True,False,False,False,False,False,False,False,False
3141,38.1,False,11,1,False,False,False,True,1,loan_burden_direction,False,False,False,False,False,True,False,False,False,False
3142,38.2,True,11,6,False,False,False,True,5,equal_indicator_weights|flood_binary_omitted|literacy_direction_reversed|literacy_omitted|robust_p01_p99_bounds,True,True,False,True,True,False,False,True,False,False
3143,380,False,11,0,False,False,True,False,0,,False,False,False,False,False,False,False,False,False,False
3144,3800,False,11,0,False,False,True,False,0,,False,False,False,False,False,False,False,False,False,False
3145,3801,False,11,0,False,False,True,False,0,,False,False,False,False,False,False,False,False,False,False
3146,3802,False,11,0,False,False,True,False,0,,False,False,False,False,False,False,False,False,False,False
3147,3803,False,11,2,False,False,False,True,2,loan_burden_direction|loan_omitted,False,False,False,False,False,True,True,False,False,False
3148,3804.1.1,False,11,0,False,False,True,False,0,,False,False,False,False,False,False,False,False,False,False
3149,3804.1.2,False,11,4,False,False,False,True,4,literacy_direction_reversed|literacy_omitted|loan_burden_direction|loan_omitted,False,False,False,True,True,True,True,False,False,False
3150,3804.2,False,11,0,False,False,True,False,0,,False,False,False,False,False,False,False,False,False,False
3151,3805,False,11,0,False,False,True,False,0,,False,False,False,False,False,False,False,False,False,False
3152,3806,False,11,3,False,False,False,True,3,literacy_direction_reversed|loan_burden_direction|loan_omitted,False,False,False,True,False,True,True,False,False,False
3153,3807,False,11,3,False,False,False,True,3,loan_burden_direction|loan_omitted|robust_p01_p99_bounds,False,False,False,False,False,True,True,True,False,False
3154,3808,False,11,3,False,False,False,True,3,loan_burden_direction|loan_omitted|robust_p01_p99_bounds,False,False,False,False,False,True,True,True,False,False
3155,3809,False,11,0,False,False,True,False,0,,False,False,False,False,False,False,False,False,False,False
3156,381,False,11,0,False,False,True,False,0,,False,False,False,False,False,False,False,False,False,False
3157,3810,False,11,0,False,False,True,False,0,,False,False,False,False,False,False,False,False,False,False
3158,3811.1,False,11,0,False,False,True,False,0,,False,False,False,False,False,False,False,False,False,False
3159,3811.2,True,11,11,True,True,False,False,0,,False,False,False,False,False,False,False,False,False,False
3160,3813,False,11,2,False,False,False,True,2,loan_burden_direction|loan_omitted,False,False,False,False,False,True,True,False,False,False
3161,3814,False,11,4,False,False,False,True,4,literacy_direction_reversed|literacy_omitted|loan_burden_direction|loan_omitted,False,False,False,True,True,True,True,False,False,False
3162,3815,False,11,0,False,False,True,False,0,,False,False,False,False,False,False,False,False,False,False
3163,3816.1,False,11,0,False,False,True,False,0,,False,False,False,False,False,False,False,False,False,False
3164,3816.2,False,11,0,False,False,True,False,0,,False,False,False,False,False,False,False,False,False,False
3165,3817,True,11,10,False,False,False,True,1,flood_binary_omitted,False,True,False,False,False,False,False,False,False,False
3166,3818,False,11,3,False,False,False,True,3,equal_indicator_weights|flood_binary_omitted|literacy_omitted,True,True,False,False,True,False,False,False,False,False
3167,3819,False,11,0,False,False,True,False,0,,False,False,False,False,False,False,False,False,False,False
3168,382,False,11,0,False,False,True,False,0,,False,False,False,False,False,False,False,False,False,False
3169,3820.1,False,11,0,False,False,True,False,0,,False,False,False,False,False,False,False,False,False,False
3170,3820.2,False,11,0,False,False,True,False,0,,False,False,False,False,False,False,False,False,False,False
3171,3821,False,11,1,False,False,False,True,1,loan_burden_direction,False,False,False,False,False,True,False,False,False,False
3172,3823,False,11,0,False,False,True,False,0,,False,False,False,False,False,False,False,False,False,False
3173,3824,False,11,1,False,False,False,True,1,flood_binary_omitted,False,True,False,False,False,False,False,False,False,False
3174,3825,False,11,0,False,False,True,False,0,,False,False,False,False,False,False,False,False,False,False
3175,3826.1,False,11,1,False,False,False,True,1,loan_burden_direction,False,False,False,False,False,True,False,False,False,False
3176,3827,False,11,0,False,False,True,False,0,,False,False,False,False,False,False,False,False,False,False
3177,3828,False,11,1,False,False,False,True,1,robust_p01_p99_bounds,False,False,False,False,False,False,False,True,False,False
3178,3829.1,True,11,10,False,False,False,True,1,loan_burden_direction,False,False,False,False,False,True,False,False,False,False
3179,3829.2,False,11,0,False,False,True,False,0,,False,False,False,False,False,False,False,False,False,False
3180,383,True,11,7,False,False,False,True,4,equal_indicator_weights|flood_binary_omitted|literacy_direction_reversed|literacy_omitted,True,True,False,True,True,False,False,False,False,False
3181,3830,True,11,10,False,False,False,True,1,loan_burden_direction,False,False,False,False,False,True,False,False,False,False
3182,3831,False,11,1,False,False,False,True,1,flood_binary_omitted,False,True,False,False,False,False,False,False,False,False
3183,3833.1,True,11,7,False,False,False,True,4,equal_indicator_weights|flood_binary_omitted|loan_burden_direction|loan_omitted,True,True,False,False,False,True,True,False,False,False
3184,3833.2,False,11,1,False,False,False,True,1,flood_binary_omitted,False,True,False,False,False,False,False,False,False,False
3185,3834,True,11,7,False,False,False,True,4,equal_indicator_weights|flood_binary_omitted|loan_burden_direction|loan_omitted,True,True,False,False,False,True,True,False,False,False
3186,3835,True,11,7,False,False,False,True,4,equal_indicator_weights|flood_binary_omitted|loan_burden_direction|loan_omitted,True,True,False,False,False,True,True,False,False,False
3187,3836,True,11,10,False,False,False,True,1,loan_burden_direction,False,False,False,False,False,True,False,False,False,False
3188,3837,True,11,9,False,False,False,True,2,loan_burden_direction|loan_omitted,False,False,False,False,False,True,True,False,False,False
3189,3838,False,11,5,False,False,False,True,5,literacy_direction_reversed|literacy_omitted|loan_burden_direction|loan_omitted|robust_p01_p99_bounds,False,False,False,True,True,True,True,True,False,False
3190,3839,True,11,11,True,True,False,False,0,,False,False,False,False,False,False,False,False,False,False
3191,384,False,11,2,False,False,False,True,2,loan_burden_direction|robust_p01_p99_bounds,False,False,False,False,False,True,False,True,False,False
3192,3840,False,11,3,False,False,False,True,3,literacy_direction_reversed|loan_burden_direction|robust_p01_p99_bounds,False,False,False,True,False,True,False,True,False,False
3193,3841,True,11,9,False,False,False,True,2,loan_burden_direction|loan_omitted,False,False,False,False,False,True,True,False,False,False
3194,3842,True,11,11,True,True,False,False,0,,False,False,False,False,False,False,False,False,False,False
3195,3843,False,11,1,False,False,False,True,1,flood_binary_omitted,False,True,False,False,False,False,False,False,False,False
3196,3844,False,11,2,False,False,False,True,2,equal_indicator_weights|flood_binary_omitted,True,True,False,False,False,False,False,False,False,False
3197,3845,False,11,0,False,False,True,False,0,,False,False,False,False,False,False,False,False,False,False
3198,3846,True,11,7,False,False,False,True,4,flood_binary_omitted|loan_burden_direction|loan_omitted|robust_p01_p99_bounds,False,True,False,False,False,True,True,True,False,False
3199,3847,False,11,1,False,False,False,True,1,flood_binary_omitted,False,True,False,False,False,False,False,False,False,False
3200,3848,False,11,2,False,False,False,True,2,equal_indicator_weights|flood_binary_omitted,True,True,False,False,False,False,False,False,False,False
3201,3849,True,11,9,False,False,False,True,2,loan_burden_direction|loan_omitted,False,False,False,False,False,True,True,False,False,False
3202,385,False,11,0,False,False,True,False,0,,False,False,False,False,False,False,False,False,False,False
3203,3850,False,11,1,False,False,False,True,1,flood_binary_omitted,False,True,False,False,False,False,False,False,False,False
3204,3851,False,11,3,False,False,False,True,3,flood_depth_omitted|literacy_direction_reversed|literacy_omitted,False,False,True,True,True,False,False,False,False,False
3205,3852,False,11,0,False,False,True,False,0,,False,False,False,False,False,False,False,False,False,False
3206,3853,False,11,0,False,False,True,False,0,,False,False,False,False,False,False,False,False,False,False
3207,3854,False,11,0,False,False,True,False,0,,False,False,False,False,False,False,False,False,False,False
3208,3855,True,11,9,False,False,False,True,2,loan_burden_direction|loan_omitted,False,False,False,False,False,True,True,False,False,False
3209,3856,True,11,7,False,False,False,True,4,flood_binary_omitted|loan_burden_direction|loan_omitted|robust_p01_p99_bounds,False,True,False,False,False,True,True,True,False,False
3210,3857,False,11,2,False,False,False,True,2,equal_indicator_weights|flood_binary_omitted,True,True,False,False,False,False,False,False,False,False
3211,3858,False,11,0,False,False,True,False,0,,False,False,False,False,False,False,False,False,False,False
3212,3859.1,False,11,1,False,False,False,True,1,flood_binary_omitted,False,True,False,False,False,False,False,False,False,False
3213,3859.2,False,11,1,False,False,False,True,1,flood_binary_omitted,False,True,False,False,False,False,False,False,False,False
3214,386,False,11,0,False,False,True,False,0,,False,False,False,False,False,False,False,False,False,False
3215,3861,False,11,0,False,False,True,False,0,,False,False,False,False,False,False,False,False,False,False
3216,3862,False,11,1,False,False,False,True,1,flood_binary_omitted,False,True,False,False,False,False,False,False,False,False
3217,3863,False,11,1,False,False,False,True,1,flood_binary_omitted,False,True,False,False,False,False,False,False,False,False
3218,3864,False,11,0,False,False,True,False,0,,False,False,False,False,False,False,False,False,False,False
3219,3865.1,False,11,2,False,False,False,True,2,equal_indicator_weights|flood_binary_omitted,True,True,False,False,False,False,False,False,False,False
3220,3865.2,False,11,0,False,False,True,False,0,,False,False,False,False,False,False,False,False,False,False
3221,3865.3,True,11,8,False,False,False,True,3,literacy_direction_reversed|loan_burden_direction|loan_omitted,False,False,False,True,False,True,True,False,False,False
3222,3866,False,11,1,False,False,False,True,1,flood_binary_omitted,False,True,False,False,False,False,False,False,False,False
3223,3867,False,11,5,False,False,False,True,5,equal_indicator_weights|flood_binary_omitted|literacy_direction_reversed|literacy_omitted|robust_p01_p99_bounds,True,True,False,True,True,False,False,True,False,False
3224,3868,False,11,1,False,False,False,True,1,flood_binary_omitted,False,True,False,False,False,False,False,False,False,False
3225,3869,False,11,0,False,False,True,False,0,,False,False,False,False,False,False,False,False,False,False
3226,387,False,11,1,False,False,False,True,1,flood_binary_omitted,False,True,False,False,False,False,False,False,False,False
3227,3870,False,11,1,False,False,False,True,1,flood_binary_omitted,False,True,False,False,False,False,False,False,False,False
3228,3871,False,11,3,False,False,False,True,3,equal_indicator_weights|flood_binary_omitted|literacy_omitted,True,True,False,False,True,False,False,False,False,False
3229,3872,False,11,1,False,False,False,True,1,flood_binary_omitted,False,True,False,False,False,False,False,False,False,False
3230,3873,False,11,1,False,False,False,True,1,flood_binary_omitted,False,True,False,False,False,False,False,False,False,False
3231,3874,False,11,1,False,False,False,True,1,flood_binary_omitted,False,True,False,False,False,False,False,False,False,False
3232,3875,True,11,11,True,True,False,False,0,,False,False,False,False,False,False,False,False,False,False
3233,3876,False,11,2,False,False,False,True,2,equal_indicator_weights|flood_binary_omitted,True,True,False,False,False,False,False,False,False,False
3234,3877,False,11,4,False,False,False,True,4,equal_indicator_weights|flood_binary_omitted|literacy_direction_reversed|literacy_omitted,True,True,False,True,True,False,False,False,False,False
3235,3878,False,11,0,False,False,True,False,0,,False,False,False,False,False,False,False,False,False,False
3236,3879,True,11,10,False,False,False,True,1,loan_burden_direction,False,False,False,False,False,True,False,False,False,False
3237,388,True,11,11,True,True,False,False,0,,False,False,False,False,False,False,False,False,False,False
3238,3880,True,11,6,False,False,False,True,5,flood_depth_omitted|literacy_direction_reversed|literacy_omitted|loan_burden_direction|loan_omitted,False,False,True,True,True,True,True,False,False,False
3239,3881,False,11,1,False,False,False,True,1,flood_binary_omitted,False,True,False,False,False,False,False,False,False,False
3240,3882,False,11,1,False,False,False,True,1,flood_binary_omitted,False,True,False,False,False,False,False,False,False,False
3241,3883,False,11,1,False,False,False,True,1,flood_binary_omitted,False,True,False,False,False,False,False,False,False,False
3242,3884,False,11,0,False,False,True,False,0,,False,False,False,False,False,False,False,False,False,False
3243,3885,False,11,1,False,False,False,True,1,flood_binary_omitted,False,True,False,False,False,False,False,False,False,False
3244,3886,False,11,0,False,False,True,False,0,,False,False,False,False,False,False,False,False,False,False
3245,3887,False,11,2,False,False,False,True,2,equal_indicator_weights|flood_binary_omitted,True,True,False,False,False,False,False,False,False,False
3246,3889,False,11,1,False,False,False,True,1,flood_binary_omitted,False,True,False,False,False,False,False,False,False,False
3247,389,False,11,0,False,False,True,False,0,,False,False,False,False,False,False,False,False,False,False
3248,3891.1,True,11,9,False,False,False,True,2,loan_burden_direction|loan_omitted,False,False,False,False,False,True,True,False,False,False
3249,3891.2,True,11,9,False,False,False,True,2,loan_burden_direction|loan_omitted,False,False,False,False,False,True,True,False,False,False
3250,3892,False,11,0,False,False,True,False,0,,False,False,False,False,False,False,False,False,False,False
3251,3893,False,11,1,False,False,False,True,1,flood_binary_omitted,False,True,False,False,False,False,False,False,False,False
3252,3894,True,11,11,True,True,False,False,0,,False,False,False,False,False,False,False,False,False,False
3253,3895,False,11,1,False,False,False,True,1,flood_binary_omitted,False,True,False,False,False,False,False,False,False,False
3254,3896,True,11,10,False,False,False,True,1,loan_burden_direction,False,False,False,False,False,True,False,False,False,False
3255,3897,True,11,10,False,False,False,True,1,loan_burden_direction,False,False,False,False,False,True,False,False,False,False
3256,3898,True,10,7,False,False,False,True,3,literacy_direction_reversed|loan_burden_direction|zero_meals_as_missing,False,False,False,True,False,True,False,False,False,True
3257,3899,True,11,11,True,True,False,False,0,,False,False,False,False,False,False,False,False,False,False
3258,39,False,11,0,False,False,True,False,0,,False,False,False,False,False,False,False,False,False,False
3259,390,False,11,0,False,False,True,False,0,,False,False,False,False,False,False,False,False,False,False
3260,3900,False,11,0,False,False,True,False,0,,False,False,False,False,False,False,False,False,False,False
3261,3901,False,11,0,False,False,True,False,0,,False,False,False,False,False,False,False,False,False,False
3262,3902,False,11,0,False,False,True,False,0,,False,False,False,False,False,False,False,False,False,False
3263,3903,False,11,0,False,False,True,False,0,,False,False,False,False,False,False,False,False,False,False
3264,3904,False,11,0,False,False,True,False,0,,False,False,False,False,False,False,False,False,False,False
3265,3905,False,11,0,False,False,True,False,0,,False,False,False,False,False,False,False,False,False,False
3266,3907,False,11,0,False,False,True,False,0,,False,False,False,False,False,False,False,False,False,False
3267,3908.1,False,11,0,False,False,True,False,0,,False,False,False,False,False,False,False,False,False,False
3268,3908.2,False,11,0,False,False,True,False,0,,False,False,False,False,False,False,False,False,False,False
3269,3909,False,11,0,False,False,True,False,0,,False,False,False,False,False,False,False,False,False,False
3270,391,False,11,1,False,False,False,True,1,flood_binary_omitted,False,True,False,False,False,False,False,False,False,False
3271,3910,False,11,0,False,False,True,False,0,,False,False,False,False,False,False,False,False,False,False
3272,3911,False,11,0,False,False,True,False,0,,False,False,False,False,False,False,False,False,False,False
3273,3912,False,11,0,False,False,True,False,0,,False,False,False,False,False,False,False,False,False,False
3274,3913,False,11,0,False,False,True,False,0,,False,False,False,False,False,False,False,False,False,False
3275,3914,False,11,2,False,False,False,True,2,equal_indicator_weights|flood_binary_omitted,True,True,False,False,False,False,False,False,False,False
3276,3915,True,11,11,True,True,False,False,0,,False,False,False,False,False,False,False,False,False,False
3277,3916,False,11,1,False,False,False,True,1,loan_burden_direction,False,False,False,False,False,True,False,False,False,False
3278,3917,False,11,1,False,False,False,True,1,robust_p01_p99_bounds,False,False,False,False,False,False,False,True,False,False
3279,3918,True,11,11,True,True,False,False,0,,False,False,False,False,False,False,False,False,False,False
3280,3919,True,11,9,False,False,False,True,2,equal_indicator_weights|flood_binary_omitted,True,True,False,False,False,False,False,False,False,False
3281,392,False,11,0,False,False,True,False,0,,False,False,False,False,False,False,False,False,False,False
3282,3920,False,11,0,False,False,True,False,0,,False,False,False,False,False,False,False,False,False,False
3283,3921,False,11,0,False,False,True,False,0,,False,False,False,False,False,False,False,False,False,False
3284,3922,False,11,5,False,False,False,True,5,flood_depth_omitted|literacy_direction_reversed|literacy_omitted|loan_burden_direction|loan_omitted,False,False,True,True,True,True,True,False,False,False
3285,3923,False,11,0,False,False,True,False,0,,False,False,False,False,False,False,False,False,False,False
3286,3924,False,11,6,False,False,False,True,6,flood_depth_omitted|literacy_direction_reversed|literacy_omitted|loan_burden_direction|loan_omitted|robust_p01_p99_bounds,False,False,True,True,True,True,True,True,False,False
3287,3925,False,11,0,False,False,True,False,0,,False,False,False,False,False,False,False,False,False,False
3288,3926,False,11,0,False,False,True,False,0,,False,False,False,False,False,False,False,False,False,False
3289,3927,False,11,4,False,False,False,True,4,equal_indicator_weights|flood_binary_omitted|loan_burden_direction|loan_omitted,True,True,False,False,False,True,True,False,False,False
3290,3928,False,11,0,False,False,True,False,0,,False,False,False,False,False,False,False,False,False,False
3291,3929,False,11,0,False,False,True,False,0,,False,False,False,False,False,False,False,False,False,False
3292,393,True,11,7,False,False,False,True,4,flood_binary_omitted|literacy_direction_reversed|literacy_omitted|robust_p01_p99_bounds,False,True,False,True,True,False,False,True,False,False
3293,3930,False,11,0,False,False,True,False,0,,False,False,False,False,False,False,False,False,False,False
3294,3931,False,11,0,False,False,True,False,0,,False,False,False,False,False,False,False,False,False,False
3295,3932,False,11,2,False,False,False,True,2,equal_indicator_weights|flood_binary_omitted,True,True,False,False,False,False,False,False,False,False
3296,3933,False,11,0,False,False,True,False,0,,False,False,False,False,False,False,False,False,False,False
3297,3934,False,11,0,False,False,True,False,0,,False,False,False,False,False,False,False,False,False,False
3298,3935.1,False,11,1,False,False,False,True,1,flood_binary_omitted,False,True,False,False,False,False,False,False,False,False
3299,3935.2,False,11,0,False,False,True,False,0,,False,False,False,False,False,False,False,False,False,False
3300,3936,False,11,0,False,False,True,False,0,,False,False,False,False,False,False,False,False,False,False
3301,3937,False,11,2,False,False,False,True,2,equal_indicator_weights|flood_binary_omitted,True,True,False,False,False,False,False,False,False,False
3302,3938,True,11,10,False,False,False,True,1,loan_burden_direction,False,False,False,False,False,True,False,False,False,False
3303,394,False,11,0,False,False,True,False,0,,False,False,False,False,False,False,False,False,False,False
3304,3940,False,11,2,False,False,False,True,2,equal_indicator_weights|flood_binary_omitted,True,True,False,False,False,False,False,False,False,False
3305,3941,False,11,0,False,False,True,False,0,,False,False,False,False,False,False,False,False,False,False
3306,3942,False,11,0,False,False,True,False,0,,False,False,False,False,False,False,False,False,False,False
3307,3943,False,11,0,False,False,True,False,0,,False,False,False,False,False,False,False,False,False,False
3308,3944,False,11,0,False,False,True,False,0,,False,False,False,False,False,False,False,False,False,False
3309,3945,False,11,0,False,False,True,False,0,,False,False,False,False,False,False,False,False,False,False
3310,3946,False,11,0,False,False,True,False,0,,False,False,False,False,False,False,False,False,False,False
3311,3947,True,11,7,False,False,False,True,4,flood_binary_omitted|loan_burden_direction|loan_omitted|robust_p01_p99_bounds,False,True,False,False,False,True,True,True,False,False
3312,3948.1,True,11,7,False,False,False,True,4,flood_binary_omitted|literacy_direction_reversed|literacy_omitted|robust_p01_p99_bounds,False,True,False,True,True,False,False,True,False,False
3313,3948.2,False,11,0,False,False,True,False,0,,False,False,False,False,False,False,False,False,False,False
3314,3949,False,11,1,False,False,False,True,1,loan_burden_direction,False,False,False,False,False,True,False,False,False,False
3315,395,False,11,4,False,False,False,True,4,equal_indicator_weights|flood_binary_omitted|literacy_direction_reversed|literacy_omitted,True,True,False,True,True,False,False,False,False,False
3316,3950,False,11,0,False,False,True,False,0,,False,False,False,False,False,False,False,False,False,False
3317,3951,False,11,0,False,False,True,False,0,,False,False,False,False,False,False,False,False,False,False
3318,3952.1,False,11,2,False,False,False,True,2,equal_indicator_weights|flood_binary_omitted,True,True,False,False,False,False,False,False,False,False
3319,3952.2,False,11,0,False,False,True,False,0,,False,False,False,False,False,False,False,False,False,False
3320,3953,False,11,0,False,False,True,False,0,,False,False,False,False,False,False,False,False,False,False
3321,3954.1,True,11,11,True,True,False,False,0,,False,False,False,False,False,False,False,False,False,False
3322,3954.2,False,11,0,False,False,True,False,0,,False,False,False,False,False,False,False,False,False,False
3323,3955,False,11,0,False,False,True,False,0,,False,False,False,False,False,False,False,False,False,False
3324,3956,False,11,0,False,False,True,False,0,,False,False,False,False,False,False,False,False,False,False
3325,3957,True,11,7,False,False,False,True,4,flood_binary_omitted|literacy_direction_reversed|literacy_omitted|robust_p01_p99_bounds,False,True,False,True,True,False,False,True,False,False
3326,3958,False,11,0,False,False,True,False,0,,False,False,False,False,False,False,False,False,False,False
3327,3959,False,11,2,False,False,False,True,2,equal_indicator_weights|flood_binary_omitted,True,True,False,False,False,False,False,False,False,False
3328,396,False,11,0,False,False,True,False,0,,False,False,False,False,False,False,False,False,False,False
3329,3960,True,11,5,False,False,False,True,6,flood_depth_omitted|literacy_direction_reversed|literacy_omitted|loan_burden_direction|loan_omitted|robust_p01_p99_bounds,False,False,True,True,True,True,True,True,False,False
3330,3961,False,11,0,False,False,True,False,0,,False,False,False,False,False,False,False,False,False,False
3331,3962,True,11,9,False,False,False,True,2,equal_indicator_weights|flood_binary_omitted,True,True,False,False,False,False,False,False,False,False
3332,3963,True,11,10,False,False,False,True,1,loan_burden_direction,False,False,False,False,False,True,False,False,False,False
3333,3964,True,11,7,False,False,False,True,4,equal_indicator_weights|flood_binary_omitted|literacy_direction_reversed|literacy_omitted,True,True,False,True,True,False,False,False,False,False
3334,3965,True,11,10,False,False,False,True,1,loan_burden_direction,False,False,False,False,False,True,False,False,False,False
3335,3967.1,False,11,0,False,False,True,False,0,,False,False,False,False,False,False,False,False,False,False
3336,3967.2,False,11,0,False,False,True,False,0,,False,False,False,False,False,False,False,False,False,False
3337,3967.3,False,11,0,False,False,True,False,0,,False,False,False,False,False,False,False,False,False,False
3338,3968,False,11,0,False,False,True,False,0,,False,False,False,False,False,False,False,False,False,False
3339,3969,False,11,0,False,False,True,False,0,,False,False,False,False,False,False,False,False,False,False
3340,397,False,11,0,False,False,True,False,0,,False,False,False,False,False,False,False,False,False,False
3341,3970,False,11,0,False,False,True,False,0,,False,False,False,False,False,False,False,False,False,False
3342,3971,True,11,8,False,False,False,True,3,literacy_direction_reversed|loan_burden_direction|loan_omitted,False,False,False,True,False,True,True,False,False,False
3343,3972,False,11,2,False,False,False,True,2,equal_indicator_weights|flood_binary_omitted,True,True,False,False,False,False,False,False,False,False
3344,3973,True,11,9,False,False,False,True,2,equal_indicator_weights|flood_binary_omitted,True,True,False,False,False,False,False,False,False,False
3345,3974,False,11,0,False,False,True,False,0,,False,False,False,False,False,False,False,False,False,False
3346,3975,False,11,0,False,False,True,False,0,,False,False,False,False,False,False,False,False,False,False
3347,3976,False,11,0,False,False,True,False,0,,False,False,False,False,False,False,False,False,False,False
3348,3977.1,False,11,0,False,False,True,False,0,,False,False,False,False,False,False,False,False,False,False
3349,3977.2,False,11,0,False,False,True,False,0,,False,False,False,False,False,False,False,False,False,False
3350,3978,False,11,0,False,False,True,False,0,,False,False,False,False,False,False,False,False,False,False
3351,398,False,11,0,False,False,True,False,0,,False,False,False,False,False,False,False,False,False,False
3352,3980,False,11,2,False,False,False,True,2,equal_indicator_weights|flood_binary_omitted,True,True,False,False,False,False,False,False,False,False
3353,3981,False,11,2,False,False,False,True,2,loan_burden_direction|robust_p01_p99_bounds,False,False,False,False,False,True,False,True,False,False
3354,3982,False,11,0,False,False,True,False,0,,False,False,False,False,False,False,False,False,False,False
3355,3983,False,11,0,False,False,True,False,0,,False,False,False,False,False,False,False,False,False,False
3356,3984,True,11,10,False,False,False,True,1,flood_binary_omitted,False,True,False,False,False,False,False,False,False,False
3357,3985.1,False,11,0,False,False,True,False,0,,False,False,False,False,False,False,False,False,False,False
3358,3985.2,False,11,0,False,False,True,False,0,,False,False,False,False,False,False,False,False,False,False
3359,3986,False,11,6,False,False,False,True,6,equal_indicator_weights|flood_depth_omitted|literacy_direction_reversed|literacy_omitted|loan_burden_direction|loan_omitted,True,False,True,True,True,True,True,False,False,False
3360,3987,False,11,5,False,False,False,True,5,flood_depth_omitted|literacy_direction_reversed|literacy_omitted|loan_burden_direction|loan_omitted,False,False,True,True,True,True,True,False,False,False
3361,3988,False,11,0,False,False,True,False,0,,False,False,False,False,False,False,False,False,False,False
3362,3989,False,11,0,False,False,True,False,0,,False,False,False,False,False,False,False,False,False,False
3363,399,False,11,0,False,False,True,False,0,,False,False,False,False,False,False,False,False,False,False
3364,3990,False,11,0,False,False,True,False,0,,False,False,False,False,False,False,False,False,False,False
3365,3991,False,11,1,False,False,False,True,1,loan_burden_direction,False,False,False,False,False,True,False,False,False,False
3366,3992,True,11,11,True,True,False,False,0,,False,False,False,False,False,False,False,False,False,False
3367,3993,False,11,0,False,False,True,False,0,,False,False,False,False,False,False,False,False,False,False
3368,3994,True,11,11,True,True,False,False,0,,False,False,False,False,False,False,False,False,False,False
3369,3995,False,11,0,False,False,True,False,0,,False,False,False,False,False,False,False,False,False,False
3370,3996,True,11,9,False,False,False,True,2,literacy_direction_reversed|literacy_omitted,False,False,False,True,True,False,False,False,False,False
3371,3997,True,11,10,False,False,False,True,1,flood_binary_omitted,False,True,False,False,False,False,False,False,False,False
3372,3998.1,True,11,10,False,False,False,True,1,flood_binary_omitted,False,True,False,False,False,False,False,False,False,False
3373,3998.2,False,11,1,False,False,False,True,1,flood_binary_omitted,False,True,False,False,False,False,False,False,False,False
3374,4,False,11,0,False,False,True,False,0,,False,False,False,False,False,False,False,False,False,False
3375,40,True,11,11,True,True,False,False,0,,False,False,False,False,False,False,False,False,False,False
3376,400,False,11,0,False,False,True,False,0,,False,False,False,False,False,False,False,False,False,False
3377,4000.1,True,11,8,False,False,False,True,3,flood_depth_omitted|loan_burden_direction|loan_omitted,False,False,True,False,False,True,True,False,False,False
3378,4000.2,False,11,0,False,False,True,False,0,,False,False,False,False,False,False,False,False,False,False
3379,4001,True,11,11,True,True,False,False,0,,False,False,False,False,False,False,False,False,False,False
3380,4002,False,11,0,False,False,True,False,0,,False,False,False,False,False,False,False,False,False,False
3381,4003,False,11,0,False,False,True,False,0,,False,False,False,False,False,False,False,False,False,False
3382,4004,False,11,0,False,False,True,False,0,,False,False,False,False,False,False,False,False,False,False
3383,4005,False,11,0,False,False,True,False,0,,False,False,False,False,False,False,False,False,False,False
3384,4007,False,11,0,False,False,True,False,0,,False,False,False,False,False,False,False,False,False,False
3385,4008,False,11,0,False,False,True,False,0,,False,False,False,False,False,False,False,False,False,False
3386,4009,True,11,8,False,False,False,True,3,literacy_direction_reversed|loan_burden_direction|loan_omitted,False,False,False,True,False,True,True,False,False,False
3387,401,False,11,0,False,False,True,False,0,,False,False,False,False,False,False,False,False,False,False
3388,4010,False,11,0,False,False,True,False,0,,False,False,False,False,False,False,False,False,False,False
3389,4011,False,11,0,False,False,True,False,0,,False,False,False,False,False,False,False,False,False,False
3390,4012,True,11,9,False,False,False,True,2,literacy_direction_reversed|loan_burden_direction,False,False,False,True,False,True,False,False,False,False
3391,4013,False,11,0,False,False,True,False,0,,False,False,False,False,False,False,False,False,False,False
3392,4014,False,11,0,False,False,True,False,0,,False,False,False,False,False,False,False,False,False,False
3393,4015,False,11,2,False,False,False,True,2,equal_indicator_weights|flood_binary_omitted,True,True,False,False,False,False,False,False,False,False
3394,4016,False,11,0,False,False,True,False,0,,False,False,False,False,False,False,False,False,False,False
3395,4017.1,True,11,5,False,False,False,True,6,flood_depth_omitted|literacy_direction_reversed|literacy_omitted|loan_burden_direction|loan_omitted|robust_p01_p99_bounds,False,False,True,True,True,True,True,True,False,False
3396,4017.2,False,11,0,False,False,True,False,0,,False,False,False,False,False,False,False,False,False,False
3397,4018,False,11,0,False,False,True,False,0,,False,False,False,False,False,False,False,False,False,False
3398,4019,False,11,0,False,False,True,False,0,,False,False,False,False,False,False,False,False,False,False
3399,402,True,11,10,False,False,False,True,1,flood_binary_omitted,False,True,False,False,False,False,False,False,False,False
3400,4020,False,11,5,False,False,False,True,5,flood_depth_omitted|literacy_direction_reversed|literacy_omitted|loan_burden_direction|loan_omitted,False,False,True,True,True,True,True,False,False,False
3401,4021,False,11,0,False,False,True,False,0,,False,False,False,False,False,False,False,False,False,False
3402,4022,True,11,8,False,False,False,True,3,flood_depth_omitted|loan_burden_direction|loan_omitted,False,False,True,False,False,True,True,False,False,False
3403,4024,False,11,0,False,False,True,False,0,,False,False,False,False,False,False,False,False,False,False
3404,4025.1,False,11,1,False,False,False,True,1,flood_binary_omitted,False,True,False,False,False,False,False,False,False,False
3405,4025.2,False,11,2,False,False,False,True,2,equal_indicator_weights|flood_binary_omitted,True,True,False,False,False,False,False,False,False,False
3406,4026,False,11,0,False,False,True,False,0,,False,False,False,False,False,False,False,False,False,False
3407,4027,False,11,0,False,False,True,False,0,,False,False,False,False,False,False,False,False,False,False
3408,4028,True,11,6,False,False,False,True,5,literacy_direction_reversed|literacy_omitted|loan_burden_direction|loan_omitted|robust_p01_p99_bounds,False,False,False,True,True,True,True,True,False,False
3409,4029,False,11,0,False,False,True,False,0,,False,False,False,False,False,False,False,False,False,False
3410,403,False,11,0,False,False,True,False,0,,False,False,False,False,False,False,False,False,False,False
3411,4030,False,11,0,False,False,True,False,0,,False,False,False,False,False,False,False,False,False,False
3412,4031,False,11,2,False,False,False,True,2,equal_indicator_weights|flood_binary_omitted,True,True,False,False,False,False,False,False,False,False
3413,4032,False,11,0,False,False,True,False,0,,False,False,False,False,False,False,False,False,False,False
3414,4033,False,11,2,False,False,False,True,2,equal_indicator_weights|flood_binary_omitted,True,True,False,False,False,False,False,False,False,False
3415,4034,True,11,9,False,False,False,True,2,literacy_direction_reversed|loan_burden_direction,False,False,False,True,False,True,False,False,False,False
3416,4035,False,11,0,False,False,True,False,0,,False,False,False,False,False,False,False,False,False,False
3417,4036,False,11,1,False,False,False,True,1,flood_binary_omitted,False,True,False,False,False,False,False,False,False,False
3418,4037.1,True,11,8,False,False,False,True,3,equal_indicator_weights|flood_binary_omitted|flood_depth_omitted,True,True,True,False,False,False,False,False,False,False
3419,4037.2,False,11,0,False,False,True,False,0,,False,False,False,False,False,False,False,False,False,False
3420,4038,True,11,10,False,False,False,True,1,literacy_direction_reversed,False,False,False,True,False,False,False,False,False,False
3421,4039,True,11,8,False,False,False,True,3,flood_binary_omitted|literacy_direction_reversed|literacy_omitted,False,True,False,True,True,False,False,False,False,False
3422,404,False,11,0,False,False,True,False,0,,False,False,False,False,False,False,False,False,False,False
3423,4040,False,11,0,False,False,True,False,0,,False,False,False,False,False,False,False,False,False,False
3424,4041,False,11,0,False,False,True,False,0,,False,False,False,False,False,False,False,False,False,False
3425,4042,False,11,0,False,False,True,False,0,,False,False,False,False,False,False,False,False,False,False
3426,4043.1,True,11,9,False,False,False,True,2,literacy_direction_reversed|loan_burden_direction,False,False,False,True,False,True,False,False,False,False
3427,4043.2,False,11,0,False,False,True,False,0,,False,False,False,False,False,False,False,False,False,False
3428,4044,True,11,7,False,False,False,True,4,flood_binary_omitted|loan_burden_direction|loan_omitted|robust_p01_p99_bounds,False,True,False,False,False,True,True,True,False,False
3429,4045,False,11,0,False,False,True,False,0,,False,False,False,False,False,False,False,False,False,False
3430,4046.1,False,11,0,False,False,True,False,0,,False,False,False,False,False,False,False,False,False,False
3431,4046.2,False,11,0,False,False,True,False,0,,False,False,False,False,False,False,False,False,False,False
3432,4047,False,11,0,False,False,True,False,0,,False,False,False,False,False,False,False,False,False,False
3433,4048,False,11,2,False,False,False,True,2,equal_indicator_weights|flood_binary_omitted,True,True,False,False,False,False,False,False,False,False
3434,4049,True,11,8,False,False,False,True,3,flood_depth_omitted|literacy_direction_reversed|literacy_omitted,False,False,True,True,True,False,False,False,False,False
3435,405,False,11,0,False,False,True,False,0,,False,False,False,False,False,False,False,False,False,False
3436,4050,False,11,1,False,False,False,True,1,flood_binary_omitted,False,True,False,False,False,False,False,False,False,False
3437,4051,False,11,0,False,False,True,False,0,,False,False,False,False,False,False,False,False,False,False
3438,4052.1,False,11,0,False,False,True,False,0,,False,False,False,False,False,False,False,False,False,False
3439,4052.2,False,11,4,False,False,False,True,4,equal_indicator_weights|flood_binary_omitted|loan_burden_direction|loan_omitted,True,True,False,False,False,True,True,False,False,False
3440,4052.3,False,11,0,False,False,True,False,0,,False,False,False,False,False,False,False,False,False,False
3441,4053,False,11,0,False,False,True,False,0,,False,False,False,False,False,False,False,False,False,False
3442,4054,False,11,0,False,False,True,False,0,,False,False,False,False,False,False,False,False,False,False
3443,4055,False,11,0,False,False,True,False,0,,False,False,False,False,False,False,False,False,False,False
3444,4056,False,11,1,False,False,False,True,1,flood_binary_omitted,False,True,False,False,False,False,False,False,False,False
3445,4057,False,11,0,False,False,True,False,0,,False,False,False,False,False,False,False,False,False,False
3446,4058,False,11,0,False,False,True,False,0,,False,False,False,False,False,False,False,False,False,False
3447,4059,False,11,1,False,False,False,True,1,flood_binary_omitted,False,True,False,False,False,False,False,False,False,False
3448,4060.1,False,11,0,False,False,True,False,0,,False,False,False,False,False,False,False,False,False,False
3449,4060.2,False,11,1,False,False,False,True,1,flood_binary_omitted,False,True,False,False,False,False,False,False,False,False
3450,4061,True,11,6,False,False,False,True,5,literacy_direction_reversed|literacy_omitted|loan_burden_direction|loan_omitted|robust_p01_p99_bounds,False,False,False,True,True,True,True,True,False,False
3451,4063,False,11,4,False,False,False,True,4,equal_indicator_weights|flood_binary_omitted|literacy_direction_reversed|literacy_omitted,True,True,False,True,True,False,False,False,False,False
3452,4064,False,11,0,False,False,True,False,0,,False,False,False,False,False,False,False,False,False,False
3453,4065,False,11,0,False,False,True,False,0,,False,False,False,False,False,False,False,False,False,False
3454,4066,False,11,3,False,False,False,True,3,literacy_direction_reversed|loan_burden_direction|loan_omitted,False,False,False,True,False,True,True,False,False,False
3455,4067,True,11,11,True,True,False,False,0,,False,False,False,False,False,False,False,False,False,False
3456,4068,True,11,11,True,True,False,False,0,,False,False,False,False,False,False,False,False,False,False
3457,4069,False,11,0,False,False,True,False,0,,False,False,False,False,False,False,False,False,False,False
3458,407,True,11,10,False,False,False,True,1,loan_burden_direction,False,False,False,False,False,True,False,False,False,False
3459,4071,True,11,10,False,False,False,True,1,loan_burden_direction,False,False,False,False,False,True,False,False,False,False
3460,4072,False,11,1,False,False,False,True,1,flood_binary_omitted,False,True,False,False,False,False,False,False,False,False
3461,4073,False,11,2,False,False,False,True,2,loan_burden_direction|loan_omitted,False,False,False,False,False,True,True,False,False,False
3462,4074,False,11,0,False,False,True,False,0,,False,False,False,False,False,False,False,False,False,False
3463,4076,False,11,2,False,False,False,True,2,equal_indicator_weights|flood_binary_omitted,True,True,False,False,False,False,False,False,False,False
3464,4077,True,11,11,True,True,False,False,0,,False,False,False,False,False,False,False,False,False,False
3465,4078,True,11,8,False,False,False,True,3,equal_indicator_weights|flood_binary_omitted|robust_p01_p99_bounds,True,True,False,False,False,False,False,True,False,False
3466,4079,False,11,4,False,False,False,True,4,equal_indicator_weights|flood_binary_omitted|loan_burden_direction|loan_omitted,True,True,False,False,False,True,True,False,False,False
3467,408,False,11,0,False,False,True,False,0,,False,False,False,False,False,False,False,False,False,False
3468,4081,True,11,9,False,False,False,True,2,equal_indicator_weights|flood_binary_omitted,True,True,False,False,False,False,False,False,False,False
3469,4082,False,11,0,False,False,True,False,0,,False,False,False,False,False,False,False,False,False,False
3470,4083,False,11,1,False,False,False,True,1,flood_binary_omitted,False,True,False,False,False,False,False,False,False,False
3471,4084,False,11,0,False,False,True,False,0,,False,False,False,False,False,False,False,False,False,False
3472,4085,True,11,10,False,False,False,True,1,loan_burden_direction,False,False,False,False,False,True,False,False,False,False
3473,4086,True,11,11,True,True,False,False,0,,False,False,False,False,False,False,False,False,False,False
3474,4087,True,11,9,False,False,False,True,2,flood_binary_omitted|literacy_direction_reversed,False,True,False,True,False,False,False,False,False,False
3475,4088,True,11,11,True,True,False,False,0,,False,False,False,False,False,False,False,False,False,False
3476,4089,False,11,0,False,False,True,False,0,,False,False,False,False,False,False,False,False,False,False
3477,409,False,11,0,False,False,True,False,0,,False,False,False,False,False,False,False,False,False,False
3478,4090,False,11,0,False,False,True,False,0,,False,False,False,False,False,False,False,False,False,False
3479,4091,False,11,3,False,False,False,True,3,literacy_direction_reversed|loan_burden_direction|loan_omitted,False,False,False,True,False,True,True,False,False,False
3480,4092,True,11,9,False,False,False,True,2,equal_indicator_weights|flood_binary_omitted,True,True,False,False,False,False,False,False,False,False
3481,4093,False,11,1,False,False,False,True,1,flood_binary_omitted,False,True,False,False,False,False,False,False,False,False
3482,4094,False,11,2,False,False,False,True,2,equal_indicator_weights|flood_binary_omitted,True,True,False,False,False,False,False,False,False,False
3483,4095,False,11,2,False,False,False,True,2,equal_indicator_weights|flood_binary_omitted,True,True,False,False,False,False,False,False,False,False
3484,4096,True,11,11,True,True,False,False,0,,False,False,False,False,False,False,False,False,False,False
3485,4097,False,11,0,False,False,True,False,0,,False,False,False,False,False,False,False,False,False,False
3486,4098,False,11,2,False,False,False,True,2,equal_indicator_weights|flood_binary_omitted,True,True,False,False,False,False,False,False,False,False
3487,4099,False,11,0,False,False,True,False,0,,False,False,False,False,False,False,False,False,False,False
3488,41,False,11,0,False,False,True,False,0,,False,False,False,False,False,False,False,False,False,False
3489,410,False,11,0,False,False,True,False,0,,False,False,False,False,False,False,False,False,False,False
3490,4100,True,11,11,True,True,False,False,0,,False,False,False,False,False,False,False,False,False,False
3491,4101,True,11,8,False,False,False,True,3,flood_binary_omitted|loan_burden_direction|loan_omitted,False,True,False,False,False,True,True,False,False,False
3492,4103,False,11,0,False,False,True,False,0,,False,False,False,False,False,False,False,False,False,False
3493,4105,False,11,2,False,False,False,True,2,equal_indicator_weights|flood_binary_omitted,True,True,False,False,False,False,False,False,False,False
3494,4106,False,11,2,False,False,False,True,2,literacy_direction_reversed|loan_burden_direction,False,False,False,True,False,True,False,False,False,False
3495,4107,False,11,0,False,False,True,False,0,,False,False,False,False,False,False,False,False,False,False
3496,4109,False,11,0,False,False,True,False,0,,False,False,False,False,False,False,False,False,False,False
3497,411,True,11,11,True,True,False,False,0,,False,False,False,False,False,False,False,False,False,False
3498,4110,True,11,8,False,False,False,True,3,flood_binary_omitted|loan_burden_direction|loan_omitted,False,True,False,False,False,True,True,False,False,False
3499,4111,True,11,9,False,False,False,True,2,flood_binary_omitted|robust_p01_p99_bounds,False,True,False,False,False,False,False,True,False,False
3500,4112,False,11,0,False,False,True,False,0,,False,False,False,False,False,False,False,False,False,False
3501,4113,False,11,0,False,False,True,False,0,,False,False,False,False,False,False,False,False,False,False
3502,4114,True,11,8,False,False,False,True,3,flood_binary_omitted|literacy_direction_reversed|literacy_omitted,False,True,False,True,True,False,False,False,False,False
3503,4115,False,11,0,False,False,True,False,0,,False,False,False,False,False,False,False,False,False,False
3504,4116.1,False,11,0,False,False,True,False,0,,False,False,False,False,False,False,False,False,False,False
3505,4116.2,False,11,0,False,False,True,False,0,,False,False,False,False,False,False,False,False,False,False
3506,4117,True,11,11,True,True,False,False,0,,False,False,False,False,False,False,False,False,False,False
3507,4118,True,11,11,True,True,False,False,0,,False,False,False,False,False,False,False,False,False,False
3508,412,True,11,10,False,False,False,True,1,literacy_direction_reversed,False,False,False,True,False,False,False,False,False,False
3509,4120,False,11,0,False,False,True,False,0,,False,False,False,False,False,False,False,False,False,False
3510,4121,False,11,0,False,False,True,False,0,,False,False,False,False,False,False,False,False,False,False
3511,4122,False,11,0,False,False,True,False,0,,False,False,False,False,False,False,False,False,False,False
3512,4123,True,11,11,True,True,False,False,0,,False,False,False,False,False,False,False,False,False,False
3513,4124,False,11,2,False,False,False,True,2,loan_burden_direction|robust_p01_p99_bounds,False,False,False,False,False,True,False,True,False,False
3514,4125.1,True,11,7,False,False,False,True,4,equal_indicator_weights|flood_binary_omitted|loan_burden_direction|loan_omitted,True,True,False,False,False,True,True,False,False,False
3515,4125.2,False,11,0,False,False,True,False,0,,False,False,False,False,False,False,False,False,False,False
3516,4126.1,False,11,0,False,False,True,False,0,,False,False,False,False,False,False,False,False,False,False
3517,4126.2,True,11,10,False,False,False,True,1,loan_burden_direction,False,False,False,False,False,True,False,False,False,False
3518,4127,False,11,0,False,False,True,False,0,,False,False,False,False,False,False,False,False,False,False
3519,4128,False,11,5,False,False,False,True,5,equal_indicator_weights|literacy_direction_reversed|literacy_omitted|loan_burden_direction|loan_omitted,True,False,False,True,True,True,True,False,False,False
3520,4129,False,11,0,False,False,True,False,0,,False,False,False,False,False,False,False,False,False,False
3521,413,True,11,10,False,False,False,True,1,loan_burden_direction,False,False,False,False,False,True,False,False,False,False
3522,4130,False,11,0,False,False,True,False,0,,False,False,False,False,False,False,False,False,False,False
3523,4131,False,11,0,False,False,True,False,0,,False,False,False,False,False,False,False,False,False,False
3524,4132,False,11,0,False,False,True,False,0,,False,False,False,False,False,False,False,False,False,False
3525,4133,False,11,0,False,False,True,False,0,,False,False,False,False,False,False,False,False,False,False
3526,4135,False,11,0,False,False,True,False,0,,False,False,False,False,False,False,False,False,False,False
3527,4136,False,11,2,False,False,False,True,2,equal_indicator_weights|flood_binary_omitted,True,True,False,False,False,False,False,False,False,False
3528,4137,False,11,6,False,False,False,True,6,flood_depth_omitted|literacy_direction_reversed|literacy_omitted|loan_burden_direction|loan_omitted|robust_p01_p99_bounds,False,False,True,True,True,True,True,True,False,False
3529,4138,False,11,0,False,False,True,False,0,,False,False,False,False,False,False,False,False,False,False
3530,4139,False,11,0,False,False,True,False,0,,False,False,False,False,False,False,False,False,False,False
3531,414,False,11,0,False,False,True,False,0,,False,False,False,False,False,False,False,False,False,False
3532,4141,False,11,2,False,False,False,True,2,loan_burden_direction|robust_p01_p99_bounds,False,False,False,False,False,True,False,True,False,False
3533,4142,False,11,1,False,False,False,True,1,literacy_direction_reversed,False,False,False,True,False,False,False,False,False,False
3534,4143,False,11,0,False,False,True,False,0,,False,False,False,False,False,False,False,False,False,False
3535,4145,False,11,0,False,False,True,False,0,,False,False,False,False,False,False,False,False,False,False
3536,4146,False,11,1,False,False,False,True,1,robust_p01_p99_bounds,False,False,False,False,False,False,False,True,False,False
3537,4147,False,11,0,False,False,True,False,0,,False,False,False,False,False,False,False,False,False,False
3538,4148,False,11,0,False,False,True,False,0,,False,False,False,False,False,False,False,False,False,False
3539,4149,True,11,7,False,False,False,True,4,flood_binary_omitted|loan_burden_direction|loan_omitted|robust_p01_p99_bounds,False,True,False,False,False,True,True,True,False,False
3540,415,True,11,10,False,False,False,True,1,loan_burden_direction,False,False,False,False,False,True,False,False,False,False
3541,4150,False,11,0,False,False,True,False,0,,False,False,False,False,False,False,False,False,False,False
3542,4151,False,11,0,False,False,True,False,0,,False,False,False,False,False,False,False,False,False,False
3543,4152,False,11,0,False,False,True,False,0,,False,False,False,False,False,False,False,False,False,False
3544,4153,False,11,4,False,False,False,True,4,equal_indicator_weights|flood_depth_omitted|literacy_direction_reversed|literacy_omitted,True,False,True,True,True,False,False,False,False,False
3545,4154,False,11,0,False,False,True,False,0,,False,False,False,False,False,False,False,False,False,False
3546,4155,False,11,0,False,False,True,False,0,,False,False,False,False,False,False,False,False,False,False
3547,4156,False,11,0,False,False,True,False,0,,False,False,False,False,False,False,False,False,False,False
3548,4157,False,11,0,False,False,True,False,0,,False,False,False,False,False,False,False,False,False,False
3549,4158,False,11,0,False,False,True,False,0,,False,False,False,False,False,False,False,False,False,False
3550,4159,False,11,0,False,False,True,False,0,,False,False,False,False,False,False,False,False,False,False
3551,416,False,11,0,False,False,True,False,0,,False,False,False,False,False,False,False,False,False,False
3552,4160,False,11,0,False,False,True,False,0,,False,False,False,False,False,False,False,False,False,False
3553,4161,False,11,0,False,False,True,False,0,,False,False,False,False,False,False,False,False,False,False
3554,4162.1,False,11,2,False,False,False,True,2,literacy_direction_reversed|literacy_omitted,False,False,False,True,True,False,False,False,False,False
3555,4163,False,11,2,False,False,False,True,2,equal_indicator_weights|flood_binary_omitted,True,True,False,False,False,False,False,False,False,False
3556,4164.1,False,11,0,False,False,True,False,0,,False,False,False,False,False,False,False,False,False,False
3557,4164.2,False,11,0,False,False,True,False,0,,False,False,False,False,False,False,False,False,False,False
3558,4165,False,11,0,False,False,True,False,0,,False,False,False,False,False,False,False,False,False,False
3559,4166,False,11,0,False,False,True,False,0,,False,False,False,False,False,False,False,False,False,False
3560,4167,False,11,0,False,False,True,False,0,,False,False,False,False,False,False,False,False,False,False
3561,4168,False,11,0,False,False,True,False,0,,False,False,False,False,False,False,False,False,False,False
3562,4169,False,11,0,False,False,True,False,0,,False,False,False,False,False,False,False,False,False,False
3563,417,False,11,0,False,False,True,False,0,,False,False,False,False,False,False,False,False,False,False
3564,4170,False,11,0,False,False,True,False,0,,False,False,False,False,False,False,False,False,False,False
3565,4171,False,11,0,False,False,True,False,0,,False,False,False,False,False,False,False,False,False,False
3566,4172,False,11,0,False,False,True,False,0,,False,False,False,False,False,False,False,False,False,False
3567,4173,False,11,0,False,False,True,False,0,,False,False,False,False,False,False,False,False,False,False
3568,4174,True,11,6,False,False,False,True,5,flood_binary_omitted|literacy_direction_reversed|loan_burden_direction|loan_omitted|robust_p01_p99_bounds,False,True,False,True,False,True,True,True,False,False
3569,4175,False,11,0,False,False,True,False,0,,False,False,False,False,False,False,False,False,False,False
3570,4176,False,11,0,False,False,True,False,0,,False,False,False,False,False,False,False,False,False,False
3571,4177,False,11,0,False,False,True,False,0,,False,False,False,False,False,False,False,False,False,False
3572,4178.1,False,11,0,False,False,True,False,0,,False,False,False,False,False,False,False,False,False,False
3573,4178.2,False,11,0,False,False,True,False,0,,False,False,False,False,False,False,False,False,False,False
3574,4179,False,11,0,False,False,True,False,0,,False,False,False,False,False,False,False,False,False,False
3575,418,False,11,0,False,False,True,False,0,,False,False,False,False,False,False,False,False,False,False
3576,4180,False,11,0,False,False,True,False,0,,False,False,False,False,False,False,False,False,False,False
3577,4181,False,11,0,False,False,True,False,0,,False,False,False,False,False,False,False,False,False,False
3578,4182,False,11,0,False,False,True,False,0,,False,False,False,False,False,False,False,False,False,False
3579,4183,False,11,0,False,False,True,False,0,,False,False,False,False,False,False,False,False,False,False
3580,4184,False,11,0,False,False,True,False,0,,False,False,False,False,False,False,False,False,False,False
3581,4185.1,False,11,0,False,False,True,False,0,,False,False,False,False,False,False,False,False,False,False
3582,4185.2,False,11,0,False,False,True,False,0,,False,False,False,False,False,False,False,False,False,False
3583,4185.3,False,11,4,False,False,False,True,4,equal_indicator_weights|flood_depth_omitted|literacy_direction_reversed|literacy_omitted,True,False,True,True,True,False,False,False,False,False
3584,4186,False,11,0,False,False,True,False,0,,False,False,False,False,False,False,False,False,False,False
3585,4187,False,11,1,False,False,False,True,1,loan_burden_direction,False,False,False,False,False,True,False,False,False,False
3586,4188,False,11,0,False,False,True,False,0,,False,False,False,False,False,False,False,False,False,False
3587,4189,False,11,0,False,False,True,False,0,,False,False,False,False,False,False,False,False,False,False
3588,419,False,11,0,False,False,True,False,0,,False,False,False,False,False,False,False,False,False,False
3589,4190,False,11,0,False,False,True,False,0,,False,False,False,False,False,False,False,False,False,False
3590,4191,False,11,0,False,False,True,False,0,,False,False,False,False,False,False,False,False,False,False
3591,4192,False,11,0,False,False,True,False,0,,False,False,False,False,False,False,False,False,False,False
3592,4193,False,11,0,False,False,True,False,0,,False,False,False,False,False,False,False,False,False,False
3593,4194,True,11,10,False,False,False,True,1,loan_burden_direction,False,False,False,False,False,True,False,False,False,False
3594,4195,False,11,0,False,False,True,False,0,,False,False,False,False,False,False,False,False,False,False
3595,4196.1.1,True,11,10,False,False,False,True,1,loan_burden_direction,False,False,False,False,False,True,False,False,False,False
3596,4196.1.2,False,11,0,False,False,True,False,0,,False,False,False,False,False,False,False,False,False,False
3597,4196.2,True,11,10,False,False,False,True,1,loan_burden_direction,False,False,False,False,False,True,False,False,False,False
3598,4197,True,11,8,False,False,False,True,3,flood_binary_omitted|loan_burden_direction|loan_omitted,False,True,False,False,False,True,True,False,False,False
3599,4198,True,11,8,False,False,False,True,3,flood_binary_omitted|loan_burden_direction|loan_omitted,False,True,False,False,False,True,True,False,False,False
3600,4199,False,11,0,False,False,True,False,0,,False,False,False,False,False,False,False,False,False,False
3601,42,False,11,0,False,False,True,False,0,,False,False,False,False,False,False,False,False,False,False
3602,420,False,11,0,False,False,True,False,0,,False,False,False,False,False,False,False,False,False,False
3603,4200,False,11,3,False,False,False,True,3,equal_indicator_weights|literacy_direction_reversed|literacy_omitted,True,False,False,True,True,False,False,False,False,False
3604,4201.1,False,11,0,False,False,True,False,0,,False,False,False,False,False,False,False,False,False,False
3605,4201.2,False,11,0,False,False,True,False,0,,False,False,False,False,False,False,False,False,False,False
3606,4202,False,11,3,False,False,False,True,3,literacy_direction_reversed|loan_burden_direction|loan_omitted,False,False,False,True,False,True,True,False,False,False
3607,4203,False,11,0,False,False,True,False,0,,False,False,False,False,False,False,False,False,False,False
3608,4204,False,11,1,False,False,False,True,1,flood_binary_omitted,False,True,False,False,False,False,False,False,False,False
3609,4205,False,11,0,False,False,True,False,0,,False,False,False,False,False,False,False,False,False,False
3610,4206,False,11,0,False,False,True,False,0,,False,False,False,False,False,False,False,False,False,False
3611,4207.1,False,11,2,False,False,False,True,2,equal_indicator_weights|flood_binary_omitted,True,True,False,False,False,False,False,False,False,False
3612,4207.2,True,11,7,False,False,False,True,4,flood_binary_omitted|loan_burden_direction|loan_omitted|robust_p01_p99_bounds,False,True,False,False,False,True,True,True,False,False
3613,4208,False,11,1,False,False,False,True,1,loan_burden_direction,False,False,False,False,False,True,False,False,False,False
3614,4209,True,11,11,True,True,False,False,0,,False,False,False,False,False,False,False,False,False,False
3615,421,True,11,9,False,False,False,True,2,flood_binary_omitted|literacy_direction_reversed,False,True,False,True,False,False,False,False,False,False
3616,4210,False,11,3,False,False,False,True,3,literacy_direction_reversed|loan_burden_direction|loan_omitted,False,False,False,True,False,True,True,False,False,False
3617,4211,False,11,0,False,False,True,False,0,,False,False,False,False,False,False,False,False,False,False
3618,4212,False,11,0,False,False,True,False,0,,False,False,False,False,False,False,False,False,False,False
3619,4213,False,11,0,False,False,True,False,0,,False,False,False,False,False,False,False,False,False,False
3620,4214,False,11,1,False,False,False,True,1,loan_burden_direction,False,False,False,False,False,True,False,False,False,False
3621,4215,False,11,3,False,False,False,True,3,loan_burden_direction|loan_omitted|robust_p01_p99_bounds,False,False,False,False,False,True,True,True,False,False
3622,4216,True,11,11,True,True,False,False,0,,False,False,False,False,False,False,False,False,False,False
3623,4217,False,11,0,False,False,True,False,0,,False,False,False,False,False,False,False,False,False,False
3624,4218,True,11,10,False,False,False,True,1,loan_burden_direction,False,False,False,False,False,True,False,False,False,False
3625,4219,False,11,0,False,False,True,False,0,,False,False,False,False,False,False,False,False,False,False
3626,422,False,11,0,False,False,True,False,0,,False,False,False,False,False,False,False,False,False,False
3627,4220,False,11,1,False,False,False,True,1,literacy_direction_reversed,False,False,False,True,False,False,False,False,False,False
3628,4221,False,11,0,False,False,True,False,0,,False,False,False,False,False,False,False,False,False,False
3629,4222,False,11,0,False,False,True,False,0,,False,False,False,False,False,False,False,False,False,False
3630,4223,False,11,0,False,False,True,False,0,,False,False,False,False,False,False,False,False,False,False
3631,4224,False,11,1,False,False,False,True,1,literacy_direction_reversed,False,False,False,True,False,False,False,False,False,False
3632,4225.1,False,11,0,False,False,True,False,0,,False,False,False,False,False,False,False,False,False,False
3633,4226,False,11,2,False,False,False,True,2,loan_burden_direction|loan_omitted,False,False,False,False,False,True,True,False,False,False
3634,4227,True,11,7,False,False,False,True,4,equal_indicator_weights|flood_binary_omitted|literacy_direction_reversed|literacy_omitted,True,True,False,True,True,False,False,False,False,False
3635,4228,False,11,0,False,False,True,False,0,,False,False,False,False,False,False,False,False,False,False
3636,4229,True,11,8,False,False,False,True,3,flood_binary_omitted|loan_burden_direction|loan_omitted,False,True,False,False,False,True,True,False,False,False
3637,423,False,11,0,False,False,True,False,0,,False,False,False,False,False,False,False,False,False,False
3638,4230,False,11,0,False,False,True,False,0,,False,False,False,False,False,False,False,False,False,False
3639,4231,False,11,0,False,False,True,False,0,,False,False,False,False,False,False,False,False,False,False
3640,4232.1,False,11,6,False,False,False,True,6,flood_depth_omitted|literacy_direction_reversed|literacy_omitted|loan_burden_direction|loan_omitted|robust_p01_p99_bounds,False,False,True,True,True,True,True,True,False,False
3641,4232.2,True,11,10,False,False,False,True,1,loan_burden_direction,False,False,False,False,False,True,False,False,False,False
3642,4233,False,11,0,False,False,True,False,0,,False,False,False,False,False,False,False,False,False,False
3643,4234,False,11,0,False,False,True,False,0,,False,False,False,False,False,False,False,False,False,False
3644,4235,False,11,0,False,False,True,False,0,,False,False,False,False,False,False,False,False,False,False
3645,4236,False,11,0,False,False,True,False,0,,False,False,False,False,False,False,False,False,False,False
3646,4237,False,11,0,False,False,True,False,0,,False,False,False,False,False,False,False,False,False,False
3647,4238,False,11,0,False,False,True,False,0,,False,False,False,False,False,False,False,False,False,False
3648,4239,False,11,0,False,False,True,False,0,,False,False,False,False,False,False,False,False,False,False
3649,424,False,11,0,False,False,True,False,0,,False,False,False,False,False,False,False,False,False,False
3650,4240,False,11,0,False,False,True,False,0,,False,False,False,False,False,False,False,False,False,False
3651,4241,False,11,0,False,False,True,False,0,,False,False,False,False,False,False,False,False,False,False
3652,4242,False,11,0,False,False,True,False,0,,False,False,False,False,False,False,False,False,False,False
3653,4243,False,11,0,False,False,True,False,0,,False,False,False,False,False,False,False,False,False,False
3654,4245,False,11,0,False,False,True,False,0,,False,False,False,False,False,False,False,False,False,False
3655,4246,False,11,0,False,False,True,False,0,,False,False,False,False,False,False,False,False,False,False
3656,4247,False,11,0,False,False,True,False,0,,False,False,False,False,False,False,False,False,False,False
3657,4248,False,11,0,False,False,True,False,0,,False,False,False,False,False,False,False,False,False,False
3658,4249,False,11,0,False,False,True,False,0,,False,False,False,False,False,False,False,False,False,False
3659,425,False,11,0,False,False,True,False,0,,False,False,False,False,False,False,False,False,False,False
3660,4250,False,11,0,False,False,True,False,0,,False,False,False,False,False,False,False,False,False,False
3661,4251,False,11,1,False,False,False,True,1,flood_binary_omitted,False,True,False,False,False,False,False,False,False,False
3662,4252,False,11,1,False,False,False,True,1,loan_burden_direction,False,False,False,False,False,True,False,False,False,False
3663,4253,False,11,0,False,False,True,False,0,,False,False,False,False,False,False,False,False,False,False
3664,4254,False,11,0,False,False,True,False,0,,False,False,False,False,False,False,False,False,False,False
3665,4255,False,11,2,False,False,False,True,2,equal_indicator_weights|flood_binary_omitted,True,True,False,False,False,False,False,False,False,False
3666,4256.1,False,11,0,False,False,True,False,0,,False,False,False,False,False,False,False,False,False,False
3667,4256.2,False,11,0,False,False,True,False,0,,False,False,False,False,False,False,False,False,False,False
3668,4257,False,11,0,False,False,True,False,0,,False,False,False,False,False,False,False,False,False,False
3669,4258,False,11,0,False,False,True,False,0,,False,False,False,False,False,False,False,False,False,False
3670,4259,False,11,0,False,False,True,False,0,,False,False,False,False,False,False,False,False,False,False
3671,426,True,11,10,False,False,False,True,1,literacy_direction_reversed,False,False,False,True,False,False,False,False,False,False
3672,4260,False,11,0,False,False,True,False,0,,False,False,False,False,False,False,False,False,False,False
3673,4261,False,11,0,False,False,True,False,0,,False,False,False,False,False,False,False,False,False,False
3674,4262,True,11,7,False,False,False,True,4,equal_indicator_weights|flood_binary_omitted|loan_burden_direction|loan_omitted,True,True,False,False,False,True,True,False,False,False
3675,4263.1,False,11,1,False,False,False,True,1,literacy_direction_reversed,False,False,False,True,False,False,False,False,False,False
3676,4263.2,False,11,0,False,False,True,False,0,,False,False,False,False,False,False,False,False,False,False
3677,4264,False,11,0,False,False,True,False,0,,False,False,False,False,False,False,False,False,False,False
3678,4265,False,11,0,False,False,True,False,0,,False,False,False,False,False,False,False,False,False,False
3679,4266,False,11,0,False,False,True,False,0,,False,False,False,False,False,False,False,False,False,False
3680,4267.1,False,11,1,False,False,False,True,1,literacy_direction_reversed,False,False,False,True,False,False,False,False,False,False
3681,4267.2,False,11,0,False,False,True,False,0,,False,False,False,False,False,False,False,False,False,False
3682,4268,False,11,0,False,False,True,False,0,,False,False,False,False,False,False,False,False,False,False
3683,4269,False,11,0,False,False,True,False,0,,False,False,False,False,False,False,False,False,False,False
3684,427,False,11,0,False,False,True,False,0,,False,False,False,False,False,False,False,False,False,False
3685,4270,False,11,0,False,False,True,False,0,,False,False,False,False,False,False,False,False,False,False
3686,4271,False,11,0,False,False,True,False,0,,False,False,False,False,False,False,False,False,False,False
3687,4272,False,11,0,False,False,True,False,0,,False,False,False,False,False,False,False,False,False,False
3688,4274,False,11,2,False,False,False,True,2,loan_burden_direction|robust_p01_p99_bounds,False,False,False,False,False,True,False,True,False,False
3689,4275,False,11,0,False,False,True,False,0,,False,False,False,False,False,False,False,False,False,False
3690,4276,False,11,0,False,False,True,False,0,,False,False,False,False,False,False,False,False,False,False
3691,4277,False,11,0,False,False,True,False,0,,False,False,False,False,False,False,False,False,False,False
3692,4278,False,11,0,False,False,True,False,0,,False,False,False,False,False,False,False,False,False,False
3693,4279,False,11,0,False,False,True,False,0,,False,False,False,False,False,False,False,False,False,False
3694,428,False,11,0,False,False,True,False,0,,False,False,False,False,False,False,False,False,False,False
3695,4281,False,11,0,False,False,True,False,0,,False,False,False,False,False,False,False,False,False,False
3696,4282,False,11,0,False,False,True,False,0,,False,False,False,False,False,False,False,False,False,False
3697,4283,False,11,0,False,False,True,False,0,,False,False,False,False,False,False,False,False,False,False
3698,4284,False,11,0,False,False,True,False,0,,False,False,False,False,False,False,False,False,False,False
3699,4285,False,11,0,False,False,True,False,0,,False,False,False,False,False,False,False,False,False,False
3700,4286,False,11,0,False,False,True,False,0,,False,False,False,False,False,False,False,False,False,False
3701,4287,False,11,0,False,False,True,False,0,,False,False,False,False,False,False,False,False,False,False
3702,4288,False,11,0,False,False,True,False,0,,False,False,False,False,False,False,False,False,False,False
3703,4289.1,False,11,0,False,False,True,False,0,,False,False,False,False,False,False,False,False,False,False
3704,4289.2,False,11,1,False,False,False,True,1,flood_binary_omitted,False,True,False,False,False,False,False,False,False,False
3705,429,False,11,0,False,False,True,False,0,,False,False,False,False,False,False,False,False,False,False
3706,4290,True,11,7,False,False,False,True,4,flood_binary_omitted|loan_burden_direction|loan_omitted|robust_p01_p99_bounds,False,True,False,False,False,True,True,True,False,False
3707,4291,False,11,0,False,False,True,False,0,,False,False,False,False,False,False,False,False,False,False
3708,4292,True,11,7,False,False,False,True,4,flood_binary_omitted|loan_burden_direction|loan_omitted|robust_p01_p99_bounds,False,True,False,False,False,True,True,True,False,False
3709,4293,False,11,1,False,False,False,True,1,loan_burden_direction,False,False,False,False,False,True,False,False,False,False
3710,4294,False,11,0,False,False,True,False,0,,False,False,False,False,False,False,False,False,False,False
3711,4295,False,11,0,False,False,True,False,0,,False,False,False,False,False,False,False,False,False,False
3712,4296,False,11,0,False,False,True,False,0,,False,False,False,False,False,False,False,False,False,False
3713,4297.1,False,11,0,False,False,True,False,0,,False,False,False,False,False,False,False,False,False,False
3714,4297.2,False,11,0,False,False,True,False,0,,False,False,False,False,False,False,False,False,False,False
3715,4298,False,11,1,False,False,False,True,1,loan_burden_direction,False,False,False,False,False,True,False,False,False,False
3716,4299,False,11,2,False,False,False,True,2,literacy_direction_reversed|robust_p01_p99_bounds,False,False,False,True,False,False,False,True,False,False
3717,43,False,11,0,False,False,True,False,0,,False,False,False,False,False,False,False,False,False,False
3718,430,True,11,10,False,False,False,True,1,loan_burden_direction,False,False,False,False,False,True,False,False,False,False
3719,4300,False,11,0,False,False,True,False,0,,False,False,False,False,False,False,False,False,False,False
3720,4301,True,11,7,False,False,False,True,4,flood_binary_omitted|loan_burden_direction|loan_omitted|robust_p01_p99_bounds,False,True,False,False,False,True,True,True,False,False
3721,4302,False,11,0,False,False,True,False,0,,False,False,False,False,False,False,False,False,False,False
3722,4303,False,11,0,False,False,True,False,0,,False,False,False,False,False,False,False,False,False,False
3723,4304,False,11,0,False,False,True,False,0,,False,False,False,False,False,False,False,False,False,False
3724,4305,False,11,0,False,False,True,False,0,,False,False,False,False,False,False,False,False,False,False
3725,4306,False,11,0,False,False,True,False,0,,False,False,False,False,False,False,False,False,False,False
3726,4307,False,11,0,False,False,True,False,0,,False,False,False,False,False,False,False,False,False,False
3727,4308,False,11,0,False,False,True,False,0,,False,False,False,False,False,False,False,False,False,False
3728,4309,False,11,1,False,False,False,True,1,loan_burden_direction,False,False,False,False,False,True,False,False,False,False
3729,431,False,11,5,False,False,False,True,5,flood_depth_omitted|literacy_direction_reversed|literacy_omitted|loan_burden_direction|loan_omitted,False,False,True,True,True,True,True,False,False,False
3730,4310,False,11,0,False,False,True,False,0,,False,False,False,False,False,False,False,False,False,False
3731,4311,False,11,0,False,False,True,False,0,,False,False,False,False,False,False,False,False,False,False
3732,4312,False,11,0,False,False,True,False,0,,False,False,False,False,False,False,False,False,False,False
3733,4313,False,11,0,False,False,True,False,0,,False,False,False,False,False,False,False,False,False,False
3734,4314,False,11,0,False,False,True,False,0,,False,False,False,False,False,False,False,False,False,False
3735,4315,True,11,10,False,False,False,True,1,loan_burden_direction,False,False,False,False,False,True,False,False,False,False
3736,4316,False,11,0,False,False,True,False,0,,False,False,False,False,False,False,False,False,False,False
3737,4318,False,11,0,False,False,True,False,0,,False,False,False,False,False,False,False,False,False,False
3738,4319.1,False,11,0,False,False,True,False,0,,False,False,False,False,False,False,False,False,False,False
3739,4319.2,True,11,8,False,False,False,True,3,flood_binary_omitted|loan_burden_direction|loan_omitted,False,True,False,False,False,True,True,False,False,False
3740,432,False,11,1,False,False,False,True,1,loan_burden_direction,False,False,False,False,False,True,False,False,False,False
3741,4320,False,11,0,False,False,True,False,0,,False,False,False,False,False,False,False,False,False,False
3742,4321,False,11,0,False,False,True,False,0,,False,False,False,False,False,False,False,False,False,False
3743,4322,False,11,0,False,False,True,False,0,,False,False,False,False,False,False,False,False,False,False
3744,4323,False,11,0,False,False,True,False,0,,False,False,False,False,False,False,False,False,False,False
3745,4324,False,11,0,False,False,True,False,0,,False,False,False,False,False,False,False,False,False,False
3746,4325,False,11,0,False,False,True,False,0,,False,False,False,False,False,False,False,False,False,False
3747,4326,False,11,0,False,False,True,False,0,,False,False,False,False,False,False,False,False,False,False
3748,4327,False,11,0,False,False,True,False,0,,False,False,False,False,False,False,False,False,False,False
3749,4328,False,11,0,False,False,True,False,0,,False,False,False,False,False,False,False,False,False,False
3750,4329,False,11,0,False,False,True,False,0,,False,False,False,False,False,False,False,False,False,False
3751,433,False,11,0,False,False,True,False,0,,False,False,False,False,False,False,False,False,False,False
3752,4330,False,11,1,False,False,False,True,1,flood_binary_omitted,False,True,False,False,False,False,False,False,False,False
3753,4331,False,11,0,False,False,True,False,0,,False,False,False,False,False,False,False,False,False,False
3754,4332,False,11,0,False,False,True,False,0,,False,False,False,False,False,False,False,False,False,False
3755,4333,False,11,0,False,False,True,False,0,,False,False,False,False,False,False,False,False,False,False
3756,4334,False,11,0,False,False,True,False,0,,False,False,False,False,False,False,False,False,False,False
3757,4335,False,11,0,False,False,True,False,0,,False,False,False,False,False,False,False,False,False,False
3758,4336,False,11,1,False,False,False,True,1,flood_binary_omitted,False,True,False,False,False,False,False,False,False,False
3759,4337,False,11,0,False,False,True,False,0,,False,False,False,False,False,False,False,False,False,False
3760,4338,True,11,11,True,True,False,False,0,,False,False,False,False,False,False,False,False,False,False
3761,4339,True,11,5,False,False,False,True,6,flood_depth_omitted|literacy_direction_reversed|literacy_omitted|loan_burden_direction|loan_omitted|robust_p01_p99_bounds,False,False,True,True,True,True,True,True,False,False
3762,434,False,11,0,False,False,True,False,0,,False,False,False,False,False,False,False,False,False,False
3763,4340,False,11,0,False,False,True,False,0,,False,False,False,False,False,False,False,False,False,False
3764,4341,False,11,0,False,False,True,False,0,,False,False,False,False,False,False,False,False,False,False
3765,4342,False,11,0,False,False,True,False,0,,False,False,False,False,False,False,False,False,False,False
3766,4343,False,11,0,False,False,True,False,0,,False,False,False,False,False,False,False,False,False,False
3767,4344,False,11,0,False,False,True,False,0,,False,False,False,False,False,False,False,False,False,False
3768,4345,False,11,0,False,False,True,False,0,,False,False,False,False,False,False,False,False,False,False
3769,4346,False,11,1,False,False,False,True,1,loan_burden_direction,False,False,False,False,False,True,False,False,False,False
3770,4347,False,11,0,False,False,True,False,0,,False,False,False,False,False,False,False,False,False,False
3771,4349,False,11,2,False,False,False,True,2,equal_indicator_weights|flood_binary_omitted,True,True,False,False,False,False,False,False,False,False
3772,435,True,11,11,True,True,False,False,0,,False,False,False,False,False,False,False,False,False,False
3773,4350,False,11,0,False,False,True,False,0,,False,False,False,False,False,False,False,False,False,False
3774,4351,False,11,0,False,False,True,False,0,,False,False,False,False,False,False,False,False,False,False
3775,4352,False,11,1,False,False,False,True,1,loan_burden_direction,False,False,False,False,False,True,False,False,False,False
3776,4353,True,11,11,True,True,False,False,0,,False,False,False,False,False,False,False,False,False,False
3777,4354,False,11,2,False,False,False,True,2,equal_indicator_weights|flood_binary_omitted,True,True,False,False,False,False,False,False,False,False
3778,4355,False,11,3,False,False,False,True,3,literacy_direction_reversed|loan_burden_direction|loan_omitted,False,False,False,True,False,True,True,False,False,False
3779,4356,False,11,2,False,False,False,True,2,equal_indicator_weights|flood_binary_omitted,True,True,False,False,False,False,False,False,False,False
3780,4357,False,11,5,False,False,False,True,5,flood_depth_omitted|literacy_direction_reversed|literacy_omitted|loan_burden_direction|loan_omitted,False,False,True,True,True,True,True,False,False,False
3781,4358,False,11,0,False,False,True,False,0,,False,False,False,False,False,False,False,False,False,False
3782,4359,True,11,10,False,False,False,True,1,flood_binary_omitted,False,True,False,False,False,False,False,False,False,False
3783,436,False,11,3,False,False,False,True,3,loan_burden_direction|loan_omitted|robust_p01_p99_bounds,False,False,False,False,False,True,True,True,False,False
3784,4360,True,11,10,False,False,False,True,1,loan_burden_direction,False,False,False,False,False,True,False,False,False,False
3785,4361,True,11,10,False,False,False,True,1,flood_binary_omitted,False,True,False,False,False,False,False,False,False,False
3786,4362,False,11,0,False,False,True,False,0,,False,False,False,False,False,False,False,False,False,False
3787,4363,False,11,0,False,False,True,False,0,,False,False,False,False,False,False,False,False,False,False
3788,4364,False,11,0,False,False,True,False,0,,False,False,False,False,False,False,False,False,False,False
3789,4366,False,11,0,False,False,True,False,0,,False,False,False,False,False,False,False,False,False,False
3790,4368,True,11,9,False,False,False,True,2,loan_burden_direction|loan_omitted,False,False,False,False,False,True,True,False,False,False
3791,4369,False,11,2,False,False,False,True,2,equal_indicator_weights|flood_binary_omitted,True,True,False,False,False,False,False,False,False,False
3792,437.1,True,11,7,False,False,False,True,4,flood_depth_omitted|literacy_direction_reversed|loan_burden_direction|loan_omitted,False,False,True,True,False,True,True,False,False,False
3793,4370,False,11,1,False,False,False,True,1,loan_burden_direction,False,False,False,False,False,True,False,False,False,False
3794,4371,False,11,1,False,False,False,True,1,flood_binary_omitted,False,True,False,False,False,False,False,False,False,False
3795,4372,False,11,1,False,False,False,True,1,flood_binary_omitted,False,True,False,False,False,False,False,False,False,False
3796,4373,True,11,10,False,False,False,True,1,flood_binary_omitted,False,True,False,False,False,False,False,False,False,False
3797,4374,False,11,0,False,False,True,False,0,,False,False,False,False,False,False,False,False,False,False
3798,4375,False,11,3,False,False,False,True,3,flood_binary_omitted|loan_burden_direction|loan_omitted,False,True,False,False,False,True,True,False,False,False
3799,4376,False,11,0,False,False,True,False,0,,False,False,False,False,False,False,False,False,False,False
3800,4377.1,False,11,0,False,False,True,False,0,,False,False,False,False,False,False,False,False,False,False
3801,4377.2,False,11,0,False,False,True,False,0,,False,False,False,False,False,False,False,False,False,False
3802,4378,False,11,3,False,False,False,True,3,loan_burden_direction|loan_omitted|robust_p01_p99_bounds,False,False,False,False,False,True,True,True,False,False
3803,4379,False,11,0,False,False,True,False,0,,False,False,False,False,False,False,False,False,False,False
3804,438.1,False,11,1,False,False,False,True,1,flood_binary_omitted,False,True,False,False,False,False,False,False,False,False
3805,438.2,False,11,0,False,False,True,False,0,,False,False,False,False,False,False,False,False,False,False
3806,4380,False,11,0,False,False,True,False,0,,False,False,False,False,False,False,False,False,False,False
3807,4381,True,11,10,False,False,False,True,1,literacy_direction_reversed,False,False,False,True,False,False,False,False,False,False
3808,4382,True,11,9,False,False,False,True,2,loan_burden_direction|loan_omitted,False,False,False,False,False,True,True,False,False,False
3809,4383,False,11,0,False,False,True,False,0,,False,False,False,False,False,False,False,False,False,False
3810,4384,False,11,0,False,False,True,False,0,,False,False,False,False,False,False,False,False,False,False
3811,4385,False,11,3,False,False,False,True,3,literacy_direction_reversed|loan_burden_direction|loan_omitted,False,False,False,True,False,True,True,False,False,False
3812,4386,True,11,10,False,False,False,True,1,loan_burden_direction,False,False,False,False,False,True,False,False,False,False
3813,4387,True,11,11,True,True,False,False,0,,False,False,False,False,False,False,False,False,False,False
3814,4388,False,11,0,False,False,True,False,0,,False,False,False,False,False,False,False,False,False,False
3815,4389,True,11,11,True,True,False,False,0,,False,False,False,False,False,False,False,False,False,False
3816,439,False,11,3,False,False,False,True,3,literacy_direction_reversed|loan_burden_direction|loan_omitted,False,False,False,True,False,True,True,False,False,False
3817,4390,False,11,0,False,False,True,False,0,,False,False,False,False,False,False,False,False,False,False
3818,4391,False,11,0,False,False,True,False,0,,False,False,False,False,False,False,False,False,False,False
3819,4392,True,11,11,True,True,False,False,0,,False,False,False,False,False,False,False,False,False,False
3820,4393,False,11,2,False,False,False,True,2,literacy_direction_reversed|loan_burden_direction,False,False,False,True,False,True,False,False,False,False
3821,4394.1,True,11,10,False,False,False,True,1,loan_burden_direction,False,False,False,False,False,True,False,False,False,False
3822,4394.2,False,11,0,False,False,True,False,0,,False,False,False,False,False,False,False,False,False,False
3823,4395,True,11,7,False,False,False,True,4,flood_binary_omitted|loan_burden_direction|loan_omitted|robust_p01_p99_bounds,False,True,False,False,False,True,True,True,False,False
3824,4396,False,11,1,False,False,False,True,1,loan_burden_direction,False,False,False,False,False,True,False,False,False,False
3825,4397,True,11,10,False,False,False,True,1,flood_binary_omitted,False,True,False,False,False,False,False,False,False,False
3826,4398,True,11,8,False,False,False,True,3,flood_binary_omitted|loan_burden_direction|loan_omitted,False,True,False,False,False,True,True,False,False,False
3827,4399,False,11,0,False,False,True,False,0,,False,False,False,False,False,False,False,False,False,False
3828,44,False,11,0,False,False,True,False,0,,False,False,False,False,False,False,False,False,False,False
3829,440.1,False,11,0,False,False,True,False,0,,False,False,False,False,False,False,False,False,False,False
3830,440.2,False,11,0,False,False,True,False,0,,False,False,False,False,False,False,False,False,False,False
3831,440.3,False,11,0,False,False,True,False,0,,False,False,False,False,False,False,False,False,False,False
3832,4400,False,11,0,False,False,True,False,0,,False,False,False,False,False,False,False,False,False,False
3833,4401,False,11,0,False,False,True,False,0,,False,False,False,False,False,False,False,False,False,False
3834,4402,False,11,0,False,False,True,False,0,,False,False,False,False,False,False,False,False,False,False
3835,4403,False,11,0,False,False,True,False,0,,False,False,False,False,False,False,False,False,False,False
3836,4404,False,11,0,False,False,True,False,0,,False,False,False,False,False,False,False,False,False,False
3837,4405,False,11,0,False,False,True,False,0,,False,False,False,False,False,False,False,False,False,False
3838,4406,False,11,0,False,False,True,False,0,,False,False,False,False,False,False,False,False,False,False
3839,4407.1,False,11,0,False,False,True,False,0,,False,False,False,False,False,False,False,False,False,False
3840,4407.2,False,11,0,False,False,True,False,0,,False,False,False,False,False,False,False,False,False,False
3841,4408,False,11,0,False,False,True,False,0,,False,False,False,False,False,False,False,False,False,False
3842,4409,False,11,0,False,False,True,False,0,,False,False,False,False,False,False,False,False,False,False
3843,441,False,11,0,False,False,True,False,0,,False,False,False,False,False,False,False,False,False,False
3844,4410,True,11,6,False,False,False,True,5,flood_binary_omitted|literacy_direction_reversed|literacy_omitted|loan_burden_direction|loan_omitted,False,True,False,True,True,True,True,False,False,False
3845,4411,False,11,0,False,False,True,False,0,,False,False,False,False,False,False,False,False,False,False
3846,4412,False,11,0,False,False,True,False,0,,False,False,False,False,False,False,False,False,False,False
3847,4414,False,11,0,False,False,True,False,0,,False,False,False,False,False,False,False,False,False,False
3848,4415,False,11,0,False,False,True,False,0,,False,False,False,False,False,False,False,False,False,False
3849,4416,False,11,0,False,False,True,False,0,,False,False,False,False,False,False,False,False,False,False
3850,4417,False,11,0,False,False,True,False,0,,False,False,False,False,False,False,False,False,False,False
3851,4418,False,11,0,False,False,True,False,0,,False,False,False,False,False,False,False,False,False,False
3852,4419,False,11,0,False,False,True,False,0,,False,False,False,False,False,False,False,False,False,False
3853,442,False,11,0,False,False,True,False,0,,False,False,False,False,False,False,False,False,False,False
3854,4420,False,11,0,False,False,True,False,0,,False,False,False,False,False,False,False,False,False,False
3855,4421.1,False,11,0,False,False,True,False,0,,False,False,False,False,False,False,False,False,False,False
3856,4421.2,False,11,0,False,False,True,False,0,,False,False,False,False,False,False,False,False,False,False
3857,4422,False,11,0,False,False,True,False,0,,False,False,False,False,False,False,False,False,False,False
3858,4423,False,11,0,False,False,True,False,0,,False,False,False,False,False,False,False,False,False,False
3859,4424,False,11,0,False,False,True,False,0,,False,False,False,False,False,False,False,False,False,False
3860,4425,False,11,0,False,False,True,False,0,,False,False,False,False,False,False,False,False,False,False
3861,4426,False,11,0,False,False,True,False,0,,False,False,False,False,False,False,False,False,False,False
3862,4427,False,11,0,False,False,True,False,0,,False,False,False,False,False,False,False,False,False,False
3863,4428,False,11,0,False,False,True,False,0,,False,False,False,False,False,False,False,False,False,False
3864,4429,False,11,1,False,False,False,True,1,literacy_direction_reversed,False,False,False,True,False,False,False,False,False,False
3865,443,False,11,0,False,False,True,False,0,,False,False,False,False,False,False,False,False,False,False
3866,4430,False,11,0,False,False,True,False,0,,False,False,False,False,False,False,False,False,False,False
3867,4431,False,11,0,False,False,True,False,0,,False,False,False,False,False,False,False,False,False,False
3868,4432,False,11,1,False,False,False,True,1,literacy_direction_reversed,False,False,False,True,False,False,False,False,False,False
3869,4433,False,11,0,False,False,True,False,0,,False,False,False,False,False,False,False,False,False,False
3870,4434,False,11,0,False,False,True,False,0,,False,False,False,False,False,False,False,False,False,False
3871,4435,False,11,0,False,False,True,False,0,,False,False,False,False,False,False,False,False,False,False
3872,4436,False,11,0,False,False,True,False,0,,False,False,False,False,False,False,False,False,False,False
3873,4437,False,11,0,False,False,True,False,0,,False,False,False,False,False,False,False,False,False,False
3874,4439,False,11,0,False,False,True,False,0,,False,False,False,False,False,False,False,False,False,False
3875,444,False,11,0,False,False,True,False,0,,False,False,False,False,False,False,False,False,False,False
3876,4441,False,11,0,False,False,True,False,0,,False,False,False,False,False,False,False,False,False,False
3877,4443,False,11,0,False,False,True,False,0,,False,False,False,False,False,False,False,False,False,False
3878,4444,True,11,6,False,False,False,True,5,equal_indicator_weights|flood_binary_omitted|flood_depth_omitted|loan_burden_direction|loan_omitted,True,True,True,False,False,True,True,False,False,False
3879,4445,True,11,9,False,False,False,True,2,literacy_direction_reversed|loan_burden_direction,False,False,False,True,False,True,False,False,False,False
3880,4446,False,11,0,False,False,True,False,0,,False,False,False,False,False,False,False,False,False,False
3881,4447.1,False,11,0,False,False,True,False,0,,False,False,False,False,False,False,False,False,False,False
3882,4447.2,False,11,0,False,False,True,False,0,,False,False,False,False,False,False,False,False,False,False
3883,4448,False,11,0,False,False,True,False,0,,False,False,False,False,False,False,False,False,False,False
3884,4449,False,11,0,False,False,True,False,0,,False,False,False,False,False,False,False,False,False,False
3885,445,False,11,0,False,False,True,False,0,,False,False,False,False,False,False,False,False,False,False
3886,4451,False,11,0,False,False,True,False,0,,False,False,False,False,False,False,False,False,False,False
3887,4452,True,11,8,False,False,False,True,3,flood_binary_omitted|loan_burden_direction|loan_omitted,False,True,False,False,False,True,True,False,False,False
3888,4455,False,11,0,False,False,True,False,0,,False,False,False,False,False,False,False,False,False,False
3889,4456,False,11,0,False,False,True,False,0,,False,False,False,False,False,False,False,False,False,False
3890,4457,True,11,8,False,False,False,True,3,flood_binary_omitted|literacy_direction_reversed|literacy_omitted,False,True,False,True,True,False,False,False,False,False
3891,4458,False,11,0,False,False,True,False,0,,False,False,False,False,False,False,False,False,False,False
3892,4459,False,11,0,False,False,True,False,0,,False,False,False,False,False,False,False,False,False,False
3893,446,False,11,0,False,False,True,False,0,,False,False,False,False,False,False,False,False,False,False
3894,4460,False,11,1,False,False,False,True,1,robust_p01_p99_bounds,False,False,False,False,False,False,False,True,False,False
3895,4461,False,11,0,False,False,True,False,0,,False,False,False,False,False,False,False,False,False,False
3896,4462,False,11,0,False,False,True,False,0,,False,False,False,False,False,False,False,False,False,False
3897,4463,False,11,2,False,False,False,True,2,loan_burden_direction|robust_p01_p99_bounds,False,False,False,False,False,True,False,True,False,False
3898,4464,False,11,1,False,False,False,True,1,robust_p01_p99_bounds,False,False,False,False,False,False,False,True,False,False
3899,4465,False,11,0,False,False,True,False,0,,False,False,False,False,False,False,False,False,False,False
3900,4466,False,11,0,False,False,True,False,0,,False,False,False,False,False,False,False,False,False,False
3901,4468,False,11,0,False,False,True,False,0,,False,False,False,False,False,False,False,False,False,False
3902,4469,False,11,0,False,False,True,False,0,,False,False,False,False,False,False,False,False,False,False
3903,447,False,11,0,False,False,True,False,0,,False,False,False,False,False,False,False,False,False,False
3904,4470,False,11,0,False,False,True,False,0,,False,False,False,False,False,False,False,False,False,False
3905,4471,False,11,0,False,False,True,False,0,,False,False,False,False,False,False,False,False,False,False
3906,4472.1,False,11,0,False,False,True,False,0,,False,False,False,False,False,False,False,False,False,False
3907,4472.2,False,11,0,False,False,True,False,0,,False,False,False,False,False,False,False,False,False,False
3908,4473,False,11,0,False,False,True,False,0,,False,False,False,False,False,False,False,False,False,False
3909,4474,False,11,1,False,False,False,True,1,robust_p01_p99_bounds,False,False,False,False,False,False,False,True,False,False
3910,4475,False,11,0,False,False,True,False,0,,False,False,False,False,False,False,False,False,False,False
3911,4476,False,11,0,False,False,True,False,0,,False,False,False,False,False,False,False,False,False,False
3912,4477,False,11,0,False,False,True,False,0,,False,False,False,False,False,False,False,False,False,False
3913,4478,False,11,1,False,False,False,True,1,robust_p01_p99_bounds,False,False,False,False,False,False,False,True,False,False
3914,4479.1,False,11,0,False,False,True,False,0,,False,False,False,False,False,False,False,False,False,False
3915,4479.2,False,11,0,False,False,True,False,0,,False,False,False,False,False,False,False,False,False,False
3916,448,False,11,0,False,False,True,False,0,,False,False,False,False,False,False,False,False,False,False
3917,4480,False,11,0,False,False,True,False,0,,False,False,False,False,False,False,False,False,False,False
3918,4481,False,11,0,False,False,True,False,0,,False,False,False,False,False,False,False,False,False,False
3919,4483,False,11,0,False,False,True,False,0,,False,False,False,False,False,False,False,False,False,False
3920,4484,False,11,0,False,False,True,False,0,,False,False,False,False,False,False,False,False,False,False
3921,4485,False,11,0,False,False,True,False,0,,False,False,False,False,False,False,False,False,False,False
3922,4486,False,11,0,False,False,True,False,0,,False,False,False,False,False,False,False,False,False,False
3923,4487,False,11,0,False,False,True,False,0,,False,False,False,False,False,False,False,False,False,False
3924,4488,False,11,0,False,False,True,False,0,,False,False,False,False,False,False,False,False,False,False
3925,4489,False,11,0,False,False,True,False,0,,False,False,False,False,False,False,False,False,False,False
3926,449,False,11,0,False,False,True,False,0,,False,False,False,False,False,False,False,False,False,False
3927,4490,False,11,0,False,False,True,False,0,,False,False,False,False,False,False,False,False,False,False
3928,4492,False,11,0,False,False,True,False,0,,False,False,False,False,False,False,False,False,False,False
3929,4493.1,False,11,0,False,False,True,False,0,,False,False,False,False,False,False,False,False,False,False
3930,4493.2,False,11,0,False,False,True,False,0,,False,False,False,False,False,False,False,False,False,False
3931,4494,False,11,0,False,False,True,False,0,,False,False,False,False,False,False,False,False,False,False
3932,4495.1,False,11,0,False,False,True,False,0,,False,False,False,False,False,False,False,False,False,False
3933,4495.2,False,11,0,False,False,True,False,0,,False,False,False,False,False,False,False,False,False,False
3934,4497.1,False,11,0,False,False,True,False,0,,False,False,False,False,False,False,False,False,False,False
3935,4497.2,False,11,0,False,False,True,False,0,,False,False,False,False,False,False,False,False,False,False
3936,4498,False,11,0,False,False,True,False,0,,False,False,False,False,False,False,False,False,False,False
3937,4499,False,11,0,False,False,True,False,0,,False,False,False,False,False,False,False,False,False,False
3938,45,False,11,1,False,False,False,True,1,robust_p01_p99_bounds,False,False,False,False,False,False,False,True,False,False
3939,450,False,11,0,False,False,True,False,0,,False,False,False,False,False,False,False,False,False,False
3940,4500,False,11,0,False,False,True,False,0,,False,False,False,False,False,False,False,False,False,False
3941,4501,True,11,11,True,True,False,False,0,,False,False,False,False,False,False,False,False,False,False
3942,4502,False,11,2,False,False,False,True,2,flood_binary_omitted|loan_burden_direction,False,True,False,False,False,True,False,False,False,False
3943,4503,True,11,8,False,False,False,True,3,flood_binary_omitted|literacy_direction_reversed|robust_p01_p99_bounds,False,True,False,True,False,False,False,True,False,False
3944,4504,True,11,10,False,False,False,True,1,loan_burden_direction,False,False,False,False,False,True,False,False,False,False
3945,4505,False,11,0,False,False,True,False,0,,False,False,False,False,False,False,False,False,False,False
3946,4506,False,11,0,False,False,True,False,0,,False,False,False,False,False,False,False,False,False,False
3947,4507,False,11,0,False,False,True,False,0,,False,False,False,False,False,False,False,False,False,False
3948,4508,True,11,10,False,False,False,True,1,loan_burden_direction,False,False,False,False,False,True,False,False,False,False
3949,4509.1,True,11,10,False,False,False,True,1,flood_binary_omitted,False,True,False,False,False,False,False,False,False,False
3950,4509.2.1,False,11,1,False,False,False,True,1,flood_binary_omitted,False,True,False,False,False,False,False,False,False,False
3951,4509.2.2,True,11,10,False,False,False,True,1,loan_burden_direction,False,False,False,False,False,True,False,False,False,False
3952,451,True,11,9,False,False,False,True,2,equal_indicator_weights|flood_binary_omitted,True,True,False,False,False,False,False,False,False,False
3953,4510,True,11,11,True,True,False,False,0,,False,False,False,False,False,False,False,False,False,False
3954,4511.1,False,11,0,False,False,True,False,0,,False,False,False,False,False,False,False,False,False,False
3955,4511.2,False,11,0,False,False,True,False,0,,False,False,False,False,False,False,False,False,False,False
3956,4512,True,11,10,False,False,False,True,1,flood_binary_omitted,False,True,False,False,False,False,False,False,False,False
3957,4513,True,11,7,False,False,False,True,4,flood_binary_omitted|loan_burden_direction|loan_omitted|robust_p01_p99_bounds,False,True,False,False,False,True,True,True,False,False
3958,4514.1,False,11,1,False,False,False,True,1,loan_burden_direction,False,False,False,False,False,True,False,False,False,False
3959,4514.2,False,11,0,False,False,True,False,0,,False,False,False,False,False,False,False,False,False,False
3960,4515.1,True,11,11,True,True,False,False,0,,False,False,False,False,False,False,False,False,False,False
3961,4515.2,True,11,9,False,False,False,True,2,literacy_direction_reversed|literacy_omitted,False,False,False,True,True,False,False,False,False,False
3962,4516,True,11,10,False,False,False,True,1,flood_binary_omitted,False,True,False,False,False,False,False,False,False,False
3963,4518,False,11,3,False,False,False,True,3,literacy_direction_reversed|loan_burden_direction|loan_omitted,False,False,False,True,False,True,True,False,False,False
3964,4519,False,11,1,False,False,False,True,1,loan_burden_direction,False,False,False,False,False,True,False,False,False,False
3965,452,False,11,0,False,False,True,False,0,,False,False,False,False,False,False,False,False,False,False
3966,4520,True,11,7,False,False,False,True,4,flood_binary_omitted|loan_burden_direction|loan_omitted|robust_p01_p99_bounds,False,True,False,False,False,True,True,True,False,False
3967,4521,False,11,0,False,False,True,False,0,,False,False,False,False,False,False,False,False,False,False
3968,4522,False,11,0,False,False,True,False,0,,False,False,False,False,False,False,False,False,False,False
3969,4523,True,11,9,False,False,False,True,2,equal_indicator_weights|flood_binary_omitted,True,True,False,False,False,False,False,False,False,False
3970,4524,False,11,6,False,False,False,True,6,flood_depth_omitted|literacy_direction_reversed|literacy_omitted|loan_burden_direction|loan_omitted|robust_p01_p99_bounds,False,False,True,True,True,True,True,True,False,False
3971,4525,False,11,5,False,False,False,True,5,flood_depth_omitted|literacy_direction_reversed|literacy_omitted|loan_burden_direction|loan_omitted,False,False,True,True,True,True,True,False,False,False
3972,4526,True,11,10,False,False,False,True,1,literacy_direction_reversed,False,False,False,True,False,False,False,False,False,False
3973,4527,True,11,8,False,False,False,True,3,flood_binary_omitted|loan_burden_direction|loan_omitted,False,True,False,False,False,True,True,False,False,False
3974,4529,False,11,0,False,False,True,False,0,,False,False,False,False,False,False,False,False,False,False
3975,453,False,11,0,False,False,True,False,0,,False,False,False,False,False,False,False,False,False,False
3976,4530,True,11,10,False,False,False,True,1,flood_binary_omitted,False,True,False,False,False,False,False,False,False,False
3977,4531,True,11,6,False,False,False,True,5,literacy_direction_reversed|literacy_omitted|loan_burden_direction|loan_omitted|robust_p01_p99_bounds,False,False,False,True,True,True,True,True,False,False
3978,4532,False,11,0,False,False,True,False,0,,False,False,False,False,False,False,False,False,False,False
3979,4533,False,11,0,False,False,True,False,0,,False,False,False,False,False,False,False,False,False,False
3980,4534,True,11,9,False,False,False,True,2,flood_binary_omitted|literacy_direction_reversed,False,True,False,True,False,False,False,False,False,False
3981,4535,True,11,8,False,False,False,True,3,flood_binary_omitted|loan_burden_direction|loan_omitted,False,True,False,False,False,True,True,False,False,False
3982,4536,False,11,5,False,False,False,True,5,flood_depth_omitted|literacy_direction_reversed|literacy_omitted|loan_burden_direction|loan_omitted,False,False,True,True,True,True,True,False,False,False
3983,4537,True,11,10,False,False,False,True,1,flood_binary_omitted,False,True,False,False,False,False,False,False,False,False
3984,4538,False,11,1,False,False,False,True,1,flood_binary_omitted,False,True,False,False,False,False,False,False,False,False
3985,4539,False,11,3,False,False,False,True,3,literacy_direction_reversed|loan_burden_direction|loan_omitted,False,False,False,True,False,True,True,False,False,False
3986,454,False,11,0,False,False,True,False,0,,False,False,False,False,False,False,False,False,False,False
3987,4540,False,11,0,False,False,True,False,0,,False,False,False,False,False,False,False,False,False,False
3988,4541,False,11,1,False,False,False,True,1,flood_binary_omitted,False,True,False,False,False,False,False,False,False,False
3989,4542,False,11,2,False,False,False,True,2,equal_indicator_weights|flood_binary_omitted,True,True,False,False,False,False,False,False,False,False
3990,4543,False,11,0,False,False,True,False,0,,False,False,False,False,False,False,False,False,False,False
3991,4544,False,11,0,False,False,True,False,0,,False,False,False,False,False,False,False,False,False,False
3992,4545,True,11,11,True,True,False,False,0,,False,False,False,False,False,False,False,False,False,False
3993,4546.1,True,11,9,False,False,False,True,2,loan_burden_direction|loan_omitted,False,False,False,False,False,True,True,False,False,False
3994,4546.2,True,11,5,False,False,False,True,6,flood_depth_omitted|literacy_direction_reversed|literacy_omitted|loan_burden_direction|loan_omitted|robust_p01_p99_bounds,False,False,True,True,True,True,True,True,False,False
3995,4547,True,11,11,True,True,False,False,0,,False,False,False,False,False,False,False,False,False,False
3996,4548,True,11,5,False,False,False,True,6,equal_indicator_weights|flood_binary_omitted|literacy_direction_reversed|literacy_omitted|loan_burden_direction|loan_omitted,True,True,False,True,True,True,True,False,False,False
3997,4549,True,11,9,False,False,False,True,2,equal_indicator_weights|flood_binary_omitted,True,True,False,False,False,False,False,False,False,False
3998,455,False,11,0,False,False,True,False,0,,False,False,False,False,False,False,False,False,False,False
3999,4550,False,11,0,False,False,True,False,0,,False,False,False,False,False,False,False,False,False,False
4000,4551,False,11,0,False,False,True,False,0,,False,False,False,False,False,False,False,False,False,False
4001,4552,True,11,10,False,False,False,True,1,flood_binary_omitted,False,True,False,False,False,False,False,False,False,False
4002,4553,False,11,1,False,False,False,True,1,flood_binary_omitted,False,True,False,False,False,False,False,False,False,False
4003,4555,True,11,11,True,True,False,False,0,,False,False,False,False,False,False,False,False,False,False
4004,4556,False,11,1,False,False,False,True,1,flood_binary_omitted,False,True,False,False,False,False,False,False,False,False
4005,4557,False,11,0,False,False,True,False,0,,False,False,False,False,False,False,False,False,False,False
4006,4558,False,11,0,False,False,True,False,0,,False,False,False,False,False,False,False,False,False,False
4007,4559,False,11,0,False,False,True,False,0,,False,False,False,False,False,False,False,False,False,False
4008,456,False,11,0,False,False,True,False,0,,False,False,False,False,False,False,False,False,False,False
4009,4560,False,11,0,False,False,True,False,0,,False,False,False,False,False,False,False,False,False,False
4010,4561,False,11,0,False,False,True,False,0,,False,False,False,False,False,False,False,False,False,False
4011,4562,True,11,8,False,False,False,True,3,flood_binary_omitted|loan_burden_direction|loan_omitted,False,True,False,False,False,True,True,False,False,False
4012,4563.1,False,11,2,False,False,False,True,2,equal_indicator_weights|flood_binary_omitted,True,True,False,False,False,False,False,False,False,False
4013,4563.2,True,11,8,False,False,False,True,3,flood_binary_omitted|literacy_direction_reversed|robust_p01_p99_bounds,False,True,False,True,False,False,False,True,False,False
4014,4564,False,11,1,False,False,False,True,1,flood_binary_omitted,False,True,False,False,False,False,False,False,False,False
4015,4565,True,11,9,False,False,False,True,2,equal_indicator_weights|flood_binary_omitted,True,True,False,False,False,False,False,False,False,False
4016,4566,False,11,0,False,False,True,False,0,,False,False,False,False,False,False,False,False,False,False
4017,4567,True,11,8,False,False,False,True,3,flood_binary_omitted|loan_burden_direction|loan_omitted,False,True,False,False,False,True,True,False,False,False
4018,4568,False,11,0,False,False,True,False,0,,False,False,False,False,False,False,False,False,False,False
4019,4569,True,11,10,False,False,False,True,1,loan_burden_direction,False,False,False,False,False,True,False,False,False,False
4020,457,True,11,10,False,False,False,True,1,loan_burden_direction,False,False,False,False,False,True,False,False,False,False
4021,4570,False,11,2,False,False,False,True,2,equal_indicator_weights|flood_binary_omitted,True,True,False,False,False,False,False,False,False,False
4022,4571,False,11,0,False,False,True,False,0,,False,False,False,False,False,False,False,False,False,False
4023,4572.1,False,11,0,False,False,True,False,0,,False,False,False,False,False,False,False,False,False,False
4024,4572.2,True,11,7,False,False,False,True,4,flood_binary_omitted|literacy_direction_reversed|literacy_omitted|robust_p01_p99_bounds,False,True,False,True,True,False,False,True,False,False
4025,4572.3,True,11,10,False,False,False,True,1,loan_burden_direction,False,False,False,False,False,True,False,False,False,False
4026,4573,False,11,0,False,False,True,False,0,,False,False,False,False,False,False,False,False,False,False
4027,4574,False,11,0,False,False,True,False,0,,False,False,False,False,False,False,False,False,False,False
4028,4575,False,11,0,False,False,True,False,0,,False,False,False,False,False,False,False,False,False,False
4029,4576,True,11,7,False,False,False,True,4,equal_indicator_weights|flood_binary_omitted|loan_burden_direction|loan_omitted,True,True,False,False,False,True,True,False,False,False
4030,4577,True,11,10,False,False,False,True,1,flood_binary_omitted,False,True,False,False,False,False,False,False,False,False
4031,4578,False,11,0,False,False,True,False,0,,False,False,False,False,False,False,False,False,False,False
4032,4579,False,11,1,False,False,False,True,1,flood_binary_omitted,False,True,False,False,False,False,False,False,False,False
4033,458,True,11,11,True,True,False,False,0,,False,False,False,False,False,False,False,False,False,False
4034,4580,True,11,11,True,True,False,False,0,,False,False,False,False,False,False,False,False,False,False
4035,4581,False,11,3,False,False,False,True,3,literacy_direction_reversed|loan_burden_direction|robust_p01_p99_bounds,False,False,False,True,False,True,False,True,False,False
4036,4582,False,11,1,False,False,False,True,1,flood_binary_omitted,False,True,False,False,False,False,False,False,False,False
4037,4583,False,11,2,False,False,False,True,2,equal_indicator_weights|flood_binary_omitted,True,True,False,False,False,False,False,False,False,False
4038,4584,False,11,3,False,False,False,True,3,equal_indicator_weights|loan_burden_direction|loan_omitted,True,False,False,False,False,True,True,False,False,False
4039,4585,False,11,0,False,False,True,False,0,,False,False,False,False,False,False,False,False,False,False
4040,4586,False,11,5,False,False,False,True,5,flood_depth_omitted|literacy_direction_reversed|literacy_omitted|loan_burden_direction|loan_omitted,False,False,True,True,True,True,True,False,False,False
4041,4587,False,11,0,False,False,True,False,0,,False,False,False,False,False,False,False,False,False,False
4042,4588,False,11,0,False,False,True,False,0,,False,False,False,False,False,False,False,False,False,False
4043,4589,False,11,3,False,False,False,True,3,literacy_direction_reversed|loan_burden_direction|loan_omitted,False,False,False,True,False,True,True,False,False,False
4044,459,True,11,11,True,True,False,False,0,,False,False,False,False,False,False,False,False,False,False
4045,4590,True,11,8,False,False,False,True,3,flood_binary_omitted|loan_burden_direction|loan_omitted,False,True,False,False,False,True,True,False,False,False
4046,4591,True,11,8,False,False,False,True,3,flood_binary_omitted|loan_burden_direction|loan_omitted,False,True,False,False,False,True,True,False,False,False
4047,4592,False,11,0,False,False,True,False,0,,False,False,False,False,False,False,False,False,False,False
4048,4593,False,11,0,False,False,True,False,0,,False,False,False,False,False,False,False,False,False,False
4049,4594,False,11,0,False,False,True,False,0,,False,False,False,False,False,False,False,False,False,False
4050,4595.1,True,11,11,True,True,False,False,0,,False,False,False,False,False,False,False,False,False,False
4051,4595.2,True,11,5,False,False,False,True,6,flood_depth_omitted|literacy_direction_reversed|literacy_omitted|loan_burden_direction|loan_omitted|robust_p01_p99_bounds,False,False,True,True,True,True,True,True,False,False
4052,4596,False,11,0,False,False,True,False,0,,False,False,False,False,False,False,False,False,False,False
4053,4597,False,11,3,False,False,False,True,3,literacy_direction_reversed|loan_burden_direction|loan_omitted,False,False,False,True,False,True,True,False,False,False
4054,4598,True,11,10,False,False,False,True,1,literacy_direction_reversed,False,False,False,True,False,False,False,False,False,False
4055,4599,False,11,0,False,False,True,False,0,,False,False,False,False,False,False,False,False,False,False
4056,46,False,11,0,False,False,True,False,0,,False,False,False,False,False,False,False,False,False,False
4057,460,False,11,0,False,False,True,False,0,,False,False,False,False,False,False,False,False,False,False
4058,4600,False,11,0,False,False,True,False,0,,False,False,False,False,False,False,False,False,False,False
4059,4601.1,False,11,0,False,False,True,False,0,,False,False,False,False,False,False,False,False,False,False
4060,4601.2,False,11,0,False,False,True,False,0,,False,False,False,False,False,False,False,False,False,False
4061,4602,False,11,1,False,False,False,True,1,loan_burden_direction,False,False,False,False,False,True,False,False,False,False
4062,4603,True,11,11,True,True,False,False,0,,False,False,False,False,False,False,False,False,False,False
4063,4604,False,11,0,False,False,True,False,0,,False,False,False,False,False,False,False,False,False,False
4064,4606,False,11,0,False,False,True,False,0,,False,False,False,False,False,False,False,False,False,False
4065,4608,False,11,1,False,False,False,True,1,flood_binary_omitted,False,True,False,False,False,False,False,False,False,False
4066,4609.1,True,11,10,False,False,False,True,1,loan_burden_direction,False,False,False,False,False,True,False,False,False,False
4067,4609.2,False,11,0,False,False,True,False,0,,False,False,False,False,False,False,False,False,False,False
4068,461,False,11,1,False,False,False,True,1,loan_burden_direction,False,False,False,False,False,True,False,False,False,False
4069,4610,True,11,10,False,False,False,True,1,loan_burden_direction,False,False,False,False,False,True,False,False,False,False
4070,4611,False,11,4,False,False,False,True,4,equal_indicator_weights|flood_depth_omitted|loan_burden_direction|loan_omitted,True,False,True,False,False,True,True,False,False,False
4071,4612,True,11,8,False,False,False,True,3,flood_binary_omitted|flood_depth_omitted|literacy_direction_reversed,False,True,True,True,False,False,False,False,False,False
4072,4613,False,11,0,False,False,True,False,0,,False,False,False,False,False,False,False,False,False,False
4073,4615,False,11,2,False,False,False,True,2,equal_indicator_weights|flood_binary_omitted,True,True,False,False,False,False,False,False,False,False
4074,4616,False,11,2,False,False,False,True,2,loan_burden_direction|robust_p01_p99_bounds,False,False,False,False,False,True,False,True,False,False
4075,4617,True,11,10,False,False,False,True,1,flood_binary_omitted,False,True,False,False,False,False,False,False,False,False
4076,462,False,11,0,False,False,True,False,0,,False,False,False,False,False,False,False,False,False,False
4077,4620,True,11,7,False,False,False,True,4,flood_binary_omitted|literacy_direction_reversed|literacy_omitted|robust_p01_p99_bounds,False,True,False,True,True,False,False,True,False,False
4078,4621,False,11,4,False,False,False,True,4,literacy_direction_reversed|literacy_omitted|loan_burden_direction|loan_omitted,False,False,False,True,True,True,True,False,False,False
4079,4622,False,11,1,False,False,False,True,1,loan_burden_direction,False,False,False,False,False,True,False,False,False,False
4080,4623,True,11,10,False,False,False,True,1,loan_burden_direction,False,False,False,False,False,True,False,False,False,False
4081,4624,False,11,2,False,False,False,True,2,equal_indicator_weights|flood_binary_omitted,True,True,False,False,False,False,False,False,False,False
4082,4625.1,True,11,10,False,False,False,True,1,flood_binary_omitted,False,True,False,False,False,False,False,False,False,False
4083,4625.2,False,11,1,False,False,False,True,1,loan_burden_direction,False,False,False,False,False,True,False,False,False,False
4084,4626,False,11,0,False,False,True,False,0,,False,False,False,False,False,False,False,False,False,False
4085,4627,False,11,0,False,False,True,False,0,,False,False,False,False,False,False,False,False,False,False
4086,4628,False,11,0,False,False,True,False,0,,False,False,False,False,False,False,False,False,False,False
4087,4629,False,11,0,False,False,True,False,0,,False,False,False,False,False,False,False,False,False,False
4088,463,False,11,0,False,False,True,False,0,,False,False,False,False,False,False,False,False,False,False
4089,4630,True,11,10,False,False,False,True,1,loan_burden_direction,False,False,False,False,False,True,False,False,False,False
4090,4631,False,11,0,False,False,True,False,0,,False,False,False,False,False,False,False,False,False,False
4091,4632.1,False,11,0,False,False,True,False,0,,False,False,False,False,False,False,False,False,False,False
4092,4632.2,False,11,0,False,False,True,False,0,,False,False,False,False,False,False,False,False,False,False
4093,4635,False,11,0,False,False,True,False,0,,False,False,False,False,False,False,False,False,False,False
4094,4636,False,11,0,False,False,True,False,0,,False,False,False,False,False,False,False,False,False,False
4095,4637,True,11,5,False,False,False,True,6,flood_depth_omitted|literacy_direction_reversed|literacy_omitted|loan_burden_direction|loan_omitted|robust_p01_p99_bounds,False,False,True,True,True,True,True,True,False,False
4096,4638,True,11,10,False,False,False,True,1,literacy_direction_reversed,False,False,False,True,False,False,False,False,False,False
4097,464.1,False,11,1,False,False,False,True,1,loan_burden_direction,False,False,False,False,False,True,False,False,False,False
4098,464.2,False,11,0,False,False,True,False,0,,False,False,False,False,False,False,False,False,False,False
4099,4641,False,11,0,False,False,True,False,0,,False,False,False,False,False,False,False,False,False,False
4100,4642,False,11,0,False,False,True,False,0,,False,False,False,False,False,False,False,False,False,False
4101,4643,False,11,2,False,False,False,True,2,equal_indicator_weights|flood_binary_omitted,True,True,False,False,False,False,False,False,False,False
4102,4644,False,11,0,False,False,True,False,0,,False,False,False,False,False,False,False,False,False,False
4103,4646,False,11,2,False,False,False,True,2,loan_burden_direction|robust_p01_p99_bounds,False,False,False,False,False,True,False,True,False,False
4104,4647,True,11,10,False,False,False,True,1,flood_binary_omitted,False,True,False,False,False,False,False,False,False,False
4105,4648,False,11,4,False,False,False,True,4,literacy_direction_reversed|loan_burden_direction|loan_omitted|robust_p01_p99_bounds,False,False,False,True,False,True,True,True,False,False
4106,4649,False,11,0,False,False,True,False,0,,False,False,False,False,False,False,False,False,False,False
4107,465,False,11,0,False,False,True,False,0,,False,False,False,False,False,False,False,False,False,False
4108,4650,False,11,0,False,False,True,False,0,,False,False,False,False,False,False,False,False,False,False
4109,4651,True,11,10,False,False,False,True,1,literacy_direction_reversed,False,False,False,True,False,False,False,False,False,False
4110,4652,False,11,2,False,False,False,True,2,loan_burden_direction|robust_p01_p99_bounds,False,False,False,False,False,True,False,True,False,False
4111,4653,False,11,0,False,False,True,False,0,,False,False,False,False,False,False,False,False,False,False
4112,4654,False,11,0,False,False,True,False,0,,False,False,False,False,False,False,False,False,False,False
4113,4656,False,11,1,False,False,False,True,1,loan_burden_direction,False,False,False,False,False,True,False,False,False,False
4114,4657,False,11,0,False,False,True,False,0,,False,False,False,False,False,False,False,False,False,False
4115,4658,True,11,10,False,False,False,True,1,flood_binary_omitted,False,True,False,False,False,False,False,False,False,False
4116,4659,False,11,0,False,False,True,False,0,,False,False,False,False,False,False,False,False,False,False
4117,466,True,11,8,False,False,False,True,3,equal_indicator_weights|flood_binary_omitted|flood_depth_omitted,True,True,True,False,False,False,False,False,False,False
4118,4660,False,11,2,False,False,False,True,2,equal_indicator_weights|flood_binary_omitted,True,True,False,False,False,False,False,False,False,False
4119,4661,False,11,0,False,False,True,False,0,,False,False,False,False,False,False,False,False,False,False
4120,4662,False,11,0,False,False,True,False,0,,False,False,False,False,False,False,False,False,False,False
4121,4663.1,False,11,0,False,False,True,False,0,,False,False,False,False,False,False,False,False,False,False
4122,4663.2,False,11,2,False,False,False,True,2,equal_indicator_weights|flood_binary_omitted,True,True,False,False,False,False,False,False,False,False
4123,4665,False,11,0,False,False,True,False,0,,False,False,False,False,False,False,False,False,False,False
4124,4667.1,False,11,0,False,False,True,False,0,,False,False,False,False,False,False,False,False,False,False
4125,4667.2,False,11,0,False,False,True,False,0,,False,False,False,False,False,False,False,False,False,False
4126,4668,True,11,9,False,False,False,True,2,flood_binary_omitted|literacy_direction_reversed,False,True,False,True,False,False,False,False,False,False
4127,4669,False,11,0,False,False,True,False,0,,False,False,False,False,False,False,False,False,False,False
4128,467.1,False,11,0,False,False,True,False,0,,False,False,False,False,False,False,False,False,False,False
4129,467.2,False,11,0,False,False,True,False,0,,False,False,False,False,False,False,False,False,False,False
4130,4670,True,11,9,False,False,False,True,2,equal_indicator_weights|flood_binary_omitted,True,True,False,False,False,False,False,False,False,False
4131,4671,False,11,4,False,False,False,True,4,flood_depth_omitted|literacy_direction_reversed|loan_burden_direction|loan_omitted,False,False,True,True,False,True,True,False,False,False
4132,4672,False,11,0,False,False,True,False,0,,False,False,False,False,False,False,False,False,False,False
4133,4673,False,11,4,False,False,False,True,4,flood_depth_omitted|literacy_direction_reversed|loan_burden_direction|loan_omitted,False,False,True,True,False,True,True,False,False,False
4134,4674,False,11,1,False,False,False,True,1,flood_binary_omitted,False,True,False,False,False,False,False,False,False,False
4135,4675,True,11,8,False,False,False,True,3,equal_indicator_weights|flood_binary_omitted|robust_p01_p99_bounds,True,True,False,False,False,False,False,True,False,False
4136,4676,False,11,0,False,False,True,False,0,,False,False,False,False,False,False,False,False,False,False
4137,4677,True,11,11,True,True,False,False,0,,False,False,False,False,False,False,False,False,False,False
4138,4678,True,11,11,True,True,False,False,0,,False,False,False,False,False,False,False,False,False,False
4139,4679,True,11,11,True,True,False,False,0,,False,False,False,False,False,False,False,False,False,False
4140,468,False,11,0,False,False,True,False,0,,False,False,False,False,False,False,False,False,False,False
4141,4680,False,11,4,False,False,False,True,4,equal_indicator_weights|flood_binary_omitted|literacy_direction_reversed|literacy_omitted,True,True,False,True,True,False,False,False,False,False
4142,4681,True,11,11,True,True,False,False,0,,False,False,False,False,False,False,False,False,False,False
4143,4682,True,11,9,False,False,False,True,2,equal_indicator_weights|flood_binary_omitted,True,True,False,False,False,False,False,False,False,False
4144,4683,True,11,10,False,False,False,True,1,loan_burden_direction,False,False,False,False,False,True,False,False,False,False
4145,4685,False,11,0,False,False,True,False,0,,False,False,False,False,False,False,False,False,False,False
4146,4686,False,11,0,False,False,True,False,0,,False,False,False,False,False,False,False,False,False,False
4147,4687,False,11,0,False,False,True,False,0,,False,False,False,False,False,False,False,False,False,False
4148,4688,False,11,5,False,False,False,True,5,flood_depth_omitted|literacy_direction_reversed|literacy_omitted|loan_burden_direction|loan_omitted,False,False,True,True,True,True,True,False,False,False
4149,4689,True,11,9,False,False,False,True,2,equal_indicator_weights|flood_binary_omitted,True,True,False,False,False,False,False,False,False,False
4150,469,True,11,11,True,True,False,False,0,,False,False,False,False,False,False,False,False,False,False
4151,4690,True,11,10,False,False,False,True,1,flood_binary_omitted,False,True,False,False,False,False,False,False,False,False
4152,4691,False,11,0,False,False,True,False,0,,False,False,False,False,False,False,False,False,False,False
4153,4692,True,11,11,True,True,False,False,0,,False,False,False,False,False,False,False,False,False,False
4154,4693,False,11,0,False,False,True,False,0,,False,False,False,False,False,False,False,False,False,False
4155,4694.1,False,11,1,False,False,False,True,1,flood_binary_omitted,False,True,False,False,False,False,False,False,False,False
4156,4694.2,True,11,9,False,False,False,True,2,equal_indicator_weights|flood_binary_omitted,True,True,False,False,False,False,False,False,False,False
4157,4695,True,11,11,True,True,False,False,0,,False,False,False,False,False,False,False,False,False,False
4158,4696,True,11,10,False,False,False,True,1,equal_indicator_weights,True,False,False,False,False,False,False,False,False,False
4159,4697,True,11,9,False,False,False,True,2,equal_indicator_weights|flood_binary_omitted,True,True,False,False,False,False,False,False,False,False
4160,4698,False,11,0,False,False,True,False,0,,False,False,False,False,False,False,False,False,False,False
4161,4699,False,11,0,False,False,True,False,0,,False,False,False,False,False,False,False,False,False,False
4162,47,True,11,10,False,False,False,True,1,loan_burden_direction,False,False,False,False,False,True,False,False,False,False
4163,4700,True,11,11,True,True,False,False,0,,False,False,False,False,False,False,False,False,False,False
4164,4701,True,11,9,False,False,False,True,2,flood_binary_omitted|robust_p01_p99_bounds,False,True,False,False,False,False,False,True,False,False
4165,4702,True,11,9,False,False,False,True,2,flood_binary_omitted|robust_p01_p99_bounds,False,True,False,False,False,False,False,True,False,False
4166,4703,False,11,0,False,False,True,False,0,,False,False,False,False,False,False,False,False,False,False
4167,4704,False,11,0,False,False,True,False,0,,False,False,False,False,False,False,False,False,False,False
4168,4705,True,11,11,True,True,False,False,0,,False,False,False,False,False,False,False,False,False,False
4169,4706,False,11,2,False,False,False,True,2,flood_binary_omitted|loan_burden_direction,False,True,False,False,False,True,False,False,False,False
4170,4707,False,11,0,False,False,True,False,0,,False,False,False,False,False,False,False,False,False,False
4171,4708.1,False,11,4,False,False,False,True,4,equal_indicator_weights|flood_binary_omitted|loan_burden_direction|loan_omitted,True,True,False,False,False,True,True,False,False,False
4172,4708.2,True,11,11,True,True,False,False,0,,False,False,False,False,False,False,False,False,False,False
4173,4709,True,11,9,False,False,False,True,2,loan_burden_direction|loan_omitted,False,False,False,False,False,True,True,False,False,False
4174,471,False,11,1,False,False,False,True,1,flood_binary_omitted,False,True,False,False,False,False,False,False,False,False
4175,4710,True,11,9,False,False,False,True,2,literacy_direction_reversed|literacy_omitted,False,False,False,True,True,False,False,False,False,False
4176,4711,True,11,11,True,True,False,False,0,,False,False,False,False,False,False,False,False,False,False
4177,4712,False,11,0,False,False,True,False,0,,False,False,False,False,False,False,False,False,False,False
4178,4713,False,11,3,False,False,False,True,3,flood_depth_omitted|literacy_direction_reversed|robust_p01_p99_bounds,False,False,True,True,False,False,False,True,False,False
4179,4714,True,11,8,False,False,False,True,3,flood_binary_omitted|loan_burden_direction|loan_omitted,False,True,False,False,False,True,True,False,False,False
4180,4715,False,11,5,False,False,False,True,5,flood_depth_omitted|literacy_direction_reversed|literacy_omitted|loan_burden_direction|loan_omitted,False,False,True,True,True,True,True,False,False,False
4181,4716,False,11,0,False,False,True,False,0,,False,False,False,False,False,False,False,False,False,False
4182,4717,False,11,0,False,False,True,False,0,,False,False,False,False,False,False,False,False,False,False
4183,4718,False,11,1,False,False,False,True,1,flood_binary_omitted,False,True,False,False,False,False,False,False,False,False
4184,4719,False,11,1,False,False,False,True,1,flood_binary_omitted,False,True,False,False,False,False,False,False,False,False
4185,472,False,11,1,False,False,False,True,1,flood_binary_omitted,False,True,False,False,False,False,False,False,False,False
4186,4720,False,11,1,False,False,False,True,1,flood_binary_omitted,False,True,False,False,False,False,False,False,False,False
4187,4721,False,11,0,False,False,True,False,0,,False,False,False,False,False,False,False,False,False,False
4188,4723,True,11,10,False,False,False,True,1,loan_burden_direction,False,False,False,False,False,True,False,False,False,False
4189,4724,True,11,11,True,True,False,False,0,,False,False,False,False,False,False,False,False,False,False
4190,4726,False,11,0,False,False,True,False,0,,False,False,False,False,False,False,False,False,False,False
4191,4727,False,11,3,False,False,False,True,3,equal_indicator_weights|flood_binary_omitted|literacy_omitted,True,True,False,False,True,False,False,False,False,False
4192,4728,False,11,0,False,False,True,False,0,,False,False,False,False,False,False,False,False,False,False
4193,4729,True,11,7,False,False,False,True,4,flood_binary_omitted|loan_burden_direction|loan_omitted|robust_p01_p99_bounds,False,True,False,False,False,True,True,True,False,False
4194,473,False,11,0,False,False,True,False,0,,False,False,False,False,False,False,False,False,False,False
4195,4730,False,11,2,False,False,False,True,2,flood_binary_omitted|loan_burden_direction,False,True,False,False,False,True,False,False,False,False
4196,4732,True,11,11,True,True,False,False,0,,False,False,False,False,False,False,False,False,False,False
4197,4733,True,11,8,False,False,False,True,3,loan_burden_direction|loan_omitted|robust_p01_p99_bounds,False,False,False,False,False,True,True,True,False,False
4198,4734,False,11,4,False,False,False,True,4,equal_indicator_weights|flood_binary_omitted|literacy_direction_reversed|literacy_omitted,True,True,False,True,True,False,False,False,False,False
4199,4735,True,11,11,True,True,False,False,0,,False,False,False,False,False,False,False,False,False,False
4200,4736,True,11,9,False,False,False,True,2,flood_binary_omitted|robust_p01_p99_bounds,False,True,False,False,False,False,False,True,False,False
4201,4737,False,11,0,False,False,True,False,0,,False,False,False,False,False,False,False,False,False,False
4202,4738,False,11,0,False,False,True,False,0,,False,False,False,False,False,False,False,False,False,False
4203,4739,True,11,11,True,True,False,False,0,,False,False,False,False,False,False,False,False,False,False
4204,474.1,True,11,11,True,True,False,False,0,,False,False,False,False,False,False,False,False,False,False
4205,474.2,True,11,9,False,False,False,True,2,equal_indicator_weights|flood_binary_omitted,True,True,False,False,False,False,False,False,False,False
4206,4740.1,True,11,10,False,False,False,True,1,loan_burden_direction,False,False,False,False,False,True,False,False,False,False
4207,4740.2,True,11,10,False,False,False,True,1,literacy_direction_reversed,False,False,False,True,False,False,False,False,False,False
4208,4741,True,11,11,True,True,False,False,0,,False,False,False,False,False,False,False,False,False,False
4209,4742,False,11,0,False,False,True,False,0,,False,False,False,False,False,False,False,False,False,False
4210,4743,True,11,11,True,True,False,False,0,,False,False,False,False,False,False,False,False,False,False
4211,4745,True,11,11,True,True,False,False,0,,False,False,False,False,False,False,False,False,False,False
4212,4746,True,11,9,False,False,False,True,2,equal_indicator_weights|flood_binary_omitted,True,True,False,False,False,False,False,False,False,False
4213,4747,False,11,0,False,False,True,False,0,,False,False,False,False,False,False,False,False,False,False
4214,4748,True,11,9,False,False,False,True,2,equal_indicator_weights|flood_binary_omitted,True,True,False,False,False,False,False,False,False,False
4215,4749,True,11,11,True,True,False,False,0,,False,False,False,False,False,False,False,False,False,False
4216,475,True,11,11,True,True,False,False,0,,False,False,False,False,False,False,False,False,False,False
4217,4750,True,11,11,True,True,False,False,0,,False,False,False,False,False,False,False,False,False,False
4218,4751,False,11,0,False,False,True,False,0,,False,False,False,False,False,False,False,False,False,False
4219,4752,True,11,11,True,True,False,False,0,,False,False,False,False,False,False,False,False,False,False
4220,4753,True,11,11,True,True,False,False,0,,False,False,False,False,False,False,False,False,False,False
4221,4754,True,11,10,False,False,False,True,1,loan_burden_direction,False,False,False,False,False,True,False,False,False,False
4222,4755,True,11,7,False,False,False,True,4,flood_depth_omitted|literacy_direction_reversed|loan_burden_direction|loan_omitted,False,False,True,True,False,True,True,False,False,False
4223,4756,False,11,0,False,False,True,False,0,,False,False,False,False,False,False,False,False,False,False
4224,4757,False,11,0,False,False,True,False,0,,False,False,False,False,False,False,False,False,False,False
4225,4758,True,11,10,False,False,False,True,1,literacy_direction_reversed,False,False,False,True,False,False,False,False,False,False
4226,4759,False,11,0,False,False,True,False,0,,False,False,False,False,False,False,False,False,False,False
4227,476,True,11,8,False,False,False,True,3,equal_indicator_weights|flood_binary_omitted|flood_depth_omitted,True,True,True,False,False,False,False,False,False,False
4228,4761.1,False,11,0,False,False,True,False,0,,False,False,False,False,False,False,False,False,False,False
4229,4761.2,False,11,0,False,False,True,False,0,,False,False,False,False,False,False,False,False,False,False
4230,4762,True,11,11,True,True,False,False,0,,False,False,False,False,False,False,False,False,False,False
4231,4764,False,11,2,False,False,False,True,2,literacy_direction_reversed|loan_burden_direction,False,False,False,True,False,True,False,False,False,False
4232,4765,False,11,0,False,False,True,False,0,,False,False,False,False,False,False,False,False,False,False
4233,4766,False,11,2,False,False,False,True,2,loan_burden_direction|loan_omitted,False,False,False,False,False,True,True,False,False,False
4234,4767,False,11,2,False,False,False,True,2,equal_indicator_weights|flood_binary_omitted,True,True,False,False,False,False,False,False,False,False
4235,4768,True,11,8,False,False,False,True,3,equal_indicator_weights|flood_binary_omitted|flood_depth_omitted,True,True,True,False,False,False,False,False,False,False
4236,4769,True,11,11,True,True,False,False,0,,False,False,False,False,False,False,False,False,False,False
4237,477,False,11,1,False,False,False,True,1,flood_binary_omitted,False,True,False,False,False,False,False,False,False,False
4238,4770,False,11,0,False,False,True,False,0,,False,False,False,False,False,False,False,False,False,False
4239,4771.1.1,False,11,2,False,False,False,True,2,equal_indicator_weights|flood_binary_omitted,True,True,False,False,False,False,False,False,False,False
4240,4771.1.2,False,11,1,False,False,False,True,1,flood_binary_omitted,False,True,False,False,False,False,False,False,False,False
4241,4771.1.3,False,11,0,False,False,True,False,0,,False,False,False,False,False,False,False,False,False,False
4242,4771.2,False,11,0,False,False,True,False,0,,False,False,False,False,False,False,False,False,False,False
4243,4772,False,11,5,False,False,False,True,5,equal_indicator_weights|flood_binary_omitted|loan_burden_direction|loan_omitted|robust_p01_p99_bounds,True,True,False,False,False,True,True,True,False,False
4244,4773,False,11,0,False,False,True,False,0,,False,False,False,False,False,False,False,False,False,False
4245,4774,False,11,0,False,False,True,False,0,,False,False,False,False,False,False,False,False,False,False
4246,4775,False,11,0,False,False,True,False,0,,False,False,False,False,False,False,False,False,False,False
4247,4776,False,11,0,False,False,True,False,0,,False,False,False,False,False,False,False,False,False,False
4248,4777,True,11,9,False,False,False,True,2,literacy_direction_reversed|loan_burden_direction,False,False,False,True,False,True,False,False,False,False
4249,4778,False,11,0,False,False,True,False,0,,False,False,False,False,False,False,False,False,False,False
4250,4779,False,11,0,False,False,True,False,0,,False,False,False,False,False,False,False,False,False,False
4251,478,False,11,0,False,False,True,False,0,,False,False,False,False,False,False,False,False,False,False
4252,4780,False,11,0,False,False,True,False,0,,False,False,False,False,False,False,False,False,False,False
4253,4781,False,11,0,False,False,True,False,0,,False,False,False,False,False,False,False,False,False,False
4254,4782.1,False,11,0,False,False,True,False,0,,False,False,False,False,False,False,False,False,False,False
4255,4782.2,False,11,0,False,False,True,False,0,,False,False,False,False,False,False,False,False,False,False
4256,4783,False,11,0,False,False,True,False,0,,False,False,False,False,False,False,False,False,False,False
4257,4784,False,11,0,False,False,True,False,0,,False,False,False,False,False,False,False,False,False,False
4258,4785,False,11,0,False,False,True,False,0,,False,False,False,False,False,False,False,False,False,False
4259,4786,False,11,0,False,False,True,False,0,,False,False,False,False,False,False,False,False,False,False
4260,4787,False,11,0,False,False,True,False,0,,False,False,False,False,False,False,False,False,False,False
4261,4788.1,False,11,0,False,False,True,False,0,,False,False,False,False,False,False,False,False,False,False
4262,4788.2,False,11,0,False,False,True,False,0,,False,False,False,False,False,False,False,False,False,False
4263,4788.3,False,11,0,False,False,True,False,0,,False,False,False,False,False,False,False,False,False,False
4264,4789,False,11,0,False,False,True,False,0,,False,False,False,False,False,False,False,False,False,False
4265,479,False,11,0,False,False,True,False,0,,False,False,False,False,False,False,False,False,False,False
4266,4790.1,False,11,0,False,False,True,False,0,,False,False,False,False,False,False,False,False,False,False
4267,4790.2,False,11,0,False,False,True,False,0,,False,False,False,False,False,False,False,False,False,False
4268,4791,False,11,0,False,False,True,False,0,,False,False,False,False,False,False,False,False,False,False
4269,4792,False,11,0,False,False,True,False,0,,False,False,False,False,False,False,False,False,False,False
4270,4793,False,11,0,False,False,True,False,0,,False,False,False,False,False,False,False,False,False,False
4271,4794,False,11,0,False,False,True,False,0,,False,False,False,False,False,False,False,False,False,False
4272,4795,False,11,0,False,False,True,False,0,,False,False,False,False,False,False,False,False,False,False
4273,4796,False,11,0,False,False,True,False,0,,False,False,False,False,False,False,False,False,False,False
4274,4797,False,11,1,False,False,False,True,1,loan_burden_direction,False,False,False,False,False,True,False,False,False,False
4275,4798,True,11,8,False,False,False,True,3,flood_binary_omitted|loan_burden_direction|loan_omitted,False,True,False,False,False,True,True,False,False,False
4276,4799,False,11,0,False,False,True,False,0,,False,False,False,False,False,False,False,False,False,False
4277,48,False,11,0,False,False,True,False,0,,False,False,False,False,False,False,False,False,False,False
4278,480,False,11,0,False,False,True,False,0,,False,False,False,False,False,False,False,False,False,False
4279,4800,False,11,0,False,False,True,False,0,,False,False,False,False,False,False,False,False,False,False
4280,4801,False,11,0,False,False,True,False,0,,False,False,False,False,False,False,False,False,False,False
4281,4802,False,11,0,False,False,True,False,0,,False,False,False,False,False,False,False,False,False,False
4282,4803,False,11,4,False,False,False,True,4,literacy_direction_reversed|loan_burden_direction|loan_omitted|robust_p01_p99_bounds,False,False,False,True,False,True,True,True,False,False
4283,4804,False,11,4,False,False,False,True,4,literacy_direction_reversed|loan_burden_direction|loan_omitted|robust_p01_p99_bounds,False,False,False,True,False,True,True,True,False,False
4284,4805,False,11,0,False,False,True,False,0,,False,False,False,False,False,False,False,False,False,False
4285,4806,False,11,0,False,False,True,False,0,,False,False,False,False,False,False,False,False,False,False
4286,4807,False,11,0,False,False,True,False,0,,False,False,False,False,False,False,False,False,False,False
4287,4808,False,11,2,False,False,False,True,2,equal_indicator_weights|flood_binary_omitted,True,True,False,False,False,False,False,False,False,False
4288,4809,True,11,7,False,False,False,True,4,literacy_direction_reversed|literacy_omitted|loan_burden_direction|loan_omitted,False,False,False,True,True,True,True,False,False,False
4289,481,False,11,0,False,False,True,False,0,,False,False,False,False,False,False,False,False,False,False
4290,4810,False,11,2,False,False,False,True,2,equal_indicator_weights|flood_binary_omitted,True,True,False,False,False,False,False,False,False,False
4291,4811,True,11,10,False,False,False,True,1,literacy_direction_reversed,False,False,False,True,False,False,False,False,False,False
4292,4812,True,11,7,False,False,False,True,4,equal_indicator_weights|flood_binary_omitted|literacy_direction_reversed|literacy_omitted,True,True,False,True,True,False,False,False,False,False
4293,4813,False,11,0,False,False,True,False,0,,False,False,False,False,False,False,False,False,False,False
4294,4814,False,11,2,False,False,False,True,2,loan_burden_direction|loan_omitted,False,False,False,False,False,True,True,False,False,False
4295,4815,False,11,0,False,False,True,False,0,,False,False,False,False,False,False,False,False,False,False
4296,4816,False,11,2,False,False,False,True,2,literacy_direction_reversed|loan_burden_direction,False,False,False,True,False,True,False,False,False,False
4297,4817,False,11,0,False,False,True,False,0,,False,False,False,False,False,False,False,False,False,False
4298,4818,True,11,9,False,False,False,True,2,flood_binary_omitted|literacy_direction_reversed,False,True,False,True,False,False,False,False,False,False
4299,4819,False,11,5,False,False,False,True,5,literacy_direction_reversed|literacy_omitted|loan_burden_direction|loan_omitted|robust_p01_p99_bounds,False,False,False,True,True,True,True,True,False,False
4300,482,True,11,6,False,False,False,True,5,flood_binary_omitted|literacy_direction_reversed|literacy_omitted|loan_burden_direction|loan_omitted,False,True,False,True,True,True,True,False,False,False
4301,4820,False,11,0,False,False,True,False,0,,False,False,False,False,False,False,False,False,False,False
4302,4821,False,11,2,False,False,False,True,2,literacy_direction_reversed|loan_burden_direction,False,False,False,True,False,True,False,False,False,False
4303,4822,True,11,10,False,False,False,True,1,loan_burden_direction,False,False,False,False,False,True,False,False,False,False
4304,4824,False,11,0,False,False,True,False,0,,False,False,False,False,False,False,False,False,False,False
4305,4825,False,11,0,False,False,True,False,0,,False,False,False,False,False,False,False,False,False,False
4306,4826.1,True,11,7,False,False,False,True,4,flood_binary_omitted|literacy_direction_reversed|literacy_omitted|robust_p01_p99_bounds,False,True,False,True,True,False,False,True,False,False
4307,4826.2,False,11,0,False,False,True,False,0,,False,False,False,False,False,False,False,False,False,False
4308,4827.1,False,11,0,False,False,True,False,0,,False,False,False,False,False,False,False,False,False,False
4309,4827.2,True,11,10,False,False,False,True,1,loan_burden_direction,False,False,False,False,False,True,False,False,False,False
4310,4828,True,11,10,False,False,False,True,1,flood_binary_omitted,False,True,False,False,False,False,False,False,False,False
4311,4829,False,11,0,False,False,True,False,0,,False,False,False,False,False,False,False,False,False,False
4312,483.1,False,11,0,False,False,True,False,0,,False,False,False,False,False,False,False,False,False,False
4313,483.2,False,11,0,False,False,True,False,0,,False,False,False,False,False,False,False,False,False,False
4314,4830,False,11,0,False,False,True,False,0,,False,False,False,False,False,False,False,False,False,False
4315,4831,False,11,0,False,False,True,False,0,,False,False,False,False,False,False,False,False,False,False
4316,4832,False,11,0,False,False,True,False,0,,False,False,False,False,False,False,False,False,False,False
4317,4833,False,11,0,False,False,True,False,0,,False,False,False,False,False,False,False,False,False,False
4318,4834.1,False,11,0,False,False,True,False,0,,False,False,False,False,False,False,False,False,False,False
4319,4834.2,False,11,3,False,False,False,True,3,equal_indicator_weights|flood_binary_omitted|robust_p01_p99_bounds,True,True,False,False,False,False,False,True,False,False
4320,4835,False,11,0,False,False,True,False,0,,False,False,False,False,False,False,False,False,False,False
4321,4836,False,11,0,False,False,True,False,0,,False,False,False,False,False,False,False,False,False,False
4322,4837,False,11,0,False,False,True,False,0,,False,False,False,False,False,False,False,False,False,False
4323,484.1,False,11,0,False,False,True,False,0,,False,False,False,False,False,False,False,False,False,False
4324,484.2,False,11,1,False,False,False,True,1,robust_p01_p99_bounds,False,False,False,False,False,False,False,True,False,False
4325,4840.2,False,11,0,False,False,True,False,0,,False,False,False,False,False,False,False,False,False,False
4326,4841,False,11,2,False,False,False,True,2,equal_indicator_weights|flood_binary_omitted,True,True,False,False,False,False,False,False,False,False
4327,4842,False,11,0,False,False,True,False,0,,False,False,False,False,False,False,False,False,False,False
4328,4844,False,11,0,False,False,True,False,0,,False,False,False,False,False,False,False,False,False,False
4329,4845,False,11,0,False,False,True,False,0,,False,False,False,False,False,False,False,False,False,False
4330,4846.1,False,11,0,False,False,True,False,0,,False,False,False,False,False,False,False,False,False,False
4331,4846.2,True,11,11,True,True,False,False,0,,False,False,False,False,False,False,False,False,False,False
4332,4847,True,11,11,True,True,False,False,0,,False,False,False,False,False,False,False,False,False,False
4333,4849,True,11,11,True,True,False,False,0,,False,False,False,False,False,False,False,False,False,False
4334,485,True,11,11,True,True,False,False,0,,False,False,False,False,False,False,False,False,False,False
4335,4850,True,11,10,False,False,False,True,1,loan_burden_direction,False,False,False,False,False,True,False,False,False,False
4336,4851,False,11,4,False,False,False,True,4,equal_indicator_weights|flood_binary_omitted|loan_burden_direction|loan_omitted,True,True,False,False,False,True,True,False,False,False
4337,4852,True,11,11,True,True,False,False,0,,False,False,False,False,False,False,False,False,False,False
4338,4853,False,11,1,False,False,False,True,1,flood_binary_omitted,False,True,False,False,False,False,False,False,False,False
4339,4854,False,11,0,False,False,True,False,0,,False,False,False,False,False,False,False,False,False,False
4340,4855,True,11,11,True,True,False,False,0,,False,False,False,False,False,False,False,False,False,False
4341,4856,True,11,11,True,True,False,False,0,,False,False,False,False,False,False,False,False,False,False
4342,4857,True,11,11,True,True,False,False,0,,False,False,False,False,False,False,False,False,False,False
4343,4858,True,11,11,True,True,False,False,0,,False,False,False,False,False,False,False,False,False,False
4344,4859,True,11,11,True,True,False,False,0,,False,False,False,False,False,False,False,False,False,False
4345,486,True,11,11,True,True,False,False,0,,False,False,False,False,False,False,False,False,False,False
4346,4860,True,11,11,True,True,False,False,0,,False,False,False,False,False,False,False,False,False,False
4347,4861,True,11,9,False,False,False,True,2,literacy_direction_reversed|loan_burden_direction,False,False,False,True,False,True,False,False,False,False
4348,4862,True,11,10,False,False,False,True,1,loan_burden_direction,False,False,False,False,False,True,False,False,False,False
4349,4863.1,True,11,11,True,True,False,False,0,,False,False,False,False,False,False,False,False,False,False
4350,4863.2,True,11,10,False,False,False,True,1,loan_burden_direction,False,False,False,False,False,True,False,False,False,False
4351,4865,True,11,11,True,True,False,False,0,,False,False,False,False,False,False,False,False,False,False
4352,4866.1,True,11,11,True,True,False,False,0,,False,False,False,False,False,False,False,False,False,False
4353,4866.2,True,11,9,False,False,False,True,2,equal_indicator_weights|flood_binary_omitted,True,True,False,False,False,False,False,False,False,False
4354,4867,False,11,0,False,False,True,False,0,,False,False,False,False,False,False,False,False,False,False
4355,4868,True,11,11,True,True,False,False,0,,False,False,False,False,False,False,False,False,False,False
4356,4869,False,11,1,False,False,False,True,1,flood_binary_omitted,False,True,False,False,False,False,False,False,False,False
4357,487,False,11,1,False,False,False,True,1,flood_binary_omitted,False,True,False,False,False,False,False,False,False,False
4358,4870,True,11,10,False,False,False,True,1,equal_indicator_weights,True,False,False,False,False,False,False,False,False,False
4359,4871,True,11,9,False,False,False,True,2,equal_indicator_weights|flood_binary_omitted,True,True,False,False,False,False,False,False,False,False
4360,4872,True,11,11,True,True,False,False,0,,False,False,False,False,False,False,False,False,False,False
4361,4873,True,11,11,True,True,False,False,0,,False,False,False,False,False,False,False,False,False,False
4362,4874,False,11,1,False,False,False,True,1,flood_binary_omitted,False,True,False,False,False,False,False,False,False,False
4363,4875,True,11,11,True,True,False,False,0,,False,False,False,False,False,False,False,False,False,False
4364,4877,False,11,0,False,False,True,False,0,,False,False,False,False,False,False,False,False,False,False
4365,4878,False,11,5,False,False,False,True,5,flood_depth_omitted|literacy_direction_reversed|loan_burden_direction|loan_omitted|robust_p01_p99_bounds,False,False,True,True,False,True,True,True,False,False
4366,4879,False,11,4,False,False,False,True,4,flood_binary_omitted|loan_burden_direction|loan_omitted|robust_p01_p99_bounds,False,True,False,False,False,True,True,True,False,False
4367,4881.1,False,11,0,False,False,True,False,0,,False,False,False,False,False,False,False,False,False,False
4368,4881.2,True,11,10,False,False,False,True,1,equal_indicator_weights,True,False,False,False,False,False,False,False,False,False
4369,4882,True,11,7,False,False,False,True,4,equal_indicator_weights|flood_binary_omitted|loan_burden_direction|loan_omitted,True,True,False,False,False,True,True,False,False,False
4370,4883.1,False,11,0,False,False,True,False,0,,False,False,False,False,False,False,False,False,False,False
4371,4883.2,False,11,5,False,False,False,True,5,flood_depth_omitted|literacy_direction_reversed|literacy_omitted|loan_burden_direction|loan_omitted,False,False,True,True,True,True,True,False,False,False
4372,4883.3,False,11,0,False,False,True,False,0,,False,False,False,False,False,False,False,False,False,False
4373,4884,True,11,10,False,False,False,True,1,loan_burden_direction,False,False,False,False,False,True,False,False,False,False
4374,4885,True,11,11,True,True,False,False,0,,False,False,False,False,False,False,False,False,False,False
4375,4886,False,11,0,False,False,True,False,0,,False,False,False,False,False,False,False,False,False,False
4376,4887,True,11,9,False,False,False,True,2,equal_indicator_weights|flood_binary_omitted,True,True,False,False,False,False,False,False,False,False
4377,4888.1,True,11,11,True,True,False,False,0,,False,False,False,False,False,False,False,False,False,False
4378,4888.2,False,11,0,False,False,True,False,0,,False,False,False,False,False,False,False,False,False,False
4379,4889,True,11,10,False,False,False,True,1,loan_burden_direction,False,False,False,False,False,True,False,False,False,False
4380,489,True,11,8,False,False,False,True,3,equal_indicator_weights|flood_binary_omitted|robust_p01_p99_bounds,True,True,False,False,False,False,False,True,False,False
4381,4890,True,11,10,False,False,False,True,1,loan_burden_direction,False,False,False,False,False,True,False,False,False,False
4382,4891,True,11,11,True,True,False,False,0,,False,False,False,False,False,False,False,False,False,False
4383,4892,False,11,6,False,False,False,True,6,flood_depth_omitted|literacy_direction_reversed|literacy_omitted|loan_burden_direction|loan_omitted|robust_p01_p99_bounds,False,False,True,True,True,True,True,True,False,False
4384,4893,True,11,9,False,False,False,True,2,loan_burden_direction|loan_omitted,False,False,False,False,False,True,True,False,False,False
4385,4894,False,11,4,False,False,False,True,4,flood_depth_omitted|loan_burden_direction|loan_omitted|robust_p01_p99_bounds,False,False,True,False,False,True,True,True,False,False
4386,4895,True,11,11,True,True,False,False,0,,False,False,False,False,False,False,False,False,False,False
4387,4896,True,11,11,True,True,False,False,0,,False,False,False,False,False,False,False,False,False,False
4388,4897,False,11,1,False,False,False,True,1,flood_binary_omitted,False,True,False,False,False,False,False,False,False,False
4389,4898,False,11,0,False,False,True,False,0,,False,False,False,False,False,False,False,False,False,False
4390,4899,True,11,8,False,False,False,True,3,equal_indicator_weights|flood_binary_omitted|robust_p01_p99_bounds,True,True,False,False,False,False,False,True,False,False
4391,49,False,11,2,False,False,False,True,2,flood_depth_omitted|loan_burden_direction,False,False,True,False,False,True,False,False,False,False
4392,490.1,False,11,3,False,False,False,True,3,flood_depth_omitted|literacy_direction_reversed|loan_burden_direction,False,False,True,True,False,True,False,False,False,False
4393,490.2,False,11,1,False,False,False,True,1,loan_burden_direction,False,False,False,False,False,True,False,False,False,False
4394,4900,True,11,8,False,False,False,True,3,equal_indicator_weights|flood_binary_omitted|robust_p01_p99_bounds,True,True,False,False,False,False,False,True,False,False
4395,4901,False,11,0,False,False,True,False,0,,False,False,False,False,False,False,False,False,False,False
4396,4903,False,11,0,False,False,True,False,0,,False,False,False,False,False,False,False,False,False,False
4397,4905,True,11,10,False,False,False,True,1,loan_burden_direction,False,False,False,False,False,True,False,False,False,False
4398,4906,True,11,10,False,False,False,True,1,loan_burden_direction,False,False,False,False,False,True,False,False,False,False
4399,4908,True,11,8,False,False,False,True,3,flood_binary_omitted|literacy_direction_reversed|robust_p01_p99_bounds,False,True,False,True,False,False,False,True,False,False
4400,4909,False,11,0,False,False,True,False,0,,False,False,False,False,False,False,False,False,False,False
4401,491.1,False,11,3,False,False,False,True,3,equal_indicator_weights|literacy_direction_reversed|literacy_omitted,True,False,False,True,True,False,False,False,False,False
4402,491.2,True,11,9,False,False,False,True,2,loan_burden_direction|loan_omitted,False,False,False,False,False,True,True,False,False,False
4403,4910,False,11,1,False,False,False,True,1,flood_binary_omitted,False,True,False,False,False,False,False,False,False,False
4404,4911,True,11,9,False,False,False,True,2,equal_indicator_weights|flood_binary_omitted,True,True,False,False,False,False,False,False,False,False
4405,4913,True,11,11,True,True,False,False,0,,False,False,False,False,False,False,False,False,False,False
4406,4914,False,11,0,False,False,True,False,0,,False,False,False,False,False,False,False,False,False,False
4407,4916,False,11,0,False,False,True,False,0,,False,False,False,False,False,False,False,False,False,False
4408,4917.1,False,11,0,False,False,True,False,0,,False,False,False,False,False,False,False,False,False,False
4409,4917.2,False,11,0,False,False,True,False,0,,False,False,False,False,False,False,False,False,False,False
4410,4918,True,11,9,False,False,False,True,2,literacy_direction_reversed|literacy_omitted,False,False,False,True,True,False,False,False,False,False
4411,4919,False,11,1,False,False,False,True,1,flood_binary_omitted,False,True,False,False,False,False,False,False,False,False
4412,492,False,11,0,False,False,True,False,0,,False,False,False,False,False,False,False,False,False,False
4413,4920.1,False,11,0,False,False,True,False,0,,False,False,False,False,False,False,False,False,False,False
4414,4921,False,11,0,False,False,True,False,0,,False,False,False,False,False,False,False,False,False,False
4415,4922,False,11,0,False,False,True,False,0,,False,False,False,False,False,False,False,False,False,False
4416,4923,False,11,0,False,False,True,False,0,,False,False,False,False,False,False,False,False,False,False
4417,4924,False,11,0,False,False,True,False,0,,False,False,False,False,False,False,False,False,False,False
4418,4926.1,False,11,0,False,False,True,False,0,,False,False,False,False,False,False,False,False,False,False
4419,4926.2,True,11,11,True,True,False,False,0,,False,False,False,False,False,False,False,False,False,False
4420,4927,True,11,8,False,False,False,True,3,flood_binary_omitted|loan_burden_direction|loan_omitted,False,True,False,False,False,True,True,False,False,False
4421,4928,False,11,3,False,False,False,True,3,literacy_direction_reversed|loan_burden_direction|loan_omitted,False,False,False,True,False,True,True,False,False,False
4422,4929,True,11,9,False,False,False,True,2,equal_indicator_weights|flood_binary_omitted,True,True,False,False,False,False,False,False,False,False
4423,493,False,11,4,False,False,False,True,4,literacy_direction_reversed|literacy_omitted|loan_burden_direction|loan_omitted,False,False,False,True,True,True,True,False,False,False
4424,4930.1,False,11,0,False,False,True,False,0,,False,False,False,False,False,False,False,False,False,False
4425,4930.2,False,11,0,False,False,True,False,0,,False,False,False,False,False,False,False,False,False,False
4426,4931,False,11,1,False,False,False,True,1,loan_burden_direction,False,False,False,False,False,True,False,False,False,False
4427,4932,True,11,10,False,False,False,True,1,loan_burden_direction,False,False,False,False,False,True,False,False,False,False
4428,4933,False,11,0,False,False,True,False,0,,False,False,False,False,False,False,False,False,False,False
4429,4934.1,True,11,10,False,False,False,True,1,flood_binary_omitted,False,True,False,False,False,False,False,False,False,False
4430,4934.2,False,11,0,False,False,True,False,0,,False,False,False,False,False,False,False,False,False,False
4431,4934.3,True,11,11,True,True,False,False,0,,False,False,False,False,False,False,False,False,False,False
4432,4934.4,False,11,0,False,False,True,False,0,,False,False,False,False,False,False,False,False,False,False
4433,4935,False,11,0,False,False,True,False,0,,False,False,False,False,False,False,False,False,False,False
4434,4936,False,11,0,False,False,True,False,0,,False,False,False,False,False,False,False,False,False,False
4435,4937,False,11,0,False,False,True,False,0,,False,False,False,False,False,False,False,False,False,False
4436,4938,False,11,3,False,False,False,True,3,literacy_direction_reversed|loan_burden_direction|loan_omitted,False,False,False,True,False,True,True,False,False,False
4437,494,False,11,1,False,False,False,True,1,loan_burden_direction,False,False,False,False,False,True,False,False,False,False
4438,4940,False,11,1,False,False,False,True,1,loan_burden_direction,False,False,False,False,False,True,False,False,False,False
4439,4941,False,11,0,False,False,True,False,0,,False,False,False,False,False,False,False,False,False,False
4440,4942,False,11,0,False,False,True,False,0,,False,False,False,False,False,False,False,False,False,False
4441,4943,False,11,0,False,False,True,False,0,,False,False,False,False,False,False,False,False,False,False
4442,4944,True,11,10,False,False,False,True,1,loan_burden_direction,False,False,False,False,False,True,False,False,False,False
4443,4945,False,11,0,False,False,True,False,0,,False,False,False,False,False,False,False,False,False,False
4444,4946.1,False,11,2,False,False,False,True,2,literacy_direction_reversed|loan_burden_direction,False,False,False,True,False,True,False,False,False,False
4445,4946.2,True,11,7,False,False,False,True,4,flood_binary_omitted|loan_burden_direction|loan_omitted|robust_p01_p99_bounds,False,True,False,False,False,True,True,True,False,False
4446,4947,True,11,10,False,False,False,True,1,loan_burden_direction,False,False,False,False,False,True,False,False,False,False
4447,4948,False,11,1,False,False,False,True,1,flood_binary_omitted,False,True,False,False,False,False,False,False,False,False
4448,4949,False,11,0,False,False,True,False,0,,False,False,False,False,False,False,False,False,False,False
4449,495.1,False,11,0,False,False,True,False,0,,False,False,False,False,False,False,False,False,False,False
4450,495.2,True,11,10,False,False,False,True,1,literacy_direction_reversed,False,False,False,True,False,False,False,False,False,False
4451,4950,False,11,0,False,False,True,False,0,,False,False,False,False,False,False,False,False,False,False
4452,4951,False,11,1,False,False,False,True,1,equal_indicator_weights,True,False,False,False,False,False,False,False,False,False
4453,4952,False,11,0,False,False,True,False,0,,False,False,False,False,False,False,False,False,False,False
4454,4953,False,11,0,False,False,True,False,0,,False,False,False,False,False,False,False,False,False,False
4455,4954,True,11,6,False,False,False,True,5,flood_depth_omitted|literacy_direction_reversed|literacy_omitted|loan_burden_direction|loan_omitted,False,False,True,True,True,True,True,False,False,False
4456,4955,False,11,0,False,False,True,False,0,,False,False,False,False,False,False,False,False,False,False
4457,4956.1,False,11,0,False,False,True,False,0,,False,False,False,False,False,False,False,False,False,False
4458,4956.2,False,11,0,False,False,True,False,0,,False,False,False,False,False,False,False,False,False,False
4459,4957,False,11,0,False,False,True,False,0,,False,False,False,False,False,False,False,False,False,False
4460,4958.1,False,11,0,False,False,True,False,0,,False,False,False,False,False,False,False,False,False,False
4461,4958.2,False,11,0,False,False,True,False,0,,False,False,False,False,False,False,False,False,False,False
4462,4958.3,False,11,0,False,False,True,False,0,,False,False,False,False,False,False,False,False,False,False
4463,4959,False,11,0,False,False,True,False,0,,False,False,False,False,False,False,False,False,False,False
4464,496,False,11,0,False,False,True,False,0,,False,False,False,False,False,False,False,False,False,False
4465,4960,False,11,0,False,False,True,False,0,,False,False,False,False,False,False,False,False,False,False
4466,4962,True,11,8,False,False,False,True,3,flood_binary_omitted|loan_burden_direction|loan_omitted,False,True,False,False,False,True,True,False,False,False
4467,4963,False,11,0,False,False,True,False,0,,False,False,False,False,False,False,False,False,False,False
4468,4964,False,11,3,False,False,False,True,3,literacy_direction_reversed|loan_burden_direction|robust_p01_p99_bounds,False,False,False,True,False,True,False,True,False,False
4469,4965,False,11,0,False,False,True,False,0,,False,False,False,False,False,False,False,False,False,False
4470,4966,False,11,1,False,False,False,True,1,literacy_direction_reversed,False,False,False,True,False,False,False,False,False,False
4471,4968,False,11,0,False,False,True,False,0,,False,False,False,False,False,False,False,False,False,False
4472,497,True,11,10,False,False,False,True,1,flood_binary_omitted,False,True,False,False,False,False,False,False,False,False
4473,4970,False,11,4,False,False,False,True,4,literacy_direction_reversed|loan_burden_direction|loan_omitted|robust_p01_p99_bounds,False,False,False,True,False,True,True,True,False,False
4474,4971,False,11,0,False,False,True,False,0,,False,False,False,False,False,False,False,False,False,False
4475,4972,False,11,0,False,False,True,False,0,,False,False,False,False,False,False,False,False,False,False
4476,4973,False,11,0,False,False,True,False,0,,False,False,False,False,False,False,False,False,False,False
4477,4974,False,11,0,False,False,True,False,0,,False,False,False,False,False,False,False,False,False,False
4478,4975,True,11,7,False,False,False,True,4,flood_binary_omitted|loan_burden_direction|loan_omitted|robust_p01_p99_bounds,False,True,False,False,False,True,True,True,False,False
4479,4976,False,11,1,False,False,False,True,1,loan_burden_direction,False,False,False,False,False,True,False,False,False,False
4480,4977,True,11,11,True,True,False,False,0,,False,False,False,False,False,False,False,False,False,False
4481,4978,True,11,10,False,False,False,True,1,loan_burden_direction,False,False,False,False,False,True,False,False,False,False
4482,498,False,11,0,False,False,True,False,0,,False,False,False,False,False,False,False,False,False,False
4483,4980,False,11,0,False,False,True,False,0,,False,False,False,False,False,False,False,False,False,False
4484,4981,True,11,7,False,False,False,True,4,flood_binary_omitted|loan_burden_direction|loan_omitted|robust_p01_p99_bounds,False,True,False,False,False,True,True,True,False,False
4485,4982,False,11,0,False,False,True,False,0,,False,False,False,False,False,False,False,False,False,False
4486,4983,False,11,1,False,False,False,True,1,robust_p01_p99_bounds,False,False,False,False,False,False,False,True,False,False
4487,4984,False,11,0,False,False,True,False,0,,False,False,False,False,False,False,False,False,False,False
4488,4985,False,11,0,False,False,True,False,0,,False,False,False,False,False,False,False,False,False,False
4489,4986,False,11,0,False,False,True,False,0,,False,False,False,False,False,False,False,False,False,False
4490,4987,False,11,0,False,False,True,False,0,,False,False,False,False,False,False,False,False,False,False
4491,4988.1,True,11,10,False,False,False,True,1,loan_burden_direction,False,False,False,False,False,True,False,False,False,False
4492,4988.2,False,11,1,False,False,False,True,1,loan_burden_direction,False,False,False,False,False,True,False,False,False,False
4493,4989,False,11,0,False,False,True,False,0,,False,False,False,False,False,False,False,False,False,False
4494,499,False,11,0,False,False,True,False,0,,False,False,False,False,False,False,False,False,False,False
4495,4990,False,11,0,False,False,True,False,0,,False,False,False,False,False,False,False,False,False,False
4496,4991.1,True,11,9,False,False,False,True,2,equal_indicator_weights|flood_binary_omitted,True,True,False,False,False,False,False,False,False,False
4497,4991.2,True,11,7,False,False,False,True,4,flood_binary_omitted|loan_burden_direction|loan_omitted|robust_p01_p99_bounds,False,True,False,False,False,True,True,True,False,False
4498,4992,False,11,3,False,False,False,True,3,loan_burden_direction|loan_omitted|robust_p01_p99_bounds,False,False,False,False,False,True,True,True,False,False
4499,4993,False,11,0,False,False,True,False,0,,False,False,False,False,False,False,False,False,False,False
4500,4994,False,11,0,False,False,True,False,0,,False,False,False,False,False,False,False,False,False,False
4501,4995,False,11,0,False,False,True,False,0,,False,False,False,False,False,False,False,False,False,False
4502,4996,False,11,0,False,False,True,False,0,,False,False,False,False,False,False,False,False,False,False
4503,4997,False,11,0,False,False,True,False,0,,False,False,False,False,False,False,False,False,False,False
4504,4998,False,11,0,False,False,True,False,0,,False,False,False,False,False,False,False,False,False,False
4505,4999,False,11,3,False,False,False,True,3,equal_indicator_weights|literacy_direction_reversed|literacy_omitted,True,False,False,True,True,False,False,False,False,False
4506,5,False,11,5,False,False,False,True,5,literacy_direction_reversed|literacy_omitted|loan_burden_direction|loan_omitted|robust_p01_p99_bounds,False,False,False,True,True,True,True,True,False,False
4507,50,True,11,10,False,False,False,True,1,loan_burden_direction,False,False,False,False,False,True,False,False,False,False
4508,500,False,11,0,False,False,True,False,0,,False,False,False,False,False,False,False,False,False,False
4509,5000,False,11,1,False,False,False,True,1,flood_binary_omitted,False,True,False,False,False,False,False,False,False,False
4510,5001,False,11,0,False,False,True,False,0,,False,False,False,False,False,False,False,False,False,False
4511,5002,False,11,0,False,False,True,False,0,,False,False,False,False,False,False,False,False,False,False
4512,5003,False,11,0,False,False,True,False,0,,False,False,False,False,False,False,False,False,False,False
4513,5004,False,11,0,False,False,True,False,0,,False,False,False,False,False,False,False,False,False,False
4514,5005,True,11,9,False,False,False,True,2,flood_depth_omitted|literacy_direction_reversed,False,False,True,True,False,False,False,False,False,False
4515,5006,False,11,0,False,False,True,False,0,,False,False,False,False,False,False,False,False,False,False
4516,5007,True,11,7,False,False,False,True,4,flood_binary_omitted|loan_burden_direction|loan_omitted|robust_p01_p99_bounds,False,True,False,False,False,True,True,True,False,False
4517,5008,False,11,0,False,False,True,False,0,,False,False,False,False,False,False,False,False,False,False
4518,5009,False,11,0,False,False,True,False,0,,False,False,False,False,False,False,False,False,False,False
4519,5010,True,11,8,False,False,False,True,3,flood_binary_omitted|loan_burden_direction|loan_omitted,False,True,False,False,False,True,True,False,False,False
4520,5011,False,11,1,False,False,False,True,1,flood_binary_omitted,False,True,False,False,False,False,False,False,False,False
4521,5012,False,11,0,False,False,True,False,0,,False,False,False,False,False,False,False,False,False,False
4522,5013,False,11,0,False,False,True,False,0,,False,False,False,False,False,False,False,False,False,False
4523,5015,False,11,0,False,False,True,False,0,,False,False,False,False,False,False,False,False,False,False
4524,5016,False,11,0,False,False,True,False,0,,False,False,False,False,False,False,False,False,False,False
4525,5018,False,11,0,False,False,True,False,0,,False,False,False,False,False,False,False,False,False,False
4526,502,False,11,1,False,False,False,True,1,flood_binary_omitted,False,True,False,False,False,False,False,False,False,False
4527,5020,False,11,0,False,False,True,False,0,,False,False,False,False,False,False,False,False,False,False
4528,5021,False,11,0,False,False,True,False,0,,False,False,False,False,False,False,False,False,False,False
4529,5022,True,11,10,False,False,False,True,1,loan_burden_direction,False,False,False,False,False,True,False,False,False,False
4530,5024,True,11,7,False,False,False,True,4,equal_indicator_weights|flood_binary_omitted|literacy_direction_reversed|literacy_omitted,True,True,False,True,True,False,False,False,False,False
4531,5025,False,11,0,False,False,True,False,0,,False,False,False,False,False,False,False,False,False,False
4532,5026,False,11,2,False,False,False,True,2,equal_indicator_weights|flood_binary_omitted,True,True,False,False,False,False,False,False,False,False
4533,5027.1,True,11,9,False,False,False,True,2,flood_binary_omitted|literacy_direction_reversed,False,True,False,True,False,False,False,False,False,False
4534,5027.2,False,11,0,False,False,True,False,0,,False,False,False,False,False,False,False,False,False,False
4535,5028,True,11,10,False,False,False,True,1,loan_burden_direction,False,False,False,False,False,True,False,False,False,False
4536,5029,True,11,11,True,True,False,False,0,,False,False,False,False,False,False,False,False,False,False
4537,503,False,11,0,False,False,True,False,0,,False,False,False,False,False,False,False,False,False,False
4538,5030,True,11,11,True,True,False,False,0,,False,False,False,False,False,False,False,False,False,False
4539,5031,False,11,0,False,False,True,False,0,,False,False,False,False,False,False,False,False,False,False
4540,5032,False,11,0,False,False,True,False,0,,False,False,False,False,False,False,False,False,False,False
4541,5033,False,11,0,False,False,True,False,0,,False,False,False,False,False,False,False,False,False,False
4542,5034,True,11,11,True,True,False,False,0,,False,False,False,False,False,False,False,False,False,False
4543,5035,False,11,3,False,False,False,True,3,literacy_direction_reversed|loan_burden_direction|loan_omitted,False,False,False,True,False,True,True,False,False,False
4544,5036.1,False,11,1,False,False,False,True,1,loan_burden_direction,False,False,False,False,False,True,False,False,False,False
4545,5036.2,False,11,1,False,False,False,True,1,flood_binary_omitted,False,True,False,False,False,False,False,False,False,False
4546,5037.1,False,11,0,False,False,True,False,0,,False,False,False,False,False,False,False,False,False,False
4547,5037.2,False,11,0,False,False,True,False,0,,False,False,False,False,False,False,False,False,False,False
4548,5039,False,11,0,False,False,True,False,0,,False,False,False,False,False,False,False,False,False,False
4549,5040,False,11,0,False,False,True,False,0,,False,False,False,False,False,False,False,False,False,False
4550,5041,False,11,0,False,False,True,False,0,,False,False,False,False,False,False,False,False,False,False
4551,5042,False,11,1,False,False,False,True,1,flood_binary_omitted,False,True,False,False,False,False,False,False,False,False
4552,5043,False,11,2,False,False,False,True,2,equal_indicator_weights|flood_binary_omitted,True,True,False,False,False,False,False,False,False,False
4553,5044,False,11,0,False,False,True,False,0,,False,False,False,False,False,False,False,False,False,False
4554,5045,True,11,6,False,False,False,True,5,flood_depth_omitted|literacy_direction_reversed|loan_burden_direction|loan_omitted|robust_p01_p99_bounds,False,False,True,True,False,True,True,True,False,False
4555,5046,False,11,0,False,False,True,False,0,,False,False,False,False,False,False,False,False,False,False
4556,5047,False,11,4,False,False,False,True,4,equal_indicator_weights|flood_binary_omitted|literacy_direction_reversed|literacy_omitted,True,True,False,True,True,False,False,False,False,False
4557,5048.1,False,11,0,False,False,True,False,0,,False,False,False,False,False,False,False,False,False,False
4558,5048.2,False,11,0,False,False,True,False,0,,False,False,False,False,False,False,False,False,False,False
4559,5049,True,11,9,False,False,False,True,2,flood_binary_omitted|literacy_direction_reversed,False,True,False,True,False,False,False,False,False,False
4560,505,False,11,0,False,False,True,False,0,,False,False,False,False,False,False,False,False,False,False
4561,5050,False,11,0,False,False,True,False,0,,False,False,False,False,False,False,False,False,False,False
4562,5051,False,11,0,False,False,True,False,0,,False,False,False,False,False,False,False,False,False,False
4563,5052,False,11,0,False,False,True,False,0,,False,False,False,False,False,False,False,False,False,False
4564,5053,False,11,0,False,False,True,False,0,,False,False,False,False,False,False,False,False,False,False
4565,5054,False,11,0,False,False,True,False,0,,False,False,False,False,False,False,False,False,False,False
4566,5055,False,11,0,False,False,True,False,0,,False,False,False,False,False,False,False,False,False,False
4567,5056,False,11,0,False,False,True,False,0,,False,False,False,False,False,False,False,False,False,False
4568,5057,False,11,0,False,False,True,False,0,,False,False,False,False,False,False,False,False,False,False
4569,5058.1,True,11,11,True,True,False,False,0,,False,False,False,False,False,False,False,False,False,False
4570,5058.2,False,11,0,False,False,True,False,0,,False,False,False,False,False,False,False,False,False,False
4571,5059,True,11,5,False,False,False,True,6,flood_depth_omitted|literacy_direction_reversed|literacy_omitted|loan_burden_direction|loan_omitted|robust_p01_p99_bounds,False,False,True,True,True,True,True,True,False,False
4572,506,False,11,0,False,False,True,False,0,,False,False,False,False,False,False,False,False,False,False
4573,5060,False,11,0,False,False,True,False,0,,False,False,False,False,False,False,False,False,False,False
4574,5061,True,11,10,False,False,False,True,1,loan_burden_direction,False,False,False,False,False,True,False,False,False,False
4575,5062,False,11,0,False,False,True,False,0,,False,False,False,False,False,False,False,False,False,False
4576,5063,False,11,0,False,False,True,False,0,,False,False,False,False,False,False,False,False,False,False
4577,5064,True,11,11,True,True,False,False,0,,False,False,False,False,False,False,False,False,False,False
4578,5065,False,11,0,False,False,True,False,0,,False,False,False,False,False,False,False,False,False,False
4579,5066,False,11,2,False,False,False,True,2,literacy_direction_reversed|robust_p01_p99_bounds,False,False,False,True,False,False,False,True,False,False
4580,5067,True,11,10,False,False,False,True,1,loan_burden_direction,False,False,False,False,False,True,False,False,False,False
4581,5068,True,11,8,False,False,False,True,3,loan_burden_direction|loan_omitted|robust_p01_p99_bounds,False,False,False,False,False,True,True,True,False,False
4582,5069,False,11,0,False,False,True,False,0,,False,False,False,False,False,False,False,False,False,False
4583,507,False,11,0,False,False,True,False,0,,False,False,False,False,False,False,False,False,False,False
4584,5070,True,11,10,False,False,False,True,1,loan_burden_direction,False,False,False,False,False,True,False,False,False,False
4585,5072,False,11,0,False,False,True,False,0,,False,False,False,False,False,False,False,False,False,False
4586,5073,False,11,3,False,False,False,True,3,literacy_direction_reversed|loan_burden_direction|loan_omitted,False,False,False,True,False,True,True,False,False,False
4587,5074,False,11,0,False,False,True,False,0,,False,False,False,False,False,False,False,False,False,False
4588,5076,False,11,2,False,False,False,True,2,equal_indicator_weights|flood_binary_omitted,True,True,False,False,False,False,False,False,False,False
4589,5077,False,11,0,False,False,True,False,0,,False,False,False,False,False,False,False,False,False,False
4590,5078,False,11,8,False,False,False,True,8,flood_depth_omitted|literacy_direction_reversed|literacy_omitted|loan_burden_direction|loan_omitted|robust_p01_p99_bounds|zero_meal_households_excluded|zero_meals_as_missing,False,False,True,True,True,True,True,True,True,True
4591,5079,True,11,7,False,False,False,True,4,flood_binary_omitted|loan_burden_direction|loan_omitted|robust_p01_p99_bounds,False,True,False,False,False,True,True,True,False,False
4592,508,True,11,10,False,False,False,True,1,flood_binary_omitted,False,True,False,False,False,False,False,False,False,False
4593,5080,False,11,4,False,False,False,True,4,flood_binary_omitted|loan_burden_direction|loan_omitted|robust_p01_p99_bounds,False,True,False,False,False,True,True,True,False,False
4594,5081,False,11,0,False,False,True,False,0,,False,False,False,False,False,False,False,False,False,False
4595,5082,False,11,0,False,False,True,False,0,,False,False,False,False,False,False,False,False,False,False
4596,5083,False,11,0,False,False,True,False,0,,False,False,False,False,False,False,False,False,False,False
4597,5084,False,11,0,False,False,True,False,0,,False,False,False,False,False,False,False,False,False,False
4598,5085,False,11,0,False,False,True,False,0,,False,False,False,False,False,False,False,False,False,False
4599,5086.1,False,11,2,False,False,False,True,2,literacy_direction_reversed|loan_burden_direction,False,False,False,True,False,True,False,False,False,False
4600,5086.2.1,False,11,0,False,False,True,False,0,,False,False,False,False,False,False,False,False,False,False
4601,5086.2.2,False,11,0,False,False,True,False,0,,False,False,False,False,False,False,False,False,False,False
4602,5087,True,11,7,False,False,False,True,4,flood_depth_omitted|literacy_direction_reversed|loan_burden_direction|loan_omitted,False,False,True,True,False,True,True,False,False,False
4603,5088,False,11,1,False,False,False,True,1,flood_binary_omitted,False,True,False,False,False,False,False,False,False,False
4604,5089,False,11,0,False,False,True,False,0,,False,False,False,False,False,False,False,False,False,False
4605,509,True,11,9,False,False,False,True,2,equal_indicator_weights|flood_binary_omitted,True,True,False,False,False,False,False,False,False,False
4606,5090,True,11,9,False,False,False,True,2,flood_binary_omitted|literacy_direction_reversed,False,True,False,True,False,False,False,False,False,False
4607,5091,False,11,2,False,False,False,True,2,flood_binary_omitted|robust_p01_p99_bounds,False,True,False,False,False,False,False,True,False,False
4608,5092,False,11,1,False,False,False,True,1,loan_burden_direction,False,False,False,False,False,True,False,False,False,False
4609,5093,True,11,10,False,False,False,True,1,flood_binary_omitted,False,True,False,False,False,False,False,False,False,False
4610,5094,False,11,0,False,False,True,False,0,,False,False,False,False,False,False,False,False,False,False
4611,5095,False,11,0,False,False,True,False,0,,False,False,False,False,False,False,False,False,False,False
4612,5096,False,11,0,False,False,True,False,0,,False,False,False,False,False,False,False,False,False,False
4613,5097,False,11,2,False,False,False,True,2,equal_indicator_weights|flood_binary_omitted,True,True,False,False,False,False,False,False,False,False
4614,5098,False,11,0,False,False,True,False,0,,False,False,False,False,False,False,False,False,False,False
4615,5099,True,11,9,False,False,False,True,2,flood_binary_omitted|literacy_direction_reversed,False,True,False,True,False,False,False,False,False,False
4616,51,False,11,0,False,False,True,False,0,,False,False,False,False,False,False,False,False,False,False
4617,510,False,11,1,False,False,False,True,1,loan_burden_direction,False,False,False,False,False,True,False,False,False,False
4618,5100,False,11,2,False,False,False,True,2,equal_indicator_weights|flood_binary_omitted,True,True,False,False,False,False,False,False,False,False
4619,5101,False,11,0,False,False,True,False,0,,False,False,False,False,False,False,False,False,False,False
4620,5102,True,11,6,False,False,False,True,5,equal_indicator_weights|flood_binary_omitted|literacy_direction_reversed|literacy_omitted|robust_p01_p99_bounds,True,True,False,True,True,False,False,True,False,False
4621,5103.1,True,11,10,False,False,False,True,1,flood_binary_omitted,False,True,False,False,False,False,False,False,False,False
4622,5103.2,True,11,10,False,False,False,True,1,flood_binary_omitted,False,True,False,False,False,False,False,False,False,False
4623,5104,True,11,10,False,False,False,True,1,flood_binary_omitted,False,True,False,False,False,False,False,False,False,False
4624,5105,False,11,2,False,False,False,True,2,equal_indicator_weights|flood_binary_omitted,True,True,False,False,False,False,False,False,False,False
4625,5106,False,11,2,False,False,False,True,2,equal_indicator_weights|flood_binary_omitted,True,True,False,False,False,False,False,False,False,False
4626,5107,False,11,0,False,False,True,False,0,,False,False,False,False,False,False,False,False,False,False
4627,5108,False,11,0,False,False,True,False,0,,False,False,False,False,False,False,False,False,False,False
4628,5109,False,11,0,False,False,True,False,0,,False,False,False,False,False,False,False,False,False,False
4629,511,False,11,0,False,False,True,False,0,,False,False,False,False,False,False,False,False,False,False
4630,5110,True,11,11,True,True,False,False,0,,False,False,False,False,False,False,False,False,False,False
4631,5111,False,11,0,False,False,True,False,0,,False,False,False,False,False,False,False,False,False,False
4632,5112,False,11,0,False,False,True,False,0,,False,False,False,False,False,False,False,False,False,False
4633,5113,False,11,0,False,False,True,False,0,,False,False,False,False,False,False,False,False,False,False
4634,5114,False,11,2,False,False,False,True,2,equal_indicator_weights|flood_binary_omitted,True,True,False,False,False,False,False,False,False,False
4635,5115,True,11,10,False,False,False,True,1,flood_binary_omitted,False,True,False,False,False,False,False,False,False,False
4636,5116,False,11,0,False,False,True,False,0,,False,False,False,False,False,False,False,False,False,False
4637,5117,False,11,2,False,False,False,True,2,equal_indicator_weights|flood_binary_omitted,True,True,False,False,False,False,False,False,False,False
4638,5118,False,11,0,False,False,True,False,0,,False,False,False,False,False,False,False,False,False,False
4639,5119,True,11,6,False,False,False,True,5,literacy_direction_reversed|literacy_omitted|loan_burden_direction|loan_omitted|robust_p01_p99_bounds,False,False,False,True,True,True,True,True,False,False
4640,512,False,11,0,False,False,True,False,0,,False,False,False,False,False,False,False,False,False,False
4641,5120,True,11,11,True,True,False,False,0,,False,False,False,False,False,False,False,False,False,False
4642,5121,False,11,2,False,False,False,True,2,loan_burden_direction|robust_p01_p99_bounds,False,False,False,False,False,True,False,True,False,False
4643,5122,False,11,0,False,False,True,False,0,,False,False,False,False,False,False,False,False,False,False
4644,5124,False,11,0,False,False,True,False,0,,False,False,False,False,False,False,False,False,False,False
4645,5126,False,11,0,False,False,True,False,0,,False,False,False,False,False,False,False,False,False,False
4646,5127,False,11,2,False,False,False,True,2,equal_indicator_weights|flood_binary_omitted,True,True,False,False,False,False,False,False,False,False
4647,5128,False,11,0,False,False,True,False,0,,False,False,False,False,False,False,False,False,False,False
4648,5129,False,11,0,False,False,True,False,0,,False,False,False,False,False,False,False,False,False,False
4649,513,False,11,1,False,False,False,True,1,flood_binary_omitted,False,True,False,False,False,False,False,False,False,False
4650,5130,False,11,0,False,False,True,False,0,,False,False,False,False,False,False,False,False,False,False
4651,5132,False,11,0,False,False,True,False,0,,False,False,False,False,False,False,False,False,False,False
4652,5133,False,11,0,False,False,True,False,0,,False,False,False,False,False,False,False,False,False,False
4653,5134,False,11,0,False,False,True,False,0,,False,False,False,False,False,False,False,False,False,False
4654,5135,False,11,0,False,False,True,False,0,,False,False,False,False,False,False,False,False,False,False
4655,5137,False,11,0,False,False,True,False,0,,False,False,False,False,False,False,False,False,False,False
4656,5138,False,11,0,False,False,True,False,0,,False,False,False,False,False,False,False,False,False,False
4657,5139,False,11,0,False,False,True,False,0,,False,False,False,False,False,False,False,False,False,False
4658,514,False,11,0,False,False,True,False,0,,False,False,False,False,False,False,False,False,False,False
4659,5140,False,11,0,False,False,True,False,0,,False,False,False,False,False,False,False,False,False,False
4660,5141,True,11,5,False,False,False,True,6,flood_depth_omitted|literacy_direction_reversed|literacy_omitted|loan_burden_direction|loan_omitted|robust_p01_p99_bounds,False,False,True,True,True,True,True,True,False,False
4661,5142,False,11,0,False,False,True,False,0,,False,False,False,False,False,False,False,False,False,False
4662,5143,True,11,8,False,False,False,True,3,flood_binary_omitted|literacy_direction_reversed|literacy_omitted,False,True,False,True,True,False,False,False,False,False
4663,5144,False,11,0,False,False,True,False,0,,False,False,False,False,False,False,False,False,False,False
4664,5145,False,11,1,False,False,False,True,1,loan_burden_direction,False,False,False,False,False,True,False,False,False,False
4665,5146,False,11,0,False,False,True,False,0,,False,False,False,False,False,False,False,False,False,False
4666,5147,False,11,0,False,False,True,False,0,,False,False,False,False,False,False,False,False,False,False
4667,5148,False,11,0,False,False,True,False,0,,False,False,False,False,False,False,False,False,False,False
4668,5149,False,11,0,False,False,True,False,0,,False,False,False,False,False,False,False,False,False,False
4669,515,True,11,10,False,False,False,True,1,loan_burden_direction,False,False,False,False,False,True,False,False,False,False
4670,5150,False,11,0,False,False,True,False,0,,False,False,False,False,False,False,False,False,False,False
4671,5151,True,11,7,False,False,False,True,4,equal_indicator_weights|flood_binary_omitted|literacy_direction_reversed|literacy_omitted,True,True,False,True,True,False,False,False,False,False
4672,5152,False,11,1,False,False,False,True,1,loan_burden_direction,False,False,False,False,False,True,False,False,False,False
4673,5153,False,11,5,False,False,False,True,5,flood_depth_omitted|literacy_direction_reversed|literacy_omitted|loan_burden_direction|loan_omitted,False,False,True,True,True,True,True,False,False,False
4674,5154,False,11,3,False,False,False,True,3,literacy_direction_reversed|loan_burden_direction|loan_omitted,False,False,False,True,False,True,True,False,False,False
4675,5155,False,11,0,False,False,True,False,0,,False,False,False,False,False,False,False,False,False,False
4676,5156,True,11,11,True,True,False,False,0,,False,False,False,False,False,False,False,False,False,False
4677,5157,True,11,11,True,True,False,False,0,,False,False,False,False,False,False,False,False,False,False
4678,5158.1,True,11,11,True,True,False,False,0,,False,False,False,False,False,False,False,False,False,False
4679,5158.2,True,11,11,True,True,False,False,0,,False,False,False,False,False,False,False,False,False,False
4680,5159,True,11,11,True,True,False,False,0,,False,False,False,False,False,False,False,False,False,False
4681,516,True,11,11,True,True,False,False,0,,False,False,False,False,False,False,False,False,False,False
4682,5160,True,11,10,False,False,False,True,1,literacy_direction_reversed,False,False,False,True,False,False,False,False,False,False
4683,5161,True,11,11,True,True,False,False,0,,False,False,False,False,False,False,False,False,False,False
4684,5162,True,11,11,True,True,False,False,0,,False,False,False,False,False,False,False,False,False,False
4685,5163,False,11,1,False,False,False,True,1,loan_burden_direction,False,False,False,False,False,True,False,False,False,False
4686,5164,True,11,10,False,False,False,True,1,literacy_direction_reversed,False,False,False,True,False,False,False,False,False,False
4687,5165,True,11,11,True,True,False,False,0,,False,False,False,False,False,False,False,False,False,False
4688,5166,True,11,11,True,True,False,False,0,,False,False,False,False,False,False,False,False,False,False
4689,5167,False,11,4,False,False,False,True,4,equal_indicator_weights|flood_binary_omitted|loan_burden_direction|loan_omitted,True,True,False,False,False,True,True,False,False,False
4690,5168,True,11,11,True,True,False,False,0,,False,False,False,False,False,False,False,False,False,False
4691,5169,False,11,0,False,False,True,False,0,,False,False,False,False,False,False,False,False,False,False
4692,517,True,11,11,True,True,False,False,0,,False,False,False,False,False,False,False,False,False,False
4693,5171,True,11,11,True,True,False,False,0,,False,False,False,False,False,False,False,False,False,False
4694,5172,False,11,1,False,False,False,True,1,flood_binary_omitted,False,True,False,False,False,False,False,False,False,False
4695,5173,False,11,0,False,False,True,False,0,,False,False,False,False,False,False,False,False,False,False
4696,5174,True,11,11,True,True,False,False,0,,False,False,False,False,False,False,False,False,False,False
4697,5175,False,11,5,False,False,False,True,5,flood_depth_omitted|literacy_direction_reversed|literacy_omitted|loan_burden_direction|loan_omitted,False,False,True,True,True,True,True,False,False,False
4698,5176,False,11,4,False,False,False,True,4,equal_indicator_weights|flood_binary_omitted|loan_burden_direction|loan_omitted,True,True,False,False,False,True,True,False,False,False
4699,5177,False,11,1,False,False,False,True,1,flood_binary_omitted,False,True,False,False,False,False,False,False,False,False
4700,5178,False,11,5,False,False,False,True,5,flood_depth_omitted|literacy_direction_reversed|literacy_omitted|loan_burden_direction|loan_omitted,False,False,True,True,True,True,True,False,False,False
4701,5179,True,11,11,True,True,False,False,0,,False,False,False,False,False,False,False,False,False,False
4702,518,True,11,6,False,False,False,True,5,literacy_direction_reversed|literacy_omitted|loan_burden_direction|loan_omitted|robust_p01_p99_bounds,False,False,False,True,True,True,True,True,False,False
4703,5180,False,11,1,False,False,False,True,1,flood_binary_omitted,False,True,False,False,False,False,False,False,False,False
4704,5181.1,True,11,7,False,False,False,True,4,equal_indicator_weights|flood_binary_omitted|literacy_direction_reversed|literacy_omitted,True,True,False,True,True,False,False,False,False,False
4705,5181.2,True,11,11,True,True,False,False,0,,False,False,False,False,False,False,False,False,False,False
4706,5182,False,11,1,False,False,False,True,1,flood_binary_omitted,False,True,False,False,False,False,False,False,False,False
4707,5183,False,11,0,False,False,True,False,0,,False,False,False,False,False,False,False,False,False,False
4708,5184,True,11,11,True,True,False,False,0,,False,False,False,False,False,False,False,False,False,False
4709,5185,True,11,11,True,True,False,False,0,,False,False,False,False,False,False,False,False,False,False
4710,5186.1,False,11,1,False,False,False,True,1,flood_binary_omitted,False,True,False,False,False,False,False,False,False,False
4711,5186.2,True,11,11,True,True,False,False,0,,False,False,False,False,False,False,False,False,False,False
4712,5187,True,11,6,False,False,False,True,5,equal_indicator_weights|flood_binary_omitted|flood_depth_omitted|literacy_direction_reversed|literacy_omitted,True,True,True,True,True,False,False,False,False,False
4713,5188,False,11,3,False,False,False,True,3,literacy_direction_reversed|loan_burden_direction|loan_omitted,False,False,False,True,False,True,True,False,False,False
4714,5189,False,11,0,False,False,True,False,0,,False,False,False,False,False,False,False,False,False,False
4715,519,False,11,8,False,False,False,True,8,flood_depth_omitted|literacy_direction_reversed|literacy_omitted|loan_burden_direction|loan_omitted|robust_p01_p99_bounds|zero_meal_households_excluded|zero_meals_as_missing,False,False,True,True,True,True,True,True,True,True
4716,5190.1,True,11,11,True,True,False,False,0,,False,False,False,False,False,False,False,False,False,False
4717,5190.2,False,11,3,False,False,False,True,3,literacy_direction_reversed|loan_burden_direction|loan_omitted,False,False,False,True,False,True,True,False,False,False
4718,5191,True,11,11,True,True,False,False,0,,False,False,False,False,False,False,False,False,False,False
4719,5192,False,11,2,False,False,False,True,2,literacy_direction_reversed|loan_burden_direction,False,False,False,True,False,True,False,False,False,False
4720,5193,True,11,11,True,True,False,False,0,,False,False,False,False,False,False,False,False,False,False
4721,5194,False,11,3,False,False,False,True,3,literacy_direction_reversed|loan_burden_direction|loan_omitted,False,False,False,True,False,True,True,False,False,False
4722,5195,True,11,8,False,False,False,True,3,loan_burden_direction|loan_omitted|robust_p01_p99_bounds,False,False,False,False,False,True,True,True,False,False
4723,5196.1,True,11,10,False,False,False,True,1,flood_binary_omitted,False,True,False,False,False,False,False,False,False,False
4724,5196.2,True,11,11,True,True,False,False,0,,False,False,False,False,False,False,False,False,False,False
4725,5196.3,True,11,11,True,True,False,False,0,,False,False,False,False,False,False,False,False,False,False
4726,5197,False,11,4,False,False,False,True,4,flood_depth_omitted|literacy_direction_reversed|loan_burden_direction|loan_omitted,False,False,True,True,False,True,True,False,False,False
4727,5198,True,11,10,False,False,False,True,1,flood_binary_omitted,False,True,False,False,False,False,False,False,False,False
4728,5199,False,11,4,False,False,False,True,4,flood_depth_omitted|literacy_direction_reversed|loan_burden_direction|loan_omitted,False,False,True,True,False,True,True,False,False,False
4729,52,False,11,0,False,False,True,False,0,,False,False,False,False,False,False,False,False,False,False
4730,520,False,11,0,False,False,True,False,0,,False,False,False,False,False,False,False,False,False,False
4731,5200,False,11,0,False,False,True,False,0,,False,False,False,False,False,False,False,False,False,False
4732,5201,False,11,0,False,False,True,False,0,,False,False,False,False,False,False,False,False,False,False
4733,5202,False,11,0,False,False,True,False,0,,False,False,False,False,False,False,False,False,False,False
4734,5203.1,False,11,0,False,False,True,False,0,,False,False,False,False,False,False,False,False,False,False
4735,5203.2,False,11,0,False,False,True,False,0,,False,False,False,False,False,False,False,False,False,False
4736,5204,False,11,0,False,False,True,False,0,,False,False,False,False,False,False,False,False,False,False
4737,5205,False,11,0,False,False,True,False,0,,False,False,False,False,False,False,False,False,False,False
4738,5206,False,11,0,False,False,True,False,0,,False,False,False,False,False,False,False,False,False,False
4739,5207,False,11,0,False,False,True,False,0,,False,False,False,False,False,False,False,False,False,False
4740,5208.1,False,11,2,False,False,False,True,2,equal_indicator_weights|flood_binary_omitted,True,True,False,False,False,False,False,False,False,False
4741,5208.2,True,11,8,False,False,False,True,3,flood_binary_omitted|loan_burden_direction|loan_omitted,False,True,False,False,False,True,True,False,False,False
4742,5208.3,True,11,7,False,False,False,True,4,flood_binary_omitted|loan_burden_direction|loan_omitted|robust_p01_p99_bounds,False,True,False,False,False,True,True,True,False,False
4743,5209.1,False,11,0,False,False,True,False,0,,False,False,False,False,False,False,False,False,False,False
4744,5209.2,False,11,1,False,False,False,True,1,literacy_direction_reversed,False,False,False,True,False,False,False,False,False,False
4745,521,False,11,1,False,False,False,True,1,literacy_direction_reversed,False,False,False,True,False,False,False,False,False,False
4746,5210,False,11,0,False,False,True,False,0,,False,False,False,False,False,False,False,False,False,False
4747,5211,True,11,6,False,False,False,True,5,flood_binary_omitted|flood_depth_omitted|loan_burden_direction|loan_omitted|robust_p01_p99_bounds,False,True,True,False,False,True,True,True,False,False
4748,5212,False,11,0,False,False,True,False,0,,False,False,False,False,False,False,False,False,False,False
4749,5213,False,11,1,False,False,False,True,1,loan_burden_direction,False,False,False,False,False,True,False,False,False,False
4750,5214,False,11,0,False,False,True,False,0,,False,False,False,False,False,False,False,False,False,False
4751,5215,False,11,0,False,False,True,False,0,,False,False,False,False,False,False,False,False,False,False
4752,5216,True,11,7,False,False,False,True,4,flood_binary_omitted|loan_burden_direction|loan_omitted|robust_p01_p99_bounds,False,True,False,False,False,True,True,True,False,False
4753,5217,False,11,0,False,False,True,False,0,,False,False,False,False,False,False,False,False,False,False
4754,5218,False,11,0,False,False,True,False,0,,False,False,False,False,False,False,False,False,False,False
4755,5219,False,11,0,False,False,True,False,0,,False,False,False,False,False,False,False,False,False,False
4756,522,False,11,0,False,False,True,False,0,,False,False,False,False,False,False,False,False,False,False
4757,5221,False,11,0,False,False,True,False,0,,False,False,False,False,False,False,False,False,False,False
4758,5222.1,False,11,1,False,False,False,True,1,equal_indicator_weights,True,False,False,False,False,False,False,False,False,False
4759,5222.2,True,11,4,False,False,False,True,7,equal_indicator_weights|flood_binary_omitted|flood_depth_omitted|literacy_direction_reversed|literacy_omitted|loan_burden_direction|loan_omitted,True,True,True,True,True,True,True,False,False,False
4760,5223,False,11,0,False,False,True,False,0,,False,False,False,False,False,False,False,False,False,False
4761,5224,False,11,0,False,False,True,False,0,,False,False,False,False,False,False,False,False,False,False
4762,5225,False,11,0,False,False,True,False,0,,False,False,False,False,False,False,False,False,False,False
4763,5226.1,False,11,0,False,False,True,False,0,,False,False,False,False,False,False,False,False,False,False
4764,5226.2,False,11,0,False,False,True,False,0,,False,False,False,False,False,False,False,False,False,False
4765,5227,True,11,7,False,False,False,True,4,flood_binary_omitted|loan_burden_direction|loan_omitted|robust_p01_p99_bounds,False,True,False,False,False,True,True,True,False,False
4766,5228,False,11,2,False,False,False,True,2,equal_indicator_weights|flood_binary_omitted,True,True,False,False,False,False,False,False,False,False
4767,5229,False,11,0,False,False,True,False,0,,False,False,False,False,False,False,False,False,False,False
4768,523.1,False,11,0,False,False,True,False,0,,False,False,False,False,False,False,False,False,False,False
4769,523.2,False,11,0,False,False,True,False,0,,False,False,False,False,False,False,False,False,False,False
4770,5230,False,11,0,False,False,True,False,0,,False,False,False,False,False,False,False,False,False,False
4771,5231,False,11,0,False,False,True,False,0,,False,False,False,False,False,False,False,False,False,False
4772,5232,False,11,0,False,False,True,False,0,,False,False,False,False,False,False,False,False,False,False
4773,5233.1,False,11,0,False,False,True,False,0,,False,False,False,False,False,False,False,False,False,False
4774,5233.2,True,11,6,False,False,False,True,5,flood_binary_omitted|flood_depth_omitted|loan_burden_direction|loan_omitted|robust_p01_p99_bounds,False,True,True,False,False,True,True,True,False,False
4775,5234,False,11,0,False,False,True,False,0,,False,False,False,False,False,False,False,False,False,False
4776,5235,False,11,0,False,False,True,False,0,,False,False,False,False,False,False,False,False,False,False
4777,5236,False,11,2,False,False,False,True,2,equal_indicator_weights|flood_binary_omitted,True,True,False,False,False,False,False,False,False,False
4778,5237,False,11,0,False,False,True,False,0,,False,False,False,False,False,False,False,False,False,False
4779,5238,False,11,0,False,False,True,False,0,,False,False,False,False,False,False,False,False,False,False
4780,5239,False,11,0,False,False,True,False,0,,False,False,False,False,False,False,False,False,False,False
4781,524,False,11,0,False,False,True,False,0,,False,False,False,False,False,False,False,False,False,False
4782,5240,False,11,0,False,False,True,False,0,,False,False,False,False,False,False,False,False,False,False
4783,5241,False,11,0,False,False,True,False,0,,False,False,False,False,False,False,False,False,False,False
4784,5242.1,False,11,0,False,False,True,False,0,,False,False,False,False,False,False,False,False,False,False
4785,5242.2,False,11,0,False,False,True,False,0,,False,False,False,False,False,False,False,False,False,False
4786,5242.3,False,11,0,False,False,True,False,0,,False,False,False,False,False,False,False,False,False,False
4787,5243,False,11,0,False,False,True,False,0,,False,False,False,False,False,False,False,False,False,False
4788,5244,False,11,0,False,False,True,False,0,,False,False,False,False,False,False,False,False,False,False
4789,5245,False,11,0,False,False,True,False,0,,False,False,False,False,False,False,False,False,False,False
4790,5246,True,11,11,True,True,False,False,0,,False,False,False,False,False,False,False,False,False,False
4791,5247.1,False,11,2,False,False,False,True,2,equal_indicator_weights|flood_binary_omitted,True,True,False,False,False,False,False,False,False,False
4792,5247.2,False,11,2,False,False,False,True,2,equal_indicator_weights|flood_binary_omitted,True,True,False,False,False,False,False,False,False,False
4793,5248,True,11,11,True,True,False,False,0,,False,False,False,False,False,False,False,False,False,False
4794,5249.1,True,11,11,True,True,False,False,0,,False,False,False,False,False,False,False,False,False,False
4795,5249.2,True,11,11,True,True,False,False,0,,False,False,False,False,False,False,False,False,False,False
4796,525,False,11,1,False,False,False,True,1,literacy_direction_reversed,False,False,False,True,False,False,False,False,False,False
4797,5250,True,11,11,True,True,False,False,0,,False,False,False,False,False,False,False,False,False,False
4798,5251,False,11,0,False,False,True,False,0,,False,False,False,False,False,False,False,False,False,False
4799,5252,True,11,9,False,False,False,True,2,equal_indicator_weights|flood_binary_omitted,True,True,False,False,False,False,False,False,False,False
4800,5253,True,11,11,True,True,False,False,0,,False,False,False,False,False,False,False,False,False,False
4801,5254,True,11,11,True,True,False,False,0,,False,False,False,False,False,False,False,False,False,False
4802,5255.1,False,11,4,False,False,False,True,4,literacy_direction_reversed|literacy_omitted|loan_burden_direction|loan_omitted,False,False,False,True,True,True,True,False,False,False
4803,5255.2,True,11,11,True,True,False,False,0,,False,False,False,False,False,False,False,False,False,False
4804,5256,False,11,4,False,False,False,True,4,equal_indicator_weights|flood_binary_omitted|literacy_direction_reversed|literacy_omitted,True,True,False,True,True,False,False,False,False,False
4805,5257,True,11,9,False,False,False,True,2,flood_binary_omitted|literacy_direction_reversed,False,True,False,True,False,False,False,False,False,False
4806,5258.1,False,11,2,False,False,False,True,2,equal_indicator_weights|flood_binary_omitted,True,True,False,False,False,False,False,False,False,False
4807,5258.2,True,11,5,False,False,False,True,6,flood_depth_omitted|literacy_direction_reversed|literacy_omitted|loan_burden_direction|loan_omitted|robust_p01_p99_bounds,False,False,True,True,True,True,True,True,False,False
4808,5259,False,11,3,False,False,False,True,3,literacy_direction_reversed|loan_burden_direction|loan_omitted,False,False,False,True,False,True,True,False,False,False
4809,526,True,11,10,False,False,False,True,1,flood_binary_omitted,False,True,False,False,False,False,False,False,False,False
4810,5260,False,11,0,False,False,True,False,0,,False,False,False,False,False,False,False,False,False,False
4811,5261,True,11,11,True,True,False,False,0,,False,False,False,False,False,False,False,False,False,False
4812,5262,True,11,11,True,True,False,False,0,,False,False,False,False,False,False,False,False,False,False
4813,5263.1,False,11,0,False,False,True,False,0,,False,False,False,False,False,False,False,False,False,False
4814,5263.2,False,11,0,False,False,True,False,0,,False,False,False,False,False,False,False,False,False,False
4815,5264,True,11,10,False,False,False,True,1,flood_binary_omitted,False,True,False,False,False,False,False,False,False,False
4816,5265,True,11,9,False,False,False,True,2,equal_indicator_weights|flood_binary_omitted,True,True,False,False,False,False,False,False,False,False
4817,5266.1.1,True,11,10,False,False,False,True,1,loan_burden_direction,False,False,False,False,False,True,False,False,False,False
4818,5266.1.2,False,11,5,False,False,False,True,5,equal_indicator_weights|literacy_direction_reversed|literacy_omitted|loan_burden_direction|loan_omitted,True,False,False,True,True,True,True,False,False,False
4819,5266.2,True,11,8,False,False,False,True,3,flood_binary_omitted|literacy_direction_reversed|literacy_omitted,False,True,False,True,True,False,False,False,False,False
4820,5267,False,11,1,False,False,False,True,1,flood_binary_omitted,False,True,False,False,False,False,False,False,False,False
4821,5268,True,11,8,False,False,False,True,3,flood_binary_omitted|literacy_direction_reversed|literacy_omitted,False,True,False,True,True,False,False,False,False,False
4822,527,False,11,0,False,False,True,False,0,,False,False,False,False,False,False,False,False,False,False
4823,5270,True,11,10,False,False,False,True,1,loan_burden_direction,False,False,False,False,False,True,False,False,False,False
4824,5271,False,11,2,False,False,False,True,2,literacy_direction_reversed|loan_burden_direction,False,False,False,True,False,True,False,False,False,False
4825,5273,True,11,10,False,False,False,True,1,literacy_direction_reversed,False,False,False,True,False,False,False,False,False,False
4826,5274,False,11,0,False,False,True,False,0,,False,False,False,False,False,False,False,False,False,False
4827,5275,False,11,0,False,False,True,False,0,,False,False,False,False,False,False,False,False,False,False
4828,5276,False,11,0,False,False,True,False,0,,False,False,False,False,False,False,False,False,False,False
4829,5277,False,11,0,False,False,True,False,0,,False,False,False,False,False,False,False,False,False,False
4830,5278,False,11,2,False,False,False,True,2,literacy_direction_reversed|loan_burden_direction,False,False,False,True,False,True,False,False,False,False
4831,5279,False,11,0,False,False,True,False,0,,False,False,False,False,False,False,False,False,False,False
4832,528,True,11,7,False,False,False,True,4,flood_binary_omitted|flood_depth_omitted|loan_burden_direction|loan_omitted,False,True,True,False,False,True,True,False,False,False
4833,5280,False,11,0,False,False,True,False,0,,False,False,False,False,False,False,False,False,False,False
4834,5281,False,11,0,False,False,True,False,0,,False,False,False,False,False,False,False,False,False,False
4835,5282,False,11,0,False,False,True,False,0,,False,False,False,False,False,False,False,False,False,False
4836,5283,True,11,10,False,False,False,True,1,loan_burden_direction,False,False,False,False,False,True,False,False,False,False
4837,5284,False,11,1,False,False,False,True,1,flood_binary_omitted,False,True,False,False,False,False,False,False,False,False
4838,5285,False,11,1,False,False,False,True,1,flood_binary_omitted,False,True,False,False,False,False,False,False,False,False
4839,5286,True,11,10,False,False,False,True,1,flood_binary_omitted,False,True,False,False,False,False,False,False,False,False
4840,5287,True,11,10,False,False,False,True,1,flood_binary_omitted,False,True,False,False,False,False,False,False,False,False
4841,5288,False,11,0,False,False,True,False,0,,False,False,False,False,False,False,False,False,False,False
4842,5289,False,11,0,False,False,True,False,0,,False,False,False,False,False,False,False,False,False,False
4843,529,False,11,1,False,False,False,True,1,flood_binary_omitted,False,True,False,False,False,False,False,False,False,False
4844,5290,True,11,11,True,True,False,False,0,,False,False,False,False,False,False,False,False,False,False
4845,5291,False,11,0,False,False,True,False,0,,False,False,False,False,False,False,False,False,False,False
4846,5292,False,11,0,False,False,True,False,0,,False,False,False,False,False,False,False,False,False,False
4847,5293.1,False,11,1,False,False,False,True,1,loan_burden_direction,False,False,False,False,False,True,False,False,False,False
4848,5294,False,11,4,False,False,False,True,4,literacy_direction_reversed|loan_burden_direction|loan_omitted|robust_p01_p99_bounds,False,False,False,True,False,True,True,True,False,False
4849,5295,True,11,8,False,False,False,True,3,equal_indicator_weights|flood_binary_omitted|flood_depth_omitted,True,True,True,False,False,False,False,False,False,False
4850,5296,False,11,0,False,False,True,False,0,,False,False,False,False,False,False,False,False,False,False
4851,5298,False,11,0,False,False,True,False,0,,False,False,False,False,False,False,False,False,False,False
4852,5299,True,11,10,False,False,False,True,1,loan_burden_direction,False,False,False,False,False,True,False,False,False,False
4853,53,False,11,0,False,False,True,False,0,,False,False,False,False,False,False,False,False,False,False
4854,530,False,11,0,False,False,True,False,0,,False,False,False,False,False,False,False,False,False,False
4855,5300.1,False,10,3,False,False,False,True,3,literacy_direction_reversed|loan_burden_direction|robust_p01_p99_bounds,False,False,False,True,False,True,False,True,False,False
4856,5300.2,False,11,0,False,False,True,False,0,,False,False,False,False,False,False,False,False,False,False
4857,5300.3,False,11,0,False,False,True,False,0,,False,False,False,False,False,False,False,False,False,False
4858,5301,False,11,0,False,False,True,False,0,,False,False,False,False,False,False,False,False,False,False
4859,5303,False,11,0,False,False,True,False,0,,False,False,False,False,False,False,False,False,False,False
4860,5304,False,11,3,False,False,False,True,3,literacy_direction_reversed|loan_burden_direction|robust_p01_p99_bounds,False,False,False,True,False,True,False,True,False,False
4861,5305,False,11,4,False,False,False,True,4,literacy_direction_reversed|literacy_omitted|loan_burden_direction|loan_omitted,False,False,False,True,True,True,True,False,False,False
4862,5306,False,11,0,False,False,True,False,0,,False,False,False,False,False,False,False,False,False,False
4863,5307,True,11,11,True,True,False,False,0,,False,False,False,False,False,False,False,False,False,False
4864,5308,False,11,3,False,False,False,True,3,literacy_direction_reversed|loan_burden_direction|robust_p01_p99_bounds,False,False,False,True,False,True,False,True,False,False
4865,5309,False,11,0,False,False,True,False,0,,False,False,False,False,False,False,False,False,False,False
4866,531,True,11,9,False,False,False,True,2,equal_indicator_weights|flood_binary_omitted,True,True,False,False,False,False,False,False,False,False
4867,5310,True,11,11,True,True,False,False,0,,False,False,False,False,False,False,False,False,False,False
4868,5311,True,11,10,False,False,False,True,1,literacy_direction_reversed,False,False,False,True,False,False,False,False,False,False
4869,5312.1,False,11,4,False,False,False,True,4,equal_indicator_weights|flood_binary_omitted|loan_burden_direction|loan_omitted,True,True,False,False,False,True,True,False,False,False
4870,5312.2,True,11,10,False,False,False,True,1,flood_binary_omitted,False,True,False,False,False,False,False,False,False,False
4871,5313,True,11,10,False,False,False,True,1,flood_binary_omitted,False,True,False,False,False,False,False,False,False,False
4872,5314,False,11,2,False,False,False,True,2,literacy_direction_reversed|loan_burden_direction,False,False,False,True,False,True,False,False,False,False
4873,5315,False,11,1,False,False,False,True,1,loan_burden_direction,False,False,False,False,False,True,False,False,False,False
4874,5316,False,11,0,False,False,True,False,0,,False,False,False,False,False,False,False,False,False,False
4875,5317,True,11,9,False,False,False,True,2,flood_binary_omitted|literacy_direction_reversed,False,True,False,True,False,False,False,False,False,False
4876,5318,False,11,0,False,False,True,False,0,,False,False,False,False,False,False,False,False,False,False
4877,5319,False,11,0,False,False,True,False,0,,False,False,False,False,False,False,False,False,False,False
4878,532.1,False,11,0,False,False,True,False,0,,False,False,False,False,False,False,False,False,False,False
4879,532.2,False,11,0,False,False,True,False,0,,False,False,False,False,False,False,False,False,False,False
4880,5320,True,11,8,False,False,False,True,3,flood_binary_omitted|loan_burden_direction|loan_omitted,False,True,False,False,False,True,True,False,False,False
4881,5321,False,11,0,False,False,True,False,0,,False,False,False,False,False,False,False,False,False,False
4882,5323,False,11,1,False,False,False,True,1,robust_p01_p99_bounds,False,False,False,False,False,False,False,True,False,False
4883,5324,False,11,0,False,False,True,False,0,,False,False,False,False,False,False,False,False,False,False
4884,5325,False,11,1,False,False,False,True,1,loan_burden_direction,False,False,False,False,False,True,False,False,False,False
4885,5326,False,11,0,False,False,True,False,0,,False,False,False,False,False,False,False,False,False,False
4886,5327,False,11,0,False,False,True,False,0,,False,False,False,False,False,False,False,False,False,False
4887,5328,True,11,10,False,False,False,True,1,flood_binary_omitted,False,True,False,False,False,False,False,False,False,False
4888,5329,True,11,10,False,False,False,True,1,loan_burden_direction,False,False,False,False,False,True,False,False,False,False
4889,533,False,11,2,False,False,False,True,2,loan_burden_direction|loan_omitted,False,False,False,False,False,True,True,False,False,False
4890,5330,True,11,7,False,False,False,True,4,flood_binary_omitted|literacy_direction_reversed|literacy_omitted|robust_p01_p99_bounds,False,True,False,True,True,False,False,True,False,False
4891,5331,True,11,7,False,False,False,True,4,flood_binary_omitted|literacy_direction_reversed|loan_burden_direction|loan_omitted,False,True,False,True,False,True,True,False,False,False
4892,5333,False,11,0,False,False,True,False,0,,False,False,False,False,False,False,False,False,False,False
4893,5334,False,11,2,False,False,False,True,2,equal_indicator_weights|flood_binary_omitted,True,True,False,False,False,False,False,False,False,False
4894,5335,False,11,0,False,False,True,False,0,,False,False,False,False,False,False,False,False,False,False
4895,5336,False,11,0,False,False,True,False,0,,False,False,False,False,False,False,False,False,False,False
4896,5337,False,11,0,False,False,True,False,0,,False,False,False,False,False,False,False,False,False,False
4897,5338,False,11,1,False,False,False,True,1,loan_burden_direction,False,False,False,False,False,True,False,False,False,False
4898,5339,False,11,0,False,False,True,False,0,,False,False,False,False,False,False,False,False,False,False
4899,534,False,11,1,False,False,False,True,1,loan_burden_direction,False,False,False,False,False,True,False,False,False,False
4900,5341,False,11,0,False,False,True,False,0,,False,False,False,False,False,False,False,False,False,False
4901,5342,True,11,10,False,False,False,True,1,loan_burden_direction,False,False,False,False,False,True,False,False,False,False
4902,5343,False,11,1,False,False,False,True,1,loan_burden_direction,False,False,False,False,False,True,False,False,False,False
4903,5344,True,11,8,False,False,False,True,3,literacy_direction_reversed|loan_burden_direction|loan_omitted,False,False,False,True,False,True,True,False,False,False
4904,5345,False,11,0,False,False,True,False,0,,False,False,False,False,False,False,False,False,False,False
4905,5346,False,11,4,False,False,False,True,4,equal_indicator_weights|flood_binary_omitted|loan_burden_direction|loan_omitted,True,True,False,False,False,True,True,False,False,False
4906,5347,True,11,9,False,False,False,True,2,literacy_direction_reversed|literacy_omitted,False,False,False,True,True,False,False,False,False,False
4907,5348,False,11,0,False,False,True,False,0,,False,False,False,False,False,False,False,False,False,False
4908,5349,False,11,0,False,False,True,False,0,,False,False,False,False,False,False,False,False,False,False
4909,535.1,False,11,3,False,False,False,True,3,literacy_direction_reversed|loan_burden_direction|loan_omitted,False,False,False,True,False,True,True,False,False,False
4910,535.2,False,11,0,False,False,True,False,0,,False,False,False,False,False,False,False,False,False,False
4911,535.3,False,11,2,False,False,False,True,2,loan_burden_direction|robust_p01_p99_bounds,False,False,False,False,False,True,False,True,False,False
4912,535.4,True,11,10,False,False,False,True,1,loan_burden_direction,False,False,False,False,False,True,False,False,False,False
4913,535.5,True,11,8,False,False,False,True,3,flood_binary_omitted|literacy_direction_reversed|literacy_omitted,False,True,False,True,True,False,False,False,False,False
4914,5350,True,11,9,False,False,False,True,2,literacy_direction_reversed|loan_burden_direction,False,False,False,True,False,True,False,False,False,False
4915,5351,False,11,1,False,False,False,True,1,loan_burden_direction,False,False,False,False,False,True,False,False,False,False
4916,5352,False,11,0,False,False,True,False,0,,False,False,False,False,False,False,False,False,False,False
4917,5353,True,11,10,False,False,False,True,1,loan_burden_direction,False,False,False,False,False,True,False,False,False,False
4918,5354,True,11,8,False,False,False,True,3,flood_binary_omitted|loan_burden_direction|loan_omitted,False,True,False,False,False,True,True,False,False,False
4919,5355,True,11,6,False,False,False,True,5,equal_indicator_weights|flood_binary_omitted|literacy_direction_reversed|literacy_omitted|robust_p01_p99_bounds,True,True,False,True,True,False,False,True,False,False
4920,5356,False,11,1,False,False,False,True,1,flood_binary_omitted,False,True,False,False,False,False,False,False,False,False
4921,5357,False,11,0,False,False,True,False,0,,False,False,False,False,False,False,False,False,False,False
4922,5358,False,11,0,False,False,True,False,0,,False,False,False,False,False,False,False,False,False,False
4923,5359,False,11,0,False,False,True,False,0,,False,False,False,False,False,False,False,False,False,False
4924,536,False,11,0,False,False,True,False,0,,False,False,False,False,False,False,False,False,False,False
4925,5360.1,False,11,4,False,False,False,True,4,equal_indicator_weights|flood_depth_omitted|loan_burden_direction|loan_omitted,True,False,True,False,False,True,True,False,False,False
4926,5360.2,True,11,10,False,False,False,True,1,flood_binary_omitted,False,True,False,False,False,False,False,False,False,False
4927,5361,False,11,0,False,False,True,False,0,,False,False,False,False,False,False,False,False,False,False
4928,5362,False,11,1,False,False,False,True,1,flood_binary_omitted,False,True,False,False,False,False,False,False,False,False
4929,5364,False,11,0,False,False,True,False,0,,False,False,False,False,False,False,False,False,False,False
4930,5366,True,11,10,False,False,False,True,1,literacy_direction_reversed,False,False,False,True,False,False,False,False,False,False
4931,5367,False,11,0,False,False,True,False,0,,False,False,False,False,False,False,False,False,False,False
4932,5368,False,11,0,False,False,True,False,0,,False,False,False,False,False,False,False,False,False,False
4933,5369.1,True,11,5,False,False,False,True,6,flood_depth_omitted|literacy_direction_reversed|literacy_omitted|loan_burden_direction|loan_omitted|robust_p01_p99_bounds,False,False,True,True,True,True,True,True,False,False
4934,5369.2,False,11,1,False,False,False,True,1,loan_burden_direction,False,False,False,False,False,True,False,False,False,False
4935,5370,False,11,0,False,False,True,False,0,,False,False,False,False,False,False,False,False,False,False
4936,5371,False,11,0,False,False,True,False,0,,False,False,False,False,False,False,False,False,False,False
4937,5372,False,11,0,False,False,True,False,0,,False,False,False,False,False,False,False,False,False,False
4938,5373.1,False,11,0,False,False,True,False,0,,False,False,False,False,False,False,False,False,False,False
4939,5374,False,11,0,False,False,True,False,0,,False,False,False,False,False,False,False,False,False,False
4940,5375,False,11,1,False,False,False,True,1,flood_binary_omitted,False,True,False,False,False,False,False,False,False,False
4941,5376,False,11,0,False,False,True,False,0,,False,False,False,False,False,False,False,False,False,False
4942,5377,True,11,10,False,False,False,True,1,loan_burden_direction,False,False,False,False,False,True,False,False,False,False
4943,5378,False,11,0,False,False,True,False,0,,False,False,False,False,False,False,False,False,False,False
4944,5379,False,11,0,False,False,True,False,0,,False,False,False,False,False,False,False,False,False,False
4945,538,False,11,0,False,False,True,False,0,,False,False,False,False,False,False,False,False,False,False
4946,5380,False,11,0,False,False,True,False,0,,False,False,False,False,False,False,False,False,False,False
4947,5381,True,11,7,False,False,False,True,4,flood_depth_omitted|literacy_direction_reversed|loan_burden_direction|loan_omitted,False,False,True,True,False,True,True,False,False,False
4948,5382,False,11,2,False,False,False,True,2,equal_indicator_weights|flood_binary_omitted,True,True,False,False,False,False,False,False,False,False
4949,5383,False,11,0,False,False,True,False,0,,False,False,False,False,False,False,False,False,False,False
4950,5384,False,11,0,False,False,True,False,0,,False,False,False,False,False,False,False,False,False,False
4951,5385,False,11,0,False,False,True,False,0,,False,False,False,False,False,False,False,False,False,False
4952,5386,False,11,0,False,False,True,False,0,,False,False,False,False,False,False,False,False,False,False
4953,5387,False,11,3,False,False,False,True,3,literacy_direction_reversed|loan_burden_direction|loan_omitted,False,False,False,True,False,True,True,False,False,False
4954,5388,False,11,0,False,False,True,False,0,,False,False,False,False,False,False,False,False,False,False
4955,5389,False,11,0,False,False,True,False,0,,False,False,False,False,False,False,False,False,False,False
4956,539,False,11,0,False,False,True,False,0,,False,False,False,False,False,False,False,False,False,False
4957,5390,False,11,0,False,False,True,False,0,,False,False,False,False,False,False,False,False,False,False
4958,5391,True,11,8,False,False,False,True,3,flood_binary_omitted|literacy_direction_reversed|literacy_omitted,False,True,False,True,True,False,False,False,False,False
4959,5392,False,11,1,False,False,False,True,1,flood_binary_omitted,False,True,False,False,False,False,False,False,False,False
4960,5393,False,11,0,False,False,True,False,0,,False,False,False,False,False,False,False,False,False,False
4961,5394.1,True,11,9,False,False,False,True,2,equal_indicator_weights|flood_binary_omitted,True,True,False,False,False,False,False,False,False,False
4962,5394.2,False,11,0,False,False,True,False,0,,False,False,False,False,False,False,False,False,False,False
4963,5395,False,11,0,False,False,True,False,0,,False,False,False,False,False,False,False,False,False,False
4964,5396,True,11,11,True,True,False,False,0,,False,False,False,False,False,False,False,False,False,False
4965,5398,False,11,0,False,False,True,False,0,,False,False,False,False,False,False,False,False,False,False
4966,5399,False,11,0,False,False,True,False,0,,False,False,False,False,False,False,False,False,False,False
4967,54,False,11,0,False,False,True,False,0,,False,False,False,False,False,False,False,False,False,False
4968,540,True,11,7,False,False,False,True,4,equal_indicator_weights|flood_binary_omitted|literacy_direction_reversed|literacy_omitted,True,True,False,True,True,False,False,False,False,False
4969,5400,True,11,11,True,True,False,False,0,,False,False,False,False,False,False,False,False,False,False
4970,5401,False,11,2,False,False,False,True,2,loan_burden_direction|loan_omitted,False,False,False,False,False,True,True,False,False,False
4971,5402,False,11,0,False,False,True,False,0,,False,False,False,False,False,False,False,False,False,False
4972,5403,False,11,0,False,False,True,False,0,,False,False,False,False,False,False,False,False,False,False
4973,5405,False,11,2,False,False,False,True,2,literacy_direction_reversed|loan_burden_direction,False,False,False,True,False,True,False,False,False,False
4974,5406,False,11,1,False,False,False,True,1,loan_burden_direction,False,False,False,False,False,True,False,False,False,False
4975,5407,False,11,2,False,False,False,True,2,equal_indicator_weights|flood_binary_omitted,True,True,False,False,False,False,False,False,False,False
4976,5408,True,11,10,False,False,False,True,1,literacy_direction_reversed,False,False,False,True,False,False,False,False,False,False
4977,5409,True,11,9,False,False,False,True,2,loan_burden_direction|loan_omitted,False,False,False,False,False,True,True,False,False,False
4978,541,False,11,0,False,False,True,False,0,,False,False,False,False,False,False,False,False,False,False
4979,5410,False,11,3,False,False,False,True,3,equal_indicator_weights|flood_binary_omitted|loan_burden_direction,True,True,False,False,False,True,False,False,False,False
4980,5411,True,11,11,True,True,False,False,0,,False,False,False,False,False,False,False,False,False,False
4981,5412,True,11,11,True,True,False,False,0,,False,False,False,False,False,False,False,False,False,False
4982,5413,True,11,11,True,True,False,False,0,,False,False,False,False,False,False,False,False,False,False
4983,5414,True,11,11,True,True,False,False,0,,False,False,False,False,False,False,False,False,False,False
4984,5415,True,11,9,False,False,False,True,2,loan_burden_direction|loan_omitted,False,False,False,False,False,True,True,False,False,False
4985,5416,False,11,4,False,False,False,True,4,equal_indicator_weights|flood_binary_omitted|loan_burden_direction|loan_omitted,True,True,False,False,False,True,True,False,False,False
4986,5417,True,10,10,False,True,False,False,0,,False,False,False,False,False,False,False,False,False,False
4987,5419,True,11,6,False,False,False,True,5,equal_indicator_weights|flood_binary_omitted|literacy_direction_reversed|literacy_omitted|robust_p01_p99_bounds,True,True,False,True,True,False,False,True,False,False
4988,542.1,True,11,11,True,True,False,False,0,,False,False,False,False,False,False,False,False,False,False
4989,542.2,True,11,11,True,True,False,False,0,,False,False,False,False,False,False,False,False,False,False
4990,5420,True,11,9,False,False,False,True,2,loan_burden_direction|loan_omitted,False,False,False,False,False,True,True,False,False,False
4991,5421,True,11,11,True,True,False,False,0,,False,False,False,False,False,False,False,False,False,False
4992,5422,False,11,1,False,False,False,True,1,robust_p01_p99_bounds,False,False,False,False,False,False,False,True,False,False
4993,5423,False,11,0,False,False,True,False,0,,False,False,False,False,False,False,False,False,False,False
4994,5424,True,11,9,False,False,False,True,2,equal_indicator_weights|flood_binary_omitted,True,True,False,False,False,False,False,False,False,False
4995,5425,True,11,11,True,True,False,False,0,,False,False,False,False,False,False,False,False,False,False
4996,5426,True,11,11,True,True,False,False,0,,False,False,False,False,False,False,False,False,False,False
4997,5427,False,11,3,False,False,False,True,3,literacy_direction_reversed|loan_burden_direction|loan_omitted,False,False,False,True,False,True,True,False,False,False
4998,5428,True,11,8,False,False,False,True,3,flood_depth_omitted|loan_burden_direction|loan_omitted,False,False,True,False,False,True,True,False,False,False
4999,5429,False,11,0,False,False,True,False,0,,False,False,False,False,False,False,False,False,False,False
5000,543,True,11,11,True,True,False,False,0,,False,False,False,False,False,False,False,False,False,False
5001,5430,False,11,4,False,False,False,True,4,equal_indicator_weights|flood_binary_omitted|literacy_direction_reversed|literacy_omitted,True,True,False,True,True,False,False,False,False,False
5002,5431.1.1,False,11,0,False,False,True,False,0,,False,False,False,False,False,False,False,False,False,False
5003,5431.1.2,True,11,11,True,True,False,False,0,,False,False,False,False,False,False,False,False,False,False
5004,5431.2,False,11,1,False,False,False,True,1,flood_binary_omitted,False,True,False,False,False,False,False,False,False,False
5005,5431.3,False,11,0,False,False,True,False,0,,False,False,False,False,False,False,False,False,False,False
5006,5432,False,11,0,False,False,True,False,0,,False,False,False,False,False,False,False,False,False,False
5007,5433,True,11,8,False,False,False,True,3,flood_depth_omitted|loan_burden_direction|loan_omitted,False,False,True,False,False,True,True,False,False,False
5008,5434.1,True,11,7,False,False,False,True,4,equal_indicator_weights|flood_binary_omitted|loan_burden_direction|loan_omitted,True,True,False,False,False,True,True,False,False,False
5009,5434.2,True,11,11,True,True,False,False,0,,False,False,False,False,False,False,False,False,False,False
5010,5435,True,11,11,True,True,False,False,0,,False,False,False,False,False,False,False,False,False,False
5011,5436.1,False,11,1,False,False,False,True,1,flood_binary_omitted,False,True,False,False,False,False,False,False,False,False
5012,5436.2,True,11,10,False,False,False,True,1,loan_burden_direction,False,False,False,False,False,True,False,False,False,False
5013,5437,False,11,2,False,False,False,True,2,loan_burden_direction|robust_p01_p99_bounds,False,False,False,False,False,True,False,True,False,False
5014,5438,True,11,11,True,True,False,False,0,,False,False,False,False,False,False,False,False,False,False
5015,5439,False,11,2,False,False,False,True,2,loan_burden_direction|robust_p01_p99_bounds,False,False,False,False,False,True,False,True,False,False
5016,544,False,11,5,False,False,False,True,5,equal_indicator_weights|flood_binary_omitted|loan_burden_direction|loan_omitted|robust_p01_p99_bounds,True,True,False,False,False,True,True,True,False,False
5017,5440,True,11,11,True,True,False,False,0,,False,False,False,False,False,False,False,False,False,False
5018,5441,False,11,2,False,False,False,True,2,flood_binary_omitted|loan_burden_direction,False,True,False,False,False,True,False,False,False,False
5019,5442,True,11,11,True,True,False,False,0,,False,False,False,False,False,False,False,False,False,False
5020,5443,True,11,11,True,True,False,False,0,,False,False,False,False,False,False,False,False,False,False
5021,5444,True,11,11,True,True,False,False,0,,False,False,False,False,False,False,False,False,False,False
5022,5445,True,11,11,True,True,False,False,0,,False,False,False,False,False,False,False,False,False,False
5023,5446,True,11,11,True,True,False,False,0,,False,False,False,False,False,False,False,False,False,False
5024,5447,True,11,11,True,True,False,False,0,,False,False,False,False,False,False,False,False,False,False
5025,5448,False,11,4,False,False,False,True,4,equal_indicator_weights|flood_binary_omitted|loan_burden_direction|loan_omitted,True,True,False,False,False,True,True,False,False,False
5026,5449.1,False,11,1,False,False,False,True,1,flood_binary_omitted,False,True,False,False,False,False,False,False,False,False
5027,5449.2,True,11,11,True,True,False,False,0,,False,False,False,False,False,False,False,False,False,False
5028,545,True,11,9,False,False,False,True,2,literacy_direction_reversed|loan_burden_direction,False,False,False,True,False,True,False,False,False,False
5029,5450.1,True,11,10,False,False,False,True,1,loan_burden_direction,False,False,False,False,False,True,False,False,False,False
5030,5450.2,True,11,10,False,False,False,True,1,literacy_direction_reversed,False,False,False,True,False,False,False,False,False,False
5031,5450.3,False,11,0,False,False,True,False,0,,False,False,False,False,False,False,False,False,False,False
5032,5451,True,11,9,False,False,False,True,2,equal_indicator_weights|flood_depth_omitted,True,False,True,False,False,False,False,False,False,False
5033,5452.1,True,11,10,False,False,False,True,1,loan_burden_direction,False,False,False,False,False,True,False,False,False,False
5034,5452.2,True,11,9,False,False,False,True,2,equal_indicator_weights|flood_binary_omitted,True,True,False,False,False,False,False,False,False,False
5035,5453,True,11,9,False,False,False,True,2,literacy_direction_reversed|literacy_omitted,False,False,False,True,True,False,False,False,False,False
5036,5454,False,11,4,False,False,False,True,4,equal_indicator_weights|flood_binary_omitted|loan_burden_direction|loan_omitted,True,True,False,False,False,True,True,False,False,False
5037,5455,True,11,11,True,True,False,False,0,,False,False,False,False,False,False,False,False,False,False
5038,5456,True,11,7,False,False,False,True,4,literacy_direction_reversed|literacy_omitted|loan_burden_direction|robust_p01_p99_bounds,False,False,False,True,True,True,False,True,False,False
5039,5457,True,10,9,False,False,False,True,1,zero_meals_as_missing,False,False,False,False,False,False,False,False,False,True
5040,5458,True,11,11,True,True,False,False,0,,False,False,False,False,False,False,False,False,False,False
5041,5459,False,11,3,False,False,False,True,3,literacy_direction_reversed|loan_burden_direction|robust_p01_p99_bounds,False,False,False,True,False,True,False,True,False,False
5042,546,True,11,11,True,True,False,False,0,,False,False,False,False,False,False,False,False,False,False
5043,5460,True,11,10,False,False,False,True,1,loan_burden_direction,False,False,False,False,False,True,False,False,False,False
5044,5461,True,11,11,True,True,False,False,0,,False,False,False,False,False,False,False,False,False,False
5045,5462,True,11,11,True,True,False,False,0,,False,False,False,False,False,False,False,False,False,False
5046,5463.1,True,11,9,False,False,False,True,2,equal_indicator_weights|flood_binary_omitted,True,True,False,False,False,False,False,False,False,False
5047,5463.2,True,11,11,True,True,False,False,0,,False,False,False,False,False,False,False,False,False,False
5048,5463.3,True,11,11,True,True,False,False,0,,False,False,False,False,False,False,False,False,False,False
5049,5464,False,11,3,False,False,False,True,3,loan_burden_direction|loan_omitted|robust_p01_p99_bounds,False,False,False,False,False,True,True,True,False,False
5050,5465.1,True,11,11,True,True,False,False,0,,False,False,False,False,False,False,False,False,False,False
5051,5465.2,True,11,11,True,True,False,False,0,,False,False,False,False,False,False,False,False,False,False
5052,5466,True,11,11,True,True,False,False,0,,False,False,False,False,False,False,False,False,False,False
5053,5467,True,11,11,True,True,False,False,0,,False,False,False,False,False,False,False,False,False,False
5054,5468,True,11,10,False,False,False,True,1,literacy_direction_reversed,False,False,False,True,False,False,False,False,False,False
5055,5469,False,11,4,False,False,False,True,4,equal_indicator_weights|flood_binary_omitted|loan_burden_direction|loan_omitted,True,True,False,False,False,True,True,False,False,False
5056,547,False,11,4,False,False,False,True,4,flood_depth_omitted|loan_burden_direction|loan_omitted|robust_p01_p99_bounds,False,False,True,False,False,True,True,True,False,False
5057,5470.1,True,11,11,True,True,False,False,0,,False,False,False,False,False,False,False,False,False,False
5058,5470.2,False,11,2,False,False,False,True,2,loan_burden_direction|robust_p01_p99_bounds,False,False,False,False,False,True,False,True,False,False
5059,5471,False,11,1,False,False,False,True,1,flood_binary_omitted,False,True,False,False,False,False,False,False,False,False
5060,5472,False,11,0,False,False,True,False,0,,False,False,False,False,False,False,False,False,False,False
5061,5473,True,11,8,False,False,False,True,3,literacy_direction_reversed|loan_burden_direction|loan_omitted,False,False,False,True,False,True,True,False,False,False
5062,5474,False,11,2,False,False,False,True,2,equal_indicator_weights|flood_binary_omitted,True,True,False,False,False,False,False,False,False,False
5063,5475,False,11,0,False,False,True,False,0,,False,False,False,False,False,False,False,False,False,False
5064,5476.1,True,11,11,True,True,False,False,0,,False,False,False,False,False,False,False,False,False,False
5065,5476.2,False,11,1,False,False,False,True,1,flood_binary_omitted,False,True,False,False,False,False,False,False,False,False
5066,5477,False,11,0,False,False,True,False,0,,False,False,False,False,False,False,False,False,False,False
5067,5478,False,11,1,False,False,False,True,1,flood_binary_omitted,False,True,False,False,False,False,False,False,False,False
5068,5479,False,11,0,False,False,True,False,0,,False,False,False,False,False,False,False,False,False,False
5069,5480,False,11,4,False,False,False,True,4,equal_indicator_weights|flood_binary_omitted|loan_burden_direction|loan_omitted,True,True,False,False,False,True,True,False,False,False
5070,5481,True,11,11,True,True,False,False,0,,False,False,False,False,False,False,False,False,False,False
5071,5482,True,11,7,False,False,False,True,4,equal_indicator_weights|flood_binary_omitted|literacy_direction_reversed|literacy_omitted,True,True,False,True,True,False,False,False,False,False
5072,5483,True,11,11,True,True,False,False,0,,False,False,False,False,False,False,False,False,False,False
5073,5484,True,11,11,True,True,False,False,0,,False,False,False,False,False,False,False,False,False,False
5074,5485,True,11,8,False,False,False,True,3,literacy_direction_reversed|loan_burden_direction|loan_omitted,False,False,False,True,False,True,True,False,False,False
5075,5486,True,11,11,True,True,False,False,0,,False,False,False,False,False,False,False,False,False,False
5076,5487.1,True,11,11,True,True,False,False,0,,False,False,False,False,False,False,False,False,False,False
5077,5487.2,True,11,11,True,True,False,False,0,,False,False,False,False,False,False,False,False,False,False
5078,5488,True,11,6,False,False,False,True,5,equal_indicator_weights|flood_binary_omitted|flood_depth_omitted|literacy_direction_reversed|literacy_omitted,True,True,True,True,True,False,False,False,False,False
5079,5489,False,11,1,False,False,False,True,1,flood_binary_omitted,False,True,False,False,False,False,False,False,False,False
5080,549,True,11,10,False,False,False,True,1,equal_indicator_weights,True,False,False,False,False,False,False,False,False,False
5081,5490,True,11,11,True,True,False,False,0,,False,False,False,False,False,False,False,False,False,False
5082,5491.1,True,11,11,True,True,False,False,0,,False,False,False,False,False,False,False,False,False,False
5083,5492,True,11,11,True,True,False,False,0,,False,False,False,False,False,False,False,False,False,False
5084,5493,True,11,9,False,False,False,True,2,equal_indicator_weights|flood_depth_omitted,True,False,True,False,False,False,False,False,False,False
5085,5494,True,11,11,True,True,False,False,0,,False,False,False,False,False,False,False,False,False,False
5086,5495,True,11,11,True,True,False,False,0,,False,False,False,False,False,False,False,False,False,False
5087,5496,True,11,11,True,True,False,False,0,,False,False,False,False,False,False,False,False,False,False
5088,5497,True,11,11,True,True,False,False,0,,False,False,False,False,False,False,False,False,False,False
5089,5498,True,11,11,True,True,False,False,0,,False,False,False,False,False,False,False,False,False,False
5090,5499,True,11,8,False,False,False,True,3,literacy_direction_reversed|literacy_omitted|loan_burden_direction,False,False,False,True,True,True,False,False,False,False
5091,5500,True,11,11,True,True,False,False,0,,False,False,False,False,False,False,False,False,False,False
5092,551,True,11,11,True,True,False,False,0,,False,False,False,False,False,False,False,False,False,False
5093,552,True,11,7,False,False,False,True,4,equal_indicator_weights|flood_binary_omitted|flood_depth_omitted|literacy_omitted,True,True,True,False,True,False,False,False,False,False
5094,553,False,11,0,False,False,True,False,0,,False,False,False,False,False,False,False,False,False,False
5095,554,False,11,4,False,False,False,True,4,flood_binary_omitted|loan_burden_direction|loan_omitted|robust_p01_p99_bounds,False,True,False,False,False,True,True,True,False,False
5096,555,False,11,0,False,False,True,False,0,,False,False,False,False,False,False,False,False,False,False
5097,556,False,11,0,False,False,True,False,0,,False,False,False,False,False,False,False,False,False,False
5098,557,False,11,0,False,False,True,False,0,,False,False,False,False,False,False,False,False,False,False
5099,558,False,11,0,False,False,True,False,0,,False,False,False,False,False,False,False,False,False,False
5100,559,False,11,0,False,False,True,False,0,,False,False,False,False,False,False,False,False,False,False
5101,56,True,11,10,False,False,False,True,1,equal_indicator_weights,True,False,False,False,False,False,False,False,False,False
5102,560,True,11,10,False,False,False,True,1,equal_indicator_weights,True,False,False,False,False,False,False,False,False,False
5103,561,True,11,11,True,True,False,False,0,,False,False,False,False,False,False,False,False,False,False
5104,562,False,11,5,False,False,False,True,5,equal_indicator_weights|flood_binary_omitted|loan_burden_direction|loan_omitted|robust_p01_p99_bounds,True,True,False,False,False,True,True,True,False,False
5105,563,True,11,9,False,False,False,True,2,flood_binary_omitted|robust_p01_p99_bounds,False,True,False,False,False,False,False,True,False,False
5106,564,False,11,0,False,False,True,False,0,,False,False,False,False,False,False,False,False,False,False
5107,565,True,11,11,True,True,False,False,0,,False,False,False,False,False,False,False,False,False,False
5108,567,False,11,2,False,False,False,True,2,literacy_direction_reversed|loan_burden_direction,False,False,False,True,False,True,False,False,False,False
5109,569,False,11,1,False,False,False,True,1,loan_burden_direction,False,False,False,False,False,True,False,False,False,False
5110,570,True,11,11,True,True,False,False,0,,False,False,False,False,False,False,False,False,False,False
5111,571,False,11,1,False,False,False,True,1,flood_binary_omitted,False,True,False,False,False,False,False,False,False,False
5112,572,True,11,11,True,True,False,False,0,,False,False,False,False,False,False,False,False,False,False
5113,573,True,11,8,False,False,False,True,3,equal_indicator_weights|literacy_direction_reversed|literacy_omitted,True,False,False,True,True,False,False,False,False,False
5114,574,True,11,10,False,False,False,True,1,loan_burden_direction,False,False,False,False,False,True,False,False,False,False
5115,575,True,11,11,True,True,False,False,0,,False,False,False,False,False,False,False,False,False,False
5116,576,True,11,8,False,False,False,True,3,equal_indicator_weights|loan_burden_direction|loan_omitted,True,False,False,False,False,True,True,False,False,False
5117,577,True,11,11,True,True,False,False,0,,False,False,False,False,False,False,False,False,False,False
5118,578,True,11,11,True,True,False,False,0,,False,False,False,False,False,False,False,False,False,False
5119,579,True,11,11,True,True,False,False,0,,False,False,False,False,False,False,False,False,False,False
5120,58,True,11,10,False,False,False,True,1,equal_indicator_weights,True,False,False,False,False,False,False,False,False,False
5121,580,False,11,2,False,False,False,True,2,loan_burden_direction|robust_p01_p99_bounds,False,False,False,False,False,True,False,True,False,False
5122,581.1.1,False,11,0,False,False,True,False,0,,False,False,False,False,False,False,False,False,False,False
5123,581.1.2,True,11,10,False,False,False,True,1,equal_indicator_weights,True,False,False,False,False,False,False,False,False,False
5124,581.2,True,11,11,True,True,False,False,0,,False,False,False,False,False,False,False,False,False,False
5125,581.3,True,11,9,False,False,False,True,2,loan_burden_direction|loan_omitted,False,False,False,False,False,True,True,False,False,False
5126,582.1,True,11,11,True,True,False,False,0,,False,False,False,False,False,False,False,False,False,False
5127,582.2,False,11,3,False,False,False,True,3,literacy_direction_reversed|loan_burden_direction|robust_p01_p99_bounds,False,False,False,True,False,True,False,True,False,False
5128,583.1,False,11,1,False,False,False,True,1,flood_binary_omitted,False,True,False,False,False,False,False,False,False,False
5129,583.2,True,11,11,True,True,False,False,0,,False,False,False,False,False,False,False,False,False,False
5130,584,True,11,11,True,True,False,False,0,,False,False,False,False,False,False,False,False,False,False
5131,585,True,11,11,True,True,False,False,0,,False,False,False,False,False,False,False,False,False,False
5132,586,False,11,6,False,False,False,True,6,flood_depth_omitted|literacy_direction_reversed|literacy_omitted|loan_burden_direction|loan_omitted|robust_p01_p99_bounds,False,False,True,True,True,True,True,True,False,False
5133,587,False,11,0,False,False,True,False,0,,False,False,False,False,False,False,False,False,False,False
5134,588,True,11,11,True,True,False,False,0,,False,False,False,False,False,False,False,False,False,False
5135,589,True,11,9,False,False,False,True,2,equal_indicator_weights|flood_binary_omitted,True,True,False,False,False,False,False,False,False,False
5136,590,True,11,11,True,True,False,False,0,,False,False,False,False,False,False,False,False,False,False
5137,591,True,11,11,True,True,False,False,0,,False,False,False,False,False,False,False,False,False,False
5138,592,True,11,9,False,False,False,True,2,equal_indicator_weights|flood_depth_omitted,True,False,True,False,False,False,False,False,False,False
5139,593,True,11,11,True,True,False,False,0,,False,False,False,False,False,False,False,False,False,False
5140,594,True,11,11,True,True,False,False,0,,False,False,False,False,False,False,False,False,False,False
5141,595.1,True,11,11,True,True,False,False,0,,False,False,False,False,False,False,False,False,False,False
5142,595.2,False,11,1,False,False,False,True,1,flood_binary_omitted,False,True,False,False,False,False,False,False,False,False
5143,596,True,11,10,False,False,False,True,1,loan_burden_direction,False,False,False,False,False,True,False,False,False,False
5144,597.1,False,11,0,False,False,True,False,0,,False,False,False,False,False,False,False,False,False,False
5145,597.2,True,11,11,True,True,False,False,0,,False,False,False,False,False,False,False,False,False,False
5146,598,True,11,10,False,False,False,True,1,loan_burden_direction,False,False,False,False,False,True,False,False,False,False
5147,599.1,False,11,0,False,False,True,False,0,,False,False,False,False,False,False,False,False,False,False
5148,599.2,False,11,0,False,False,True,False,0,,False,False,False,False,False,False,False,False,False,False
5149,6,True,11,10,False,False,False,True,1,loan_burden_direction,False,False,False,False,False,True,False,False,False,False
5150,60,False,11,0,False,False,True,False,0,,False,False,False,False,False,False,False,False,False,False
5151,600,True,11,9,False,False,False,True,2,equal_indicator_weights|flood_depth_omitted,True,False,True,False,False,False,False,False,False,False
5152,602,True,11,11,True,True,False,False,0,,False,False,False,False,False,False,False,False,False,False
5153,603,True,11,11,True,True,False,False,0,,False,False,False,False,False,False,False,False,False,False
5154,604,True,11,7,False,False,False,True,4,literacy_direction_reversed|literacy_omitted|loan_burden_direction|robust_p01_p99_bounds,False,False,False,True,True,True,False,True,False,False
5155,605.2,False,11,1,False,False,False,True,1,flood_binary_omitted,False,True,False,False,False,False,False,False,False,False
5156,606,True,11,10,False,False,False,True,1,literacy_direction_reversed,False,False,False,True,False,False,False,False,False,False
5157,607,False,11,0,False,False,True,False,0,,False,False,False,False,False,False,False,False,False,False
5158,608,True,11,7,False,False,False,True,4,literacy_direction_reversed|loan_burden_direction|loan_omitted|robust_p01_p99_bounds,False,False,False,True,False,True,True,True,False,False
5159,609,False,11,2,False,False,False,True,2,loan_burden_direction|robust_p01_p99_bounds,False,False,False,False,False,True,False,True,False,False
5160,61,True,11,10,False,False,False,True,1,loan_burden_direction,False,False,False,False,False,True,False,False,False,False
5161,610,True,11,11,True,True,False,False,0,,False,False,False,False,False,False,False,False,False,False
5162,611,False,11,0,False,False,True,False,0,,False,False,False,False,False,False,False,False,False,False
5163,612,False,11,1,False,False,False,True,1,flood_binary_omitted,False,True,False,False,False,False,False,False,False,False
5164,613,False,11,1,False,False,False,True,1,flood_binary_omitted,False,True,False,False,False,False,False,False,False,False
5165,614,True,11,11,True,True,False,False,0,,False,False,False,False,False,False,False,False,False,False
5166,615,False,11,2,False,False,False,True,2,loan_burden_direction|robust_p01_p99_bounds,False,False,False,False,False,True,False,True,False,False
5167,616,True,11,10,False,False,False,True,1,loan_burden_direction,False,False,False,False,False,True,False,False,False,False
5168,617,False,11,2,False,False,False,True,2,flood_binary_omitted|loan_burden_direction,False,True,False,False,False,True,False,False,False,False
5169,618,False,11,1,False,False,False,True,1,flood_binary_omitted,False,True,False,False,False,False,False,False,False,False
5170,619,True,11,10,False,False,False,True,1,flood_binary_omitted,False,True,False,False,False,False,False,False,False,False
5171,620,False,11,4,False,False,False,True,4,equal_indicator_weights|flood_binary_omitted|loan_burden_direction|loan_omitted,True,True,False,False,False,True,True,False,False,False
5172,621,False,11,3,False,False,False,True,3,equal_indicator_weights|flood_binary_omitted|loan_burden_direction,True,True,False,False,False,True,False,False,False,False
5173,622,False,11,2,False,False,False,True,2,equal_indicator_weights|flood_binary_omitted,True,True,False,False,False,False,False,False,False,False
5174,623,True,11,10,False,False,False,True,1,loan_burden_direction,False,False,False,False,False,True,False,False,False,False
5175,624,True,10,6,False,False,False,True,4,equal_indicator_weights|flood_binary_omitted|robust_p01_p99_bounds|zero_meals_as_missing,True,True,False,False,False,False,False,True,False,True
5176,625,True,11,11,True,True,False,False,0,,False,False,False,False,False,False,False,False,False,False
5177,626.1,True,11,11,True,True,False,False,0,,False,False,False,False,False,False,False,False,False,False
5178,626.2,True,11,9,False,False,False,True,2,equal_indicator_weights|flood_binary_omitted,True,True,False,False,False,False,False,False,False,False
5179,627,False,11,4,False,False,False,True,4,equal_indicator_weights|flood_binary_omitted|literacy_direction_reversed|literacy_omitted,True,True,False,True,True,False,False,False,False,False
5180,628,False,11,0,False,False,True,False,0,,False,False,False,False,False,False,False,False,False,False
5181,629,True,11,11,True,True,False,False,0,,False,False,False,False,False,False,False,False,False,False
5182,63,False,11,0,False,False,True,False,0,,False,False,False,False,False,False,False,False,False,False
5183,630,True,11,11,True,True,False,False,0,,False,False,False,False,False,False,False,False,False,False
5184,631,False,11,1,False,False,False,True,1,flood_binary_omitted,False,True,False,False,False,False,False,False,False,False
5185,632,False,11,1,False,False,False,True,1,flood_binary_omitted,False,True,False,False,False,False,False,False,False,False
5186,633,True,11,11,True,True,False,False,0,,False,False,False,False,False,False,False,False,False,False
5187,634,True,11,7,False,False,False,True,4,literacy_direction_reversed|literacy_omitted|loan_burden_direction|robust_p01_p99_bounds,False,False,False,True,True,True,False,True,False,False
5188,635.1,True,11,11,True,True,False,False,0,,False,False,False,False,False,False,False,False,False,False
5189,635.2,True,11,9,False,False,False,True,2,equal_indicator_weights|flood_binary_omitted,True,True,False,False,False,False,False,False,False,False
5190,636,True,11,10,False,False,False,True,1,equal_indicator_weights,True,False,False,False,False,False,False,False,False,False
5191,637,False,11,1,False,False,False,True,1,flood_binary_omitted,False,True,False,False,False,False,False,False,False,False
5192,638,False,11,3,False,False,False,True,3,literacy_direction_reversed|loan_burden_direction|robust_p01_p99_bounds,False,False,False,True,False,True,False,True,False,False
5193,639,True,11,11,True,True,False,False,0,,False,False,False,False,False,False,False,False,False,False
5194,640,True,11,11,True,True,False,False,0,,False,False,False,False,False,False,False,False,False,False
5195,641,True,11,11,True,True,False,False,0,,False,False,False,False,False,False,False,False,False,False
5196,642,True,11,10,False,False,False,True,1,equal_indicator_weights,True,False,False,False,False,False,False,False,False,False
5197,643,True,11,11,True,True,False,False,0,,False,False,False,False,False,False,False,False,False,False
5198,644,False,11,4,False,False,False,True,4,flood_depth_omitted|literacy_direction_reversed|loan_burden_direction|loan_omitted,False,False,True,True,False,True,True,False,False,False
5199,645,True,11,11,True,True,False,False,0,,False,False,False,False,False,False,False,False,False,False
5200,646,True,11,10,False,False,False,True,1,equal_indicator_weights,True,False,False,False,False,False,False,False,False,False
5201,648,False,11,1,False,False,False,True,1,flood_binary_omitted,False,True,False,False,False,False,False,False,False,False
5202,650,False,11,2,False,False,False,True,2,equal_indicator_weights|flood_binary_omitted,True,True,False,False,False,False,False,False,False,False
5203,6501,True,11,9,False,False,False,True,2,equal_indicator_weights|flood_binary_omitted,True,True,False,False,False,False,False,False,False,False
5204,6502,False,11,1,False,False,False,True,1,flood_binary_omitted,False,True,False,False,False,False,False,False,False,False
5205,6503,True,11,7,False,False,False,True,4,literacy_direction_reversed|loan_burden_direction|loan_omitted|robust_p01_p99_bounds,False,False,False,True,False,True,True,True,False,False
5206,651,False,11,0,False,False,True,False,0,,False,False,False,False,False,False,False,False,False,False
5207,652,False,11,1,False,False,False,True,1,flood_binary_omitted,False,True,False,False,False,False,False,False,False,False
5208,653,False,11,0,False,False,True,False,0,,False,False,False,False,False,False,False,False,False,False
5209,654.1,False,11,1,False,False,False,True,1,flood_binary_omitted,False,True,False,False,False,False,False,False,False,False
5210,654.2,True,10,9,False,False,False,True,1,zero_meals_as_missing,False,False,False,False,False,False,False,False,False,True
5211,655.1,False,11,2,False,False,False,True,2,equal_indicator_weights|flood_binary_omitted,True,True,False,False,False,False,False,False,False,False
5212,655.2,False,11,0,False,False,True,False,0,,False,False,False,False,False,False,False,False,False,False
5213,656,True,11,11,True,True,False,False,0,,False,False,False,False,False,False,False,False,False,False
5214,657,True,11,11,True,True,False,False,0,,False,False,False,False,False,False,False,False,False,False
5215,658,True,11,11,True,True,False,False,0,,False,False,False,False,False,False,False,False,False,False
5216,659,True,11,11,True,True,False,False,0,,False,False,False,False,False,False,False,False,False,False
5217,66,True,11,11,True,True,False,False,0,,False,False,False,False,False,False,False,False,False,False
5218,660.1,True,11,10,False,False,False,True,1,equal_indicator_weights,True,False,False,False,False,False,False,False,False,False
5219,660.2,False,11,2,False,False,False,True,2,loan_burden_direction|robust_p01_p99_bounds,False,False,False,False,False,True,False,True,False,False
5220,661,True,11,10,False,False,False,True,1,equal_indicator_weights,True,False,False,False,False,False,False,False,False,False
5221,662,True,11,11,True,True,False,False,0,,False,False,False,False,False,False,False,False,False,False
5222,663,True,11,11,True,True,False,False,0,,False,False,False,False,False,False,False,False,False,False
5223,664,True,11,10,False,False,False,True,1,equal_indicator_weights,True,False,False,False,False,False,False,False,False,False
5224,665,True,11,11,True,True,False,False,0,,False,False,False,False,False,False,False,False,False,False
5225,666.1,True,11,9,False,False,False,True,2,loan_burden_direction|loan_omitted,False,False,False,False,False,True,True,False,False,False
5226,666.2,True,11,11,True,True,False,False,0,,False,False,False,False,False,False,False,False,False,False
5227,667,False,11,1,False,False,False,True,1,flood_binary_omitted,False,True,False,False,False,False,False,False,False,False
5228,668,False,11,1,False,False,False,True,1,flood_binary_omitted,False,True,False,False,False,False,False,False,False,False
5229,669,True,11,11,True,True,False,False,0,,False,False,False,False,False,False,False,False,False,False
5230,67,True,11,9,False,False,False,True,2,loan_burden_direction|loan_omitted,False,False,False,False,False,True,True,False,False,False
5231,670,True,11,11,True,True,False,False,0,,False,False,False,False,False,False,False,False,False,False
5232,671,True,11,9,False,False,False,True,2,loan_burden_direction|loan_omitted,False,False,False,False,False,True,True,False,False,False
5233,672,True,11,11,True,True,False,False,0,,False,False,False,False,False,False,False,False,False,False
5234,673,True,11,11,True,True,False,False,0,,False,False,False,False,False,False,False,False,False,False
5235,674,True,11,11,True,True,False,False,0,,False,False,False,False,False,False,False,False,False,False
5236,675,True,11,11,True,True,False,False,0,,False,False,False,False,False,False,False,False,False,False
5237,676,False,11,1,False,False,False,True,1,loan_burden_direction,False,False,False,False,False,True,False,False,False,False
5238,677.1,True,11,10,False,False,False,True,1,robust_p01_p99_bounds,False,False,False,False,False,False,False,True,False,False
5239,677.2,True,11,11,True,True,False,False,0,,False,False,False,False,False,False,False,False,False,False
5240,678,True,11,11,True,True,False,False,0,,False,False,False,False,False,False,False,False,False,False
5241,679,True,11,11,True,True,False,False,0,,False,False,False,False,False,False,False,False,False,False
5242,68,True,11,11,True,True,False,False,0,,False,False,False,False,False,False,False,False,False,False
5243,680,True,11,11,True,True,False,False,0,,False,False,False,False,False,False,False,False,False,False
5244,681,True,11,11,True,True,False,False,0,,False,False,False,False,False,False,False,False,False,False
5245,682,True,11,10,False,False,False,True,1,equal_indicator_weights,True,False,False,False,False,False,False,False,False,False
5246,683,True,11,11,True,True,False,False,0,,False,False,False,False,False,False,False,False,False,False
5247,684,True,11,10,False,False,False,True,1,loan_burden_direction,False,False,False,False,False,True,False,False,False,False
5248,685,False,11,1,False,False,False,True,1,loan_burden_direction,False,False,False,False,False,True,False,False,False,False
5249,686,True,11,11,True,True,False,False,0,,False,False,False,False,False,False,False,False,False,False
5250,687,True,11,10,False,False,False,True,1,loan_burden_direction,False,False,False,False,False,True,False,False,False,False
5251,688,True,11,11,True,True,False,False,0,,False,False,False,False,False,False,False,False,False,False
5252,689,True,11,11,True,True,False,False,0,,False,False,False,False,False,False,False,False,False,False
5253,69.1,True,11,8,False,False,False,True,3,flood_depth_omitted|literacy_direction_reversed|literacy_omitted,False,False,True,True,True,False,False,False,False,False
5254,69.2,False,11,1,False,False,False,True,1,flood_binary_omitted,False,True,False,False,False,False,False,False,False,False
5255,690,False,11,1,False,False,False,True,1,flood_binary_omitted,False,True,False,False,False,False,False,False,False,False
5256,692.1,True,11,10,False,False,False,True,1,literacy_direction_reversed,False,False,False,True,False,False,False,False,False,False
5257,692.2,True,11,6,False,False,False,True,5,flood_depth_omitted|literacy_direction_reversed|loan_burden_direction|loan_omitted|robust_p01_p99_bounds,False,False,True,True,False,True,True,True,False,False
5258,693,False,11,1,False,False,False,True,1,flood_binary_omitted,False,True,False,False,False,False,False,False,False,False
5259,694,True,11,7,False,False,False,True,4,equal_indicator_weights|flood_binary_omitted|literacy_direction_reversed|literacy_omitted,True,True,False,True,True,False,False,False,False,False
5260,695,True,11,9,False,False,False,True,2,equal_indicator_weights|flood_binary_omitted,True,True,False,False,False,False,False,False,False,False
5261,696,True,11,10,False,False,False,True,1,loan_burden_direction,False,False,False,False,False,True,False,False,False,False
5262,697,False,11,0,False,False,True,False,0,,False,False,False,False,False,False,False,False,False,False
5263,698,False,11,0,False,False,True,False,0,,False,False,False,False,False,False,False,False,False,False
5264,699,True,11,9,False,False,False,True,2,literacy_direction_reversed|literacy_omitted,False,False,False,True,True,False,False,False,False,False
5265,7,False,11,4,False,False,False,True,4,equal_indicator_weights|flood_binary_omitted|literacy_direction_reversed|literacy_omitted,True,True,False,True,True,False,False,False,False,False
5266,70,False,11,0,False,False,True,False,0,,False,False,False,False,False,False,False,False,False,False
5267,700,False,11,1,False,False,False,True,1,flood_binary_omitted,False,True,False,False,False,False,False,False,False,False
5268,701,False,11,0,False,False,True,False,0,,False,False,False,False,False,False,False,False,False,False
5269,702,False,11,0,False,False,True,False,0,,False,False,False,False,False,False,False,False,False,False
5270,703,False,11,4,False,False,False,True,4,equal_indicator_weights|flood_binary_omitted|loan_burden_direction|loan_omitted,True,True,False,False,False,True,True,False,False,False
5271,704,True,11,11,True,True,False,False,0,,False,False,False,False,False,False,False,False,False,False
5272,705,False,11,1,False,False,False,True,1,flood_binary_omitted,False,True,False,False,False,False,False,False,False,False
5273,706,False,11,0,False,False,True,False,0,,False,False,False,False,False,False,False,False,False,False
5274,707,False,11,0,False,False,True,False,0,,False,False,False,False,False,False,False,False,False,False
5275,708,False,11,1,False,False,False,True,1,flood_binary_omitted,False,True,False,False,False,False,False,False,False,False
5276,709,True,11,11,True,True,False,False,0,,False,False,False,False,False,False,False,False,False,False
5277,71,False,11,1,False,False,False,True,1,flood_binary_omitted,False,True,False,False,False,False,False,False,False,False
5278,710.1,False,11,1,False,False,False,True,1,flood_binary_omitted,False,True,False,False,False,False,False,False,False,False
5279,710.2,False,11,2,False,False,False,True,2,equal_indicator_weights|flood_binary_omitted,True,True,False,False,False,False,False,False,False,False
5280,711,True,11,11,True,True,False,False,0,,False,False,False,False,False,False,False,False,False,False
5281,712,False,11,0,False,False,True,False,0,,False,False,False,False,False,False,False,False,False,False
5282,713,False,11,1,False,False,False,True,1,flood_binary_omitted,False,True,False,False,False,False,False,False,False,False
5283,714,False,11,0,False,False,True,False,0,,False,False,False,False,False,False,False,False,False,False
5284,715,True,11,11,True,True,False,False,0,,False,False,False,False,False,False,False,False,False,False
5285,716,True,11,10,False,False,False,True,1,loan_burden_direction,False,False,False,False,False,True,False,False,False,False
5286,717,True,11,10,False,False,False,True,1,loan_burden_direction,False,False,False,False,False,True,False,False,False,False
5287,718,False,11,0,False,False,True,False,0,,False,False,False,False,False,False,False,False,False,False
5288,719,False,11,0,False,False,True,False,0,,False,False,False,False,False,False,False,False,False,False
5289,72,True,11,11,True,True,False,False,0,,False,False,False,False,False,False,False,False,False,False
5290,720,False,11,0,False,False,True,False,0,,False,False,False,False,False,False,False,False,False,False
5291,721,True,11,11,True,True,False,False,0,,False,False,False,False,False,False,False,False,False,False
5292,722,True,11,11,True,True,False,False,0,,False,False,False,False,False,False,False,False,False,False
5293,724,True,11,11,True,True,False,False,0,,False,False,False,False,False,False,False,False,False,False
5294,725.1,False,11,2,False,False,False,True,2,loan_burden_direction|robust_p01_p99_bounds,False,False,False,False,False,True,False,True,False,False
5295,725.2,False,11,0,False,False,True,False,0,,False,False,False,False,False,False,False,False,False,False
5296,726,True,11,9,False,False,False,True,2,loan_burden_direction|loan_omitted,False,False,False,False,False,True,True,False,False,False
5297,727.1,False,11,0,False,False,True,False,0,,False,False,False,False,False,False,False,False,False,False
5298,727.2,False,11,1,False,False,False,True,1,flood_binary_omitted,False,True,False,False,False,False,False,False,False,False
5299,727.3,True,11,10,False,False,False,True,1,loan_burden_direction,False,False,False,False,False,True,False,False,False,False
5300,728,True,11,10,False,False,False,True,1,loan_burden_direction,False,False,False,False,False,True,False,False,False,False
5301,729,False,11,0,False,False,True,False,0,,False,False,False,False,False,False,False,False,False,False
5302,73,True,11,11,True,True,False,False,0,,False,False,False,False,False,False,False,False,False,False
5303,730,True,11,11,True,True,False,False,0,,False,False,False,False,False,False,False,False,False,False
5304,731,True,11,11,True,True,False,False,0,,False,False,False,False,False,False,False,False,False,False
5305,732,True,11,10,False,False,False,True,1,equal_indicator_weights,True,False,False,False,False,False,False,False,False,False
5306,733,True,11,11,True,True,False,False,0,,False,False,False,False,False,False,False,False,False,False
5307,735,False,11,1,False,False,False,True,1,flood_binary_omitted,False,True,False,False,False,False,False,False,False,False
5308,736,True,11,11,True,True,False,False,0,,False,False,False,False,False,False,False,False,False,False
5309,737.1,True,10,7,False,False,False,True,3,loan_burden_direction|loan_omitted|zero_meals_as_missing,False,False,False,False,False,True,True,False,False,True
5310,737.2,True,11,8,False,False,False,True,3,flood_depth_omitted|literacy_direction_reversed|literacy_omitted,False,False,True,True,True,False,False,False,False,False
5311,738,True,11,11,True,True,False,False,0,,False,False,False,False,False,False,False,False,False,False
5312,739,True,11,11,True,True,False,False,0,,False,False,False,False,False,False,False,False,False,False
5313,74,True,11,11,True,True,False,False,0,,False,False,False,False,False,False,False,False,False,False
5314,740,False,11,1,False,False,False,True,1,flood_binary_omitted,False,True,False,False,False,False,False,False,False,False
5315,741,True,11,11,True,True,False,False,0,,False,False,False,False,False,False,False,False,False,False
5316,742,False,11,0,False,False,True,False,0,,False,False,False,False,False,False,False,False,False,False
5317,743,True,11,11,True,True,False,False,0,,False,False,False,False,False,False,False,False,False,False
5318,744,True,11,11,True,True,False,False,0,,False,False,False,False,False,False,False,False,False,False
5319,745,False,11,4,False,False,False,True,4,flood_binary_omitted|loan_burden_direction|loan_omitted|robust_p01_p99_bounds,False,True,False,False,False,True,True,True,False,False
5320,746.1,True,11,11,True,True,False,False,0,,False,False,False,False,False,False,False,False,False,False
5321,746.2,True,11,9,False,False,False,True,2,loan_burden_direction|loan_omitted,False,False,False,False,False,True,True,False,False,False
5322,747,True,11,11,True,True,False,False,0,,False,False,False,False,False,False,False,False,False,False
5323,748,False,11,3,False,False,False,True,3,flood_binary_omitted|loan_burden_direction|loan_omitted,False,True,False,False,False,True,True,False,False,False
5324,749,False,11,0,False,False,True,False,0,,False,False,False,False,False,False,False,False,False,False
5325,75,False,11,4,False,False,False,True,4,equal_indicator_weights|flood_binary_omitted|literacy_direction_reversed|literacy_omitted,True,True,False,True,True,False,False,False,False,False
5326,750,True,11,10,False,False,False,True,1,loan_burden_direction,False,False,False,False,False,True,False,False,False,False
5327,751.1,True,11,9,False,False,False,True,2,loan_burden_direction|loan_omitted,False,False,False,False,False,True,True,False,False,False
5328,751.2,False,11,0,False,False,True,False,0,,False,False,False,False,False,False,False,False,False,False
5329,752,False,11,4,False,False,False,True,4,equal_indicator_weights|flood_binary_omitted|literacy_direction_reversed|literacy_omitted,True,True,False,True,True,False,False,False,False,False
5330,753.1.1,True,11,10,False,False,False,True,1,literacy_direction_reversed,False,False,False,True,False,False,False,False,False,False
5331,753.1.2,False,11,4,False,False,False,True,4,equal_indicator_weights|flood_binary_omitted|literacy_direction_reversed|literacy_omitted,True,True,False,True,True,False,False,False,False,False
5332,753.1.3,True,11,7,False,False,False,True,4,equal_indicator_weights|flood_binary_omitted|literacy_direction_reversed|literacy_omitted,True,True,False,True,True,False,False,False,False,False
5333,753.2,False,11,1,False,False,False,True,1,flood_binary_omitted,False,True,False,False,False,False,False,False,False,False
5334,754,True,11,11,True,True,False,False,0,,False,False,False,False,False,False,False,False,False,False
5335,755,False,11,1,False,False,False,True,1,flood_binary_omitted,False,True,False,False,False,False,False,False,False,False
5336,756,False,11,0,False,False,True,False,0,,False,False,False,False,False,False,False,False,False,False
5337,757,False,11,2,False,False,False,True,2,flood_binary_omitted|loan_burden_direction,False,True,False,False,False,True,False,False,False,False
5338,758,False,11,0,False,False,True,False,0,,False,False,False,False,False,False,False,False,False,False
5339,76,False,11,0,False,False,True,False,0,,False,False,False,False,False,False,False,False,False,False
5340,760.1,False,11,4,False,False,False,True,4,equal_indicator_weights|flood_binary_omitted|literacy_direction_reversed|literacy_omitted,True,True,False,True,True,False,False,False,False,False
5341,760.2,False,11,0,False,False,True,False,0,,False,False,False,False,False,False,False,False,False,False
5342,761.1,True,11,11,True,True,False,False,0,,False,False,False,False,False,False,False,False,False,False
5343,761.2,False,11,4,False,False,False,True,4,equal_indicator_weights|flood_binary_omitted|literacy_direction_reversed|literacy_omitted,True,True,False,True,True,False,False,False,False,False
5344,762,False,11,3,False,False,False,True,3,literacy_direction_reversed|loan_burden_direction|robust_p01_p99_bounds,False,False,False,True,False,True,False,True,False,False
5345,763,False,11,1,False,False,False,True,1,flood_binary_omitted,False,True,False,False,False,False,False,False,False,False
5346,764,False,11,1,False,False,False,True,1,flood_binary_omitted,False,True,False,False,False,False,False,False,False,False
5347,765.1.1,False,11,0,False,False,True,False,0,,False,False,False,False,False,False,False,False,False,False
5348,765.1.2,False,11,0,False,False,True,False,0,,False,False,False,False,False,False,False,False,False,False
5349,765.2,True,11,11,True,True,False,False,0,,False,False,False,False,False,False,False,False,False,False
5350,766,False,11,0,False,False,True,False,0,,False,False,False,False,False,False,False,False,False,False
5351,767,False,11,2,False,False,False,True,2,flood_binary_omitted|loan_burden_direction,False,True,False,False,False,True,False,False,False,False
5352,768,False,11,0,False,False,True,False,0,,False,False,False,False,False,False,False,False,False,False
5353,769,False,11,1,False,False,False,True,1,flood_binary_omitted,False,True,False,False,False,False,False,False,False,False
5354,770,False,11,0,False,False,True,False,0,,False,False,False,False,False,False,False,False,False,False
5355,771,False,11,1,False,False,False,True,1,flood_binary_omitted,False,True,False,False,False,False,False,False,False,False
5356,772,False,11,5,False,False,False,True,5,equal_indicator_weights|flood_binary_omitted|literacy_direction_reversed|literacy_omitted|robust_p01_p99_bounds,True,True,False,True,True,False,False,True,False,False
5357,773.1,False,11,0,False,False,True,False,0,,False,False,False,False,False,False,False,False,False,False
5358,773.2,False,11,4,False,False,False,True,4,equal_indicator_weights|flood_binary_omitted|loan_burden_direction|loan_omitted,True,True,False,False,False,True,True,False,False,False
5359,774,False,11,0,False,False,True,False,0,,False,False,False,False,False,False,False,False,False,False
5360,775,False,11,4,False,False,False,True,4,equal_indicator_weights|flood_binary_omitted|loan_burden_direction|loan_omitted,True,True,False,False,False,True,True,False,False,False
5361,776,False,11,1,False,False,False,True,1,flood_binary_omitted,False,True,False,False,False,False,False,False,False,False
5362,777,False,11,1,False,False,False,True,1,flood_binary_omitted,False,True,False,False,False,False,False,False,False,False
5363,778,False,11,1,False,False,False,True,1,flood_binary_omitted,False,True,False,False,False,False,False,False,False,False
5364,779.1,False,11,0,False,False,True,False,0,,False,False,False,False,False,False,False,False,False,False
5365,779.2,False,11,1,False,False,False,True,1,flood_binary_omitted,False,True,False,False,False,False,False,False,False,False
5366,78,False,11,0,False,False,True,False,0,,False,False,False,False,False,False,False,False,False,False
5367,781,False,11,1,False,False,False,True,1,flood_binary_omitted,False,True,False,False,False,False,False,False,False,False
5368,782,False,11,2,False,False,False,True,2,equal_indicator_weights|flood_binary_omitted,True,True,False,False,False,False,False,False,False,False
5369,783,False,11,1,False,False,False,True,1,flood_binary_omitted,False,True,False,False,False,False,False,False,False,False
5370,784,False,11,1,False,False,False,True,1,flood_binary_omitted,False,True,False,False,False,False,False,False,False,False
5371,785,False,11,0,False,False,True,False,0,,False,False,False,False,False,False,False,False,False,False
5372,786,False,11,0,False,False,True,False,0,,False,False,False,False,False,False,False,False,False,False
5373,787,True,11,11,True,True,False,False,0,,False,False,False,False,False,False,False,False,False,False
5374,788,False,11,1,False,False,False,True,1,loan_burden_direction,False,False,False,False,False,True,False,False,False,False
5375,789,False,11,2,False,False,False,True,2,equal_indicator_weights|flood_binary_omitted,True,True,False,False,False,False,False,False,False,False
5376,79,False,11,0,False,False,True,False,0,,False,False,False,False,False,False,False,False,False,False
5377,790,True,11,10,False,False,False,True,1,loan_burden_direction,False,False,False,False,False,True,False,False,False,False
5378,791,True,11,10,False,False,False,True,1,flood_binary_omitted,False,True,False,False,False,False,False,False,False,False
5379,793,False,11,0,False,False,True,False,0,,False,False,False,False,False,False,False,False,False,False
5380,794,False,11,0,False,False,True,False,0,,False,False,False,False,False,False,False,False,False,False
5381,795,True,11,10,False,False,False,True,1,loan_burden_direction,False,False,False,False,False,True,False,False,False,False
5382,796,False,11,0,False,False,True,False,0,,False,False,False,False,False,False,False,False,False,False
5383,798,True,11,11,True,True,False,False,0,,False,False,False,False,False,False,False,False,False,False
5384,799,False,11,1,False,False,False,True,1,loan_burden_direction,False,False,False,False,False,True,False,False,False,False
5385,8,False,11,1,False,False,False,True,1,loan_burden_direction,False,False,False,False,False,True,False,False,False,False
5386,80,False,11,0,False,False,True,False,0,,False,False,False,False,False,False,False,False,False,False
5387,800,False,11,0,False,False,True,False,0,,False,False,False,False,False,False,False,False,False,False
5388,801,False,11,0,False,False,True,False,0,,False,False,False,False,False,False,False,False,False,False
5389,803,True,11,11,True,True,False,False,0,,False,False,False,False,False,False,False,False,False,False
5390,804,False,11,3,False,False,False,True,3,literacy_direction_reversed|loan_burden_direction|loan_omitted,False,False,False,True,False,True,True,False,False,False
5391,805.1,False,11,4,False,False,False,True,4,literacy_direction_reversed|literacy_omitted|loan_burden_direction|loan_omitted,False,False,False,True,True,True,True,False,False,False
5392,805.2,False,11,0,False,False,True,False,0,,False,False,False,False,False,False,False,False,False,False
5393,806,False,11,1,False,False,False,True,1,flood_binary_omitted,False,True,False,False,False,False,False,False,False,False
5394,807,False,11,2,False,False,False,True,2,equal_indicator_weights|flood_binary_omitted,True,True,False,False,False,False,False,False,False,False
5395,808,True,11,10,False,False,False,True,1,flood_binary_omitted,False,True,False,False,False,False,False,False,False,False
5396,809,True,11,11,True,True,False,False,0,,False,False,False,False,False,False,False,False,False,False
5397,81,False,11,2,False,False,False,True,2,equal_indicator_weights|flood_binary_omitted,True,True,False,False,False,False,False,False,False,False
5398,810,False,11,1,False,False,False,True,1,flood_binary_omitted,False,True,False,False,False,False,False,False,False,False
5399,811,False,11,0,False,False,True,False,0,,False,False,False,False,False,False,False,False,False,False
5400,812,False,11,0,False,False,True,False,0,,False,False,False,False,False,False,False,False,False,False
5401,813,False,11,0,False,False,True,False,0,,False,False,False,False,False,False,False,False,False,False
5402,814,False,11,5,False,False,False,True,5,equal_indicator_weights|flood_binary_omitted|literacy_direction_reversed|literacy_omitted|robust_p01_p99_bounds,True,True,False,True,True,False,False,True,False,False
5403,815,False,11,0,False,False,True,False,0,,False,False,False,False,False,False,False,False,False,False
5404,817,False,11,1,False,False,False,True,1,flood_binary_omitted,False,True,False,False,False,False,False,False,False,False
5405,818,True,11,5,False,False,False,True,6,flood_depth_omitted|literacy_direction_reversed|literacy_omitted|loan_burden_direction|loan_omitted|robust_p01_p99_bounds,False,False,True,True,True,True,True,True,False,False
5406,819,True,11,8,False,False,False,True,3,flood_binary_omitted|literacy_direction_reversed|literacy_omitted,False,True,False,True,True,False,False,False,False,False
5407,82,True,11,11,True,True,False,False,0,,False,False,False,False,False,False,False,False,False,False
5408,820.1,False,11,0,False,False,True,False,0,,False,False,False,False,False,False,False,False,False,False
5409,820.2,False,11,0,False,False,True,False,0,,False,False,False,False,False,False,False,False,False,False
5410,821,False,11,0,False,False,True,False,0,,False,False,False,False,False,False,False,False,False,False
5411,822,False,11,1,False,False,False,True,1,flood_binary_omitted,False,True,False,False,False,False,False,False,False,False
5412,823.1,True,11,11,True,True,False,False,0,,False,False,False,False,False,False,False,False,False,False
5413,823.2,False,11,5,False,False,False,True,5,flood_depth_omitted|literacy_direction_reversed|literacy_omitted|loan_burden_direction|loan_omitted,False,False,True,True,True,True,True,False,False,False
5414,824,False,11,0,False,False,True,False,0,,False,False,False,False,False,False,False,False,False,False
5415,825.1,True,11,10,False,False,False,True,1,loan_burden_direction,False,False,False,False,False,True,False,False,False,False
5416,825.2,True,11,10,False,False,False,True,1,loan_burden_direction,False,False,False,False,False,True,False,False,False,False
5417,826,True,11,8,False,False,False,True,3,flood_binary_omitted|loan_burden_direction|loan_omitted,False,True,False,False,False,True,True,False,False,False
5418,827,False,11,0,False,False,True,False,0,,False,False,False,False,False,False,False,False,False,False
5419,828,True,11,10,False,False,False,True,1,literacy_direction_reversed,False,False,False,True,False,False,False,False,False,False
5420,829,False,11,0,False,False,True,False,0,,False,False,False,False,False,False,False,False,False,False
5421,83,False,11,0,False,False,True,False,0,,False,False,False,False,False,False,False,False,False,False
5422,830,False,11,6,False,False,False,True,6,flood_depth_omitted|literacy_direction_reversed|literacy_omitted|loan_burden_direction|loan_omitted|robust_p01_p99_bounds,False,False,True,True,True,True,True,True,False,False
5423,831,True,11,11,True,True,False,False,0,,False,False,False,False,False,False,False,False,False,False
5424,832,False,11,0,False,False,True,False,0,,False,False,False,False,False,False,False,False,False,False
5425,833,False,11,0,False,False,True,False,0,,False,False,False,False,False,False,False,False,False,False
5426,836,True,11,9,False,False,False,True,2,equal_indicator_weights|flood_binary_omitted,True,True,False,False,False,False,False,False,False,False
5427,837,True,11,10,False,False,False,True,1,flood_binary_omitted,False,True,False,False,False,False,False,False,False,False
5428,838,True,11,10,False,False,False,True,1,flood_binary_omitted,False,True,False,False,False,False,False,False,False,False
5429,839.1,False,11,0,False,False,True,False,0,,False,False,False,False,False,False,False,False,False,False
5430,839.2,False,11,0,False,False,True,False,0,,False,False,False,False,False,False,False,False,False,False
5431,84,True,11,9,False,False,False,True,2,equal_indicator_weights|flood_binary_omitted,True,True,False,False,False,False,False,False,False,False
5432,840,True,11,9,False,False,False,True,2,flood_binary_omitted|literacy_direction_reversed,False,True,False,True,False,False,False,False,False,False
5433,841,True,11,11,True,True,False,False,0,,False,False,False,False,False,False,False,False,False,False
5434,842,True,11,10,False,False,False,True,1,literacy_direction_reversed,False,False,False,True,False,False,False,False,False,False
5435,843,False,11,1,False,False,False,True,1,flood_binary_omitted,False,True,False,False,False,False,False,False,False,False
5436,844,True,11,9,False,False,False,True,2,flood_binary_omitted|literacy_direction_reversed,False,True,False,True,False,False,False,False,False,False
5437,845.1,False,11,0,False,False,True,False,0,,False,False,False,False,False,False,False,False,False,False
5438,845.2,True,11,11,True,True,False,False,0,,False,False,False,False,False,False,False,False,False,False
5439,846,True,11,10,False,False,False,True,1,loan_burden_direction,False,False,False,False,False,True,False,False,False,False
5440,847,True,11,8,False,False,False,True,3,flood_binary_omitted|loan_burden_direction|loan_omitted,False,True,False,False,False,True,True,False,False,False
5441,848,True,11,11,True,True,False,False,0,,False,False,False,False,False,False,False,False,False,False
5442,849,False,11,0,False,False,True,False,0,,False,False,False,False,False,False,False,False,False,False
5443,85,True,11,11,True,True,False,False,0,,False,False,False,False,False,False,False,False,False,False
5444,850,True,11,11,True,True,False,False,0,,False,False,False,False,False,False,False,False,False,False
5445,851,False,11,0,False,False,True,False,0,,False,False,False,False,False,False,False,False,False,False
5446,852,True,11,7,False,False,False,True,4,flood_binary_omitted|loan_burden_direction|loan_omitted|robust_p01_p99_bounds,False,True,False,False,False,True,True,True,False,False
5447,853,True,11,10,False,False,False,True,1,loan_burden_direction,False,False,False,False,False,True,False,False,False,False
5448,854,True,11,11,True,True,False,False,0,,False,False,False,False,False,False,False,False,False,False
5449,855,True,11,8,False,False,False,True,3,equal_indicator_weights|flood_binary_omitted|flood_depth_omitted,True,True,True,False,False,False,False,False,False,False
5450,856,False,11,0,False,False,True,False,0,,False,False,False,False,False,False,False,False,False,False
5451,857,False,11,0,False,False,True,False,0,,False,False,False,False,False,False,False,False,False,False
5452,858,False,11,0,False,False,True,False,0,,False,False,False,False,False,False,False,False,False,False
5453,859,False,11,0,False,False,True,False,0,,False,False,False,False,False,False,False,False,False,False
5454,86,False,11,0,False,False,True,False,0,,False,False,False,False,False,False,False,False,False,False
5455,860.1,True,11,9,False,False,False,True,2,equal_indicator_weights|flood_binary_omitted,True,True,False,False,False,False,False,False,False,False
5456,860.2,False,11,0,False,False,True,False,0,,False,False,False,False,False,False,False,False,False,False
5457,861,False,11,0,False,False,True,False,0,,False,False,False,False,False,False,False,False,False,False
5458,862,False,11,0,False,False,True,False,0,,False,False,False,False,False,False,False,False,False,False
5459,863,False,11,0,False,False,True,False,0,,False,False,False,False,False,False,False,False,False,False
5460,864,False,11,3,False,False,False,True,3,literacy_direction_reversed|loan_burden_direction|loan_omitted,False,False,False,True,False,True,True,False,False,False
5461,865,False,11,0,False,False,True,False,0,,False,False,False,False,False,False,False,False,False,False
5462,867,True,11,9,False,False,False,True,2,loan_burden_direction|loan_omitted,False,False,False,False,False,True,True,False,False,False
5463,868,False,11,0,False,False,True,False,0,,False,False,False,False,False,False,False,False,False,False
5464,869,False,11,0,False,False,True,False,0,,False,False,False,False,False,False,False,False,False,False
5465,87,True,11,5,False,False,False,True,6,flood_depth_omitted|literacy_direction_reversed|literacy_omitted|loan_burden_direction|loan_omitted|robust_p01_p99_bounds,False,False,True,True,True,True,True,True,False,False
5466,870,False,11,1,False,False,False,True,1,flood_binary_omitted,False,True,False,False,False,False,False,False,False,False
5467,871,False,11,0,False,False,True,False,0,,False,False,False,False,False,False,False,False,False,False
5468,872,False,11,0,False,False,True,False,0,,False,False,False,False,False,False,False,False,False,False
5469,873,False,11,2,False,False,False,True,2,literacy_direction_reversed|loan_burden_direction,False,False,False,True,False,True,False,False,False,False
5470,874,True,11,9,False,False,False,True,2,equal_indicator_weights|flood_binary_omitted,True,True,False,False,False,False,False,False,False,False
5471,875,False,11,1,False,False,False,True,1,loan_burden_direction,False,False,False,False,False,True,False,False,False,False
5472,876,True,11,8,False,False,False,True,3,equal_indicator_weights|flood_binary_omitted|robust_p01_p99_bounds,True,True,False,False,False,False,False,True,False,False
5473,877,True,11,7,False,False,False,True,4,equal_indicator_weights|flood_binary_omitted|literacy_direction_reversed|literacy_omitted,True,True,False,True,True,False,False,False,False,False
5474,878,False,11,0,False,False,True,False,0,,False,False,False,False,False,False,False,False,False,False
5475,879,True,11,11,True,True,False,False,0,,False,False,False,False,False,False,False,False,False,False
5476,880,False,11,2,False,False,False,True,2,equal_indicator_weights|flood_binary_omitted,True,True,False,False,False,False,False,False,False,False
5477,881,True,11,9,False,False,False,True,2,flood_binary_omitted|robust_p01_p99_bounds,False,True,False,False,False,False,False,True,False,False
5478,882.1,False,11,0,False,False,True,False,0,,False,False,False,False,False,False,False,False,False,False
5479,882.2,False,11,0,False,False,True,False,0,,False,False,False,False,False,False,False,False,False,False
5480,882.3,False,11,0,False,False,True,False,0,,False,False,False,False,False,False,False,False,False,False
5481,883,True,11,10,False,False,False,True,1,flood_binary_omitted,False,True,False,False,False,False,False,False,False,False
5482,884,False,11,0,False,False,True,False,0,,False,False,False,False,False,False,False,False,False,False
5483,886,False,11,0,False,False,True,False,0,,False,False,False,False,False,False,False,False,False,False
5484,887,False,11,0,False,False,True,False,0,,False,False,False,False,False,False,False,False,False,False
5485,888,False,11,3,False,False,False,True,3,flood_depth_omitted|literacy_direction_reversed|literacy_omitted,False,False,True,True,True,False,False,False,False,False
5486,889,False,11,6,False,False,False,True,6,flood_depth_omitted|literacy_direction_reversed|literacy_omitted|loan_burden_direction|loan_omitted|robust_p01_p99_bounds,False,False,True,True,True,True,True,True,False,False
5487,890,False,11,0,False,False,True,False,0,,False,False,False,False,False,False,False,False,False,False
5488,891,True,11,8,False,False,False,True,3,flood_binary_omitted|loan_burden_direction|loan_omitted,False,True,False,False,False,True,True,False,False,False
5489,892,False,11,1,False,False,False,True,1,loan_burden_direction,False,False,False,False,False,True,False,False,False,False
5490,893,True,11,11,True,True,False,False,0,,False,False,False,False,False,False,False,False,False,False
5491,894,False,11,0,False,False,True,False,0,,False,False,False,False,False,False,False,False,False,False
5492,895,False,11,0,False,False,True,False,0,,False,False,False,False,False,False,False,False,False,False
5493,896.1.1,True,11,10,False,False,False,True,1,loan_burden_direction,False,False,False,False,False,True,False,False,False,False
5494,896.1.2,False,11,1,False,False,False,True,1,loan_burden_direction,False,False,False,False,False,True,False,False,False,False
5495,896.2,False,11,0,False,False,True,False,0,,False,False,False,False,False,False,False,False,False,False
5496,897,False,11,0,False,False,True,False,0,,False,False,False,False,False,False,False,False,False,False
5497,898,False,11,0,False,False,True,False,0,,False,False,False,False,False,False,False,False,False,False
5498,899,False,11,0,False,False,True,False,0,,False,False,False,False,False,False,False,False,False,False
5499,9,False,11,0,False,False,True,False,0,,False,False,False,False,False,False,False,False,False,False
5500,90,True,11,11,True,True,False,False,0,,False,False,False,False,False,False,False,False,False,False
5501,900,False,11,2,False,False,False,True,2,equal_indicator_weights|flood_binary_omitted,True,True,False,False,False,False,False,False,False,False
5502,901,False,11,0,False,False,True,False,0,,False,False,False,False,False,False,False,False,False,False
5503,902,True,11,10,False,False,False,True,1,loan_burden_direction,False,False,False,False,False,True,False,False,False,False
5504,903,False,11,0,False,False,True,False,0,,False,False,False,False,False,False,False,False,False,False
5505,904,True,11,9,False,False,False,True,2,equal_indicator_weights|flood_binary_omitted,True,True,False,False,False,False,False,False,False,False
5506,906,True,11,11,True,True,False,False,0,,False,False,False,False,False,False,False,False,False,False
5507,907,True,11,7,False,False,False,True,4,flood_binary_omitted|literacy_direction_reversed|literacy_omitted|robust_p01_p99_bounds,False,True,False,True,True,False,False,True,False,False
5508,909,False,11,0,False,False,True,False,0,,False,False,False,False,False,False,False,False,False,False
5509,91,True,11,10,False,False,False,True,1,flood_binary_omitted,False,True,False,False,False,False,False,False,False,False
5510,910,False,11,5,False,False,False,True,5,flood_depth_omitted|literacy_direction_reversed|literacy_omitted|loan_burden_direction|loan_omitted,False,False,True,True,True,True,True,False,False,False
5511,911,False,11,0,False,False,True,False,0,,False,False,False,False,False,False,False,False,False,False
5512,912,True,11,9,False,False,False,True,2,flood_binary_omitted|literacy_direction_reversed,False,True,False,True,False,False,False,False,False,False
5513,913,False,11,0,False,False,True,False,0,,False,False,False,False,False,False,False,False,False,False
5514,914,False,11,0,False,False,True,False,0,,False,False,False,False,False,False,False,False,False,False
5515,915.1,False,11,0,False,False,True,False,0,,False,False,False,False,False,False,False,False,False,False
5516,915.2,False,11,2,False,False,False,True,2,loan_burden_direction|loan_omitted,False,False,False,False,False,True,True,False,False,False
5517,916,True,11,7,False,False,False,True,4,flood_binary_omitted|literacy_direction_reversed|literacy_omitted|robust_p01_p99_bounds,False,True,False,True,True,False,False,True,False,False
5518,917,True,11,10,False,False,False,True,1,flood_binary_omitted,False,True,False,False,False,False,False,False,False,False
5519,918,False,11,0,False,False,True,False,0,,False,False,False,False,False,False,False,False,False,False
5520,919,False,11,0,False,False,True,False,0,,False,False,False,False,False,False,False,False,False,False
5521,92,False,11,1,False,False,False,True,1,flood_binary_omitted,False,True,False,False,False,False,False,False,False,False
5522,920,False,11,0,False,False,True,False,0,,False,False,False,False,False,False,False,False,False,False
5523,921,False,11,1,False,False,False,True,1,loan_burden_direction,False,False,False,False,False,True,False,False,False,False
5524,922,False,11,0,False,False,True,False,0,,False,False,False,False,False,False,False,False,False,False
5525,923,True,11,7,False,False,False,True,4,flood_binary_omitted|loan_burden_direction|loan_omitted|robust_p01_p99_bounds,False,True,False,False,False,True,True,True,False,False
5526,924,False,11,0,False,False,True,False,0,,False,False,False,False,False,False,False,False,False,False
5527,925,False,11,0,False,False,True,False,0,,False,False,False,False,False,False,False,False,False,False
5528,926,False,11,1,False,False,False,True,1,loan_burden_direction,False,False,False,False,False,True,False,False,False,False
5529,927,False,11,0,False,False,True,False,0,,False,False,False,False,False,False,False,False,False,False
5530,928,False,11,4,False,False,False,True,4,literacy_direction_reversed|literacy_omitted|loan_burden_direction|loan_omitted,False,False,False,True,True,True,True,False,False,False
5531,929,False,11,1,False,False,False,True,1,loan_burden_direction,False,False,False,False,False,True,False,False,False,False
5532,93.1,False,11,0,False,False,True,False,0,,False,False,False,False,False,False,False,False,False,False
5533,93.2,False,11,0,False,False,True,False,0,,False,False,False,False,False,False,False,False,False,False
5534,930,False,11,0,False,False,True,False,0,,False,False,False,False,False,False,False,False,False,False
5535,931,False,11,0,False,False,True,False,0,,False,False,False,False,False,False,False,False,False,False
5536,932,False,11,1,False,False,False,True,1,flood_binary_omitted,False,True,False,False,False,False,False,False,False,False
5537,933,False,11,2,False,False,False,True,2,equal_indicator_weights|flood_binary_omitted,True,True,False,False,False,False,False,False,False,False
5538,934,False,11,0,False,False,True,False,0,,False,False,False,False,False,False,False,False,False,False
5539,935,False,11,0,False,False,True,False,0,,False,False,False,False,False,False,False,False,False,False
5540,936,False,11,0,False,False,True,False,0,,False,False,False,False,False,False,False,False,False,False
5541,937,False,11,0,False,False,True,False,0,,False,False,False,False,False,False,False,False,False,False
5542,938,True,11,5,False,False,False,True,6,flood_depth_omitted|literacy_direction_reversed|literacy_omitted|loan_burden_direction|loan_omitted|robust_p01_p99_bounds,False,False,True,True,True,True,True,True,False,False
5543,94,False,11,0,False,False,True,False,0,,False,False,False,False,False,False,False,False,False,False
5544,940,False,11,0,False,False,True,False,0,,False,False,False,False,False,False,False,False,False,False
5545,942,False,11,0,False,False,True,False,0,,False,False,False,False,False,False,False,False,False,False
5546,943,False,11,0,False,False,True,False,0,,False,False,False,False,False,False,False,False,False,False
5547,944,False,11,0,False,False,True,False,0,,False,False,False,False,False,False,False,False,False,False
5548,945,False,11,5,False,False,False,True,5,equal_indicator_weights|flood_binary_omitted|literacy_direction_reversed|literacy_omitted|robust_p01_p99_bounds,True,True,False,True,True,False,False,True,False,False
5549,946,False,11,2,False,False,False,True,2,equal_indicator_weights|flood_binary_omitted,True,True,False,False,False,False,False,False,False,False
5550,947,False,11,0,False,False,True,False,0,,False,False,False,False,False,False,False,False,False,False
5551,948,True,11,7,False,False,False,True,4,flood_binary_omitted|literacy_direction_reversed|literacy_omitted|robust_p01_p99_bounds,False,True,False,True,True,False,False,True,False,False
5552,949.1,False,11,0,False,False,True,False,0,,False,False,False,False,False,False,False,False,False,False
5553,949.2,False,11,0,False,False,True,False,0,,False,False,False,False,False,False,False,False,False,False
5554,95,False,11,0,False,False,True,False,0,,False,False,False,False,False,False,False,False,False,False
5555,950,False,11,0,False,False,True,False,0,,False,False,False,False,False,False,False,False,False,False
5556,951,False,11,2,False,False,False,True,2,loan_burden_direction|robust_p01_p99_bounds,False,False,False,False,False,True,False,True,False,False
5557,952,False,11,0,False,False,True,False,0,,False,False,False,False,False,False,False,False,False,False
5558,953,False,11,0,False,False,True,False,0,,False,False,False,False,False,False,False,False,False,False
5559,954,False,11,1,False,False,False,True,1,flood_binary_omitted,False,True,False,False,False,False,False,False,False,False
5560,955,False,11,0,False,False,True,False,0,,False,False,False,False,False,False,False,False,False,False
5561,956,False,11,0,False,False,True,False,0,,False,False,False,False,False,False,False,False,False,False
5562,957,False,11,0,False,False,True,False,0,,False,False,False,False,False,False,False,False,False,False
5563,958,False,11,0,False,False,True,False,0,,False,False,False,False,False,False,False,False,False,False
5564,959,False,11,0,False,False,True,False,0,,False,False,False,False,False,False,False,False,False,False
5565,96,False,11,0,False,False,True,False,0,,False,False,False,False,False,False,False,False,False,False
5566,960,False,11,0,False,False,True,False,0,,False,False,False,False,False,False,False,False,False,False
5567,961,False,11,4,False,False,False,True,4,flood_depth_omitted|loan_burden_direction|loan_omitted|robust_p01_p99_bounds,False,False,True,False,False,True,True,True,False,False
5568,962,False,11,0,False,False,True,False,0,,False,False,False,False,False,False,False,False,False,False
5569,963,False,11,0,False,False,True,False,0,,False,False,False,False,False,False,False,False,False,False
5570,964,False,11,0,False,False,True,False,0,,False,False,False,False,False,False,False,False,False,False
5571,965,True,11,7,False,False,False,True,4,flood_binary_omitted|literacy_direction_reversed|loan_burden_direction|loan_omitted,False,True,False,True,False,True,True,False,False,False
5572,966,False,11,2,False,False,False,True,2,loan_burden_direction|robust_p01_p99_bounds,False,False,False,False,False,True,False,True,False,False
5573,967,False,11,0,False,False,True,False,0,,False,False,False,False,False,False,False,False,False,False
5574,968,False,11,0,False,False,True,False,0,,False,False,False,False,False,False,False,False,False,False
5575,969,False,11,1,False,False,False,True,1,flood_binary_omitted,False,True,False,False,False,False,False,False,False,False
5576,97,False,11,2,False,False,False,True,2,equal_indicator_weights|flood_binary_omitted,True,True,False,False,False,False,False,False,False,False
5577,970,False,11,0,False,False,True,False,0,,False,False,False,False,False,False,False,False,False,False
5578,971,False,11,0,False,False,True,False,0,,False,False,False,False,False,False,False,False,False,False
5579,973,False,11,1,False,False,False,True,1,flood_binary_omitted,False,True,False,False,False,False,False,False,False,False
5580,974,False,11,0,False,False,True,False,0,,False,False,False,False,False,False,False,False,False,False
5581,975,False,11,0,False,False,True,False,0,,False,False,False,False,False,False,False,False,False,False
5582,976,False,11,0,False,False,True,False,0,,False,False,False,False,False,False,False,False,False,False
5583,977,False,11,0,False,False,True,False,0,,False,False,False,False,False,False,False,False,False,False
5584,978,False,11,0,False,False,True,False,0,,False,False,False,False,False,False,False,False,False,False
5585,979,True,11,8,False,False,False,True,3,flood_binary_omitted|loan_burden_direction|loan_omitted,False,True,False,False,False,True,True,False,False,False
5586,980,False,11,0,False,False,True,False,0,,False,False,False,False,False,False,False,False,False,False
5587,981,False,11,0,False,False,True,False,0,,False,False,False,False,False,False,False,False,False,False
5588,983,False,11,0,False,False,True,False,0,,False,False,False,False,False,False,False,False,False,False
5589,984,False,11,0,False,False,True,False,0,,False,False,False,False,False,False,False,False,False,False
5590,985,False,11,0,False,False,True,False,0,,False,False,False,False,False,False,False,False,False,False
5591,986,False,11,0,False,False,True,False,0,,False,False,False,False,False,False,False,False,False,False
5592,987,False,11,0,False,False,True,False,0,,False,False,False,False,False,False,False,False,False,False
5593,988,False,11,5,False,False,False,True,5,equal_indicator_weights|flood_binary_omitted|literacy_direction_reversed|literacy_omitted|robust_p01_p99_bounds,True,True,False,True,True,False,False,True,False,False
5594,989,False,11,0,False,False,True,False,0,,False,False,False,False,False,False,False,False,False,False
5595,99,False,11,0,False,False,True,False,0,,False,False,False,False,False,False,False,False,False,False
5596,990,False,11,0,False,False,True,False,0,,False,False,False,False,False,False,False,False,False,False
5597,991,False,11,0,False,False,True,False,0,,False,False,False,False,False,False,False,False,False,False
5598,992,False,11,0,False,False,True,False,0,,False,False,False,False,False,False,False,False,False,False
5599,993.1,False,11,0,False,False,True,False,0,,False,False,False,False,False,False,False,False,False,False
5600,993.2,False,11,0,False,False,True,False,0,,False,False,False,False,False,False,False,False,False,False
5601,995,False,11,0,False,False,True,False,0,,False,False,False,False,False,False,False,False,False,False
5602,996,False,11,0,False,False,True,False,0,,False,False,False,False,False,False,False,False,False,False
5603,997,True,11,11,True,True,False,False,0,,False,False,False,False,False,False,False,False,False,False
5604,998,True,11,10,False,False,False,True,1,literacy_direction_reversed,False,False,False,True,False,False,False,False,False,False
