scheme,replicate,k,bootstrap_n,n_components,ari_vs_baseline,matched_jaccard_vs_baseline,silhouette
household_bootstrap,1,2,5605,9,0.9695394622843396,0.9846042275235314,0.14722410809440062
household_bootstrap,1,3,5605,9,0.23616925754272122,0.3668565988677126,0.12878413560672392
household_bootstrap,1,4,5605,9,0.9578458133468769,0.9628505015977533,0.12439687435084716
household_bootstrap,1,5,5605,9,0.9180482734554203,0.918306903997183,0.12731985115416508
household_bootstrap,1,6,5605,9,0.7085036997199367,0.6517227775857783,0.12329829471572754
household_bootstrap,1,7,5605,9,0.35806756675495255,0.43788365648763944,0.11797391629906523
household_bootstrap,1,8,5605,9,0.6158084438158387,0.6465948108865839,0.122050776073263
household_bootstrap,2,2,5605,9,0.9632201752191525,0.9813437445695534,0.1499819793626367
household_bootstrap,2,3,5605,9,0.9705956705605084,0.9770105027608439,0.13502694046332636
household_bootstrap,2,4,5605,9,0.44687799350951707,0.6119197529093497,0.12769403549077127
household_bootstrap,2,5,5605,9,0.8899702688133676,0.9076272889015303,0.1187649911591924
household_bootstrap,2,6,5605,9,0.9164980729048505,0.9024028949972758,0.1225868397380365
household_bootstrap,2,7,5605,9,0.6019445205999246,0.6255110498582546,0.1173714558765316
household_bootstrap,2,8,5605,9,0.6167717618815758,0.6539562775417782,0.12583472027629805
household_bootstrap,3,2,5605,9,0.9786973825504693,0.9892046168606451,0.15347189505635817
household_bootstrap,3,3,5605,9,0.8811580883768448,0.906330905929432,0.1200821482656323
household_bootstrap,3,4,5605,9,0.9217098856435604,0.9305698042902002,0.1138793478907733
household_bootstrap,3,5,5605,9,0.8823503601020687,0.8990228083081016,0.11647929637994034
household_bootstrap,3,6,5605,9,0.6784572493543287,0.6287723215814333,0.12145595156539153
household_bootstrap,3,7,5605,9,0.5197886837973781,0.5108112963668437,0.12428923521951903
household_bootstrap,3,8,5605,9,0.9610470353652759,0.9469715865469667,0.1242468950142933
household_bootstrap,4,2,5605,9,0.9758752084748885,0.9877911452021186,0.1582830956536459
household_bootstrap,4,3,5605,9,0.9601922911995951,0.969946930092561,0.12885617244898012
household_bootstrap,4,4,5605,9,0.8698266477507846,0.881960504436857,0.12387768499707687
household_bootstrap,4,5,5605,9,0.9001515175542729,0.906237081147685,0.11898761225311094
household_bootstrap,4,6,5605,9,0.661972233148884,0.6134081595395225,0.11850051125819104
household_bootstrap,4,7,5605,9,0.6910189735831894,0.7383629019139003,0.11331848464690819
household_bootstrap,4,8,5605,9,0.8947981317495296,0.9085085745300336,0.11958176629384314
household_bootstrap,5,2,5605,9,0.9285024900257397,0.9636972871842844,0.15551793235499733
household_bootstrap,5,3,5605,9,0.23301633529617463,0.3701775229691288,0.13359344226722827
household_bootstrap,5,4,5605,9,0.9275200211293365,0.9260446159704754,0.1303648207711306
household_bootstrap,5,5,5605,9,0.8114048406418384,0.8289926508043617,0.12679809129871256
household_bootstrap,5,6,5605,9,0.5878305660232841,0.5604072727349605,0.12344856523384251
household_bootstrap,5,7,5605,9,0.6445277427668452,0.7112728840597141,0.12806568173606508
household_bootstrap,5,8,5605,9,0.8215540711191577,0.8610304134216041,0.13479393858027314
household_bootstrap,6,2,5605,9,0.9850647817095765,0.9924446712505373,0.15596512855962247
household_bootstrap,6,3,5605,9,0.23226362309096915,0.3633513059055106,0.1291562290522225
household_bootstrap,6,4,5605,9,0.390201941932168,0.5472741827472778,0.13097139163195576
household_bootstrap,6,5,5605,9,0.936523227069608,0.9427541986756557,0.13388024721803804
household_bootstrap,6,6,5605,9,0.5982226174771333,0.5810249619604396,0.13455185522082588
household_bootstrap,6,7,5605,9,0.6489331094108473,0.7048618499162755,0.137823555175465
household_bootstrap,6,8,5605,9,0.8569561898799389,0.8497743711589347,0.13946301627010166
household_bootstrap,7,2,5605,9,0.9527400587404695,0.9760548797577209,0.14843894777257535
household_bootstrap,7,3,5605,9,0.9807179177293603,0.9853025459260968,0.13320224244338819
household_bootstrap,7,4,5605,9,0.9597588701192423,0.9643957229950064,0.12584754625568031
household_bootstrap,7,5,5605,9,0.8812600183238619,0.8900320964427184,0.12559081191068072
household_bootstrap,7,6,5605,9,0.929280947134741,0.9318044912456694,0.12641841591156006
household_bootstrap,7,7,5605,9,0.8977112800186463,0.9103689890936677,0.12284382313113792
household_bootstrap,7,8,5605,9,0.8977059871255615,0.9087447805733816,0.12476942856764232
household_bootstrap,8,2,5605,9,0.9569273503392294,0.9782088134683613,0.15163922789634726
household_bootstrap,8,3,5605,9,0.9652168492155967,0.9750467425681574,0.12494388732433592
household_bootstrap,8,4,5605,9,0.3798768770775015,0.5489415540884318,0.12287556070446065
household_bootstrap,8,5,5605,9,0.8556361195028013,0.878949983465181,0.11891156176241123
household_bootstrap,8,6,5605,9,0.7158083195638824,0.6544623598960734,0.11767003849145376
household_bootstrap,8,7,5605,9,0.5842863680240368,0.6373203063953854,0.12054467736632903
household_bootstrap,8,8,5605,9,0.5874695125217108,0.625089840421502,0.1259929507293697
household_bootstrap,9,2,5605,9,0.9319452365915325,0.9654410250411888,0.15511973592631573
household_bootstrap,9,3,5605,9,0.8895065164061621,0.9126239801558643,0.12706929151191582
household_bootstrap,9,4,5605,9,0.8920578817938082,0.9147848208943825,0.12342532327040709
household_bootstrap,9,5,5605,9,0.9260900151899006,0.9332227981594752,0.12464035153926381
household_bootstrap,9,6,5605,9,0.719463080513314,0.6557929494316715,0.11974374788482556
household_bootstrap,9,7,5605,9,0.6083309294548767,0.6606292472367388,0.13043917535224367
household_bootstrap,9,8,5605,9,0.8777248695530444,0.8288708329310226,0.1252346146028446
household_bootstrap,10,2,5605,9,0.9716472703702743,0.985628727270413,0.15221577681756746
household_bootstrap,10,3,5605,9,0.9500819125425495,0.9611802823633888,0.13539502669732184
household_bootstrap,10,4,5605,9,0.3972634702691224,0.565241821246905,0.1268819295423256
household_bootstrap,10,5,5605,9,0.9308977721542512,0.9406214105419469,0.12751253714369282
household_bootstrap,10,6,5605,9,0.7285707219318938,0.661008072046262,0.12256229431400872
household_bootstrap,10,7,5605,9,0.4770737803684207,0.4786679059255401,0.12305307123216196
household_bootstrap,10,8,5605,9,0.7401766932126795,0.7076623137300518,0.12236787860270971
household_bootstrap,11,2,5605,9,0.973760917257561,0.986725848852188,0.14762207725062643
household_bootstrap,11,3,5605,9,0.9188673674913516,0.9370916740366177,0.12770536924421028
household_bootstrap,11,4,5605,9,0.3845386714114848,0.5481670861186269,0.13198464642757501
household_bootstrap,11,5,5605,9,0.9133043475861556,0.9246717502279116,0.1276868429555003
household_bootstrap,11,6,5605,9,0.688932101864029,0.636778555451196,0.12152444552760773
household_bootstrap,11,7,5605,9,0.7218346400546944,0.7545317556716805,0.12384606824393551
household_bootstrap,11,8,5605,9,0.6518745198228031,0.6807101835006744,0.12536179498847558
household_bootstrap,12,2,5605,9,0.9702403330320445,0.9849156583472364,0.14585005591411904
household_bootstrap,12,3,5605,9,0.972897740434356,0.9813737392900924,0.1345614711047543
household_bootstrap,12,4,5605,9,0.924702154608162,0.940632210275221,0.1289429056648865
household_bootstrap,12,5,5605,9,0.9520500889229168,0.9556493793321748,0.12459147672696644
household_bootstrap,12,6,5605,9,0.9110004605300513,0.9182589905279602,0.12467845242288311
household_bootstrap,12,7,5605,9,0.6079124654057717,0.6495874028470361,0.12248103681965973
household_bootstrap,12,8,5605,9,0.6322763686662564,0.673372594103042,0.12617080848060974
household_bootstrap,13,2,5605,9,0.9716475813319929,0.9856347615866654,0.1670261439240162
household_bootstrap,13,3,5605,9,0.23813969045307795,0.3775486910551171,0.13417084173929092
household_bootstrap,13,4,5605,9,0.9192919819026434,0.9288235832872851,0.1229192525280051
household_bootstrap,13,5,5605,9,0.8929318282726608,0.9006704935506994,0.12174538326656557
household_bootstrap,13,6,5605,9,0.633719959731067,0.6075295013343851,0.1180138912626079
household_bootstrap,13,7,5605,9,0.8933315019785801,0.89660784947234,0.12297951472331786
household_bootstrap,13,8,5605,9,0.553593790583289,0.6869583508446645,0.12763041339980657
household_bootstrap,14,2,5605,9,0.9808175543913736,0.9902833014691599,0.15072936510203913
household_bootstrap,14,3,5605,9,0.9149240083268884,0.9339141553384785,0.1316969867610728
household_bootstrap,14,4,5605,9,0.9096571301984755,0.932816951085784,0.12528688241727962
household_bootstrap,14,5,5605,9,0.8812404933804255,0.8963107254447735,0.12528202034644964
household_bootstrap,14,6,5605,9,0.6764395310724447,0.6337354834571208,0.12240921385645484
household_bootstrap,14,7,5605,9,0.8638675454518235,0.8659144199800453,0.12963495722542906
household_bootstrap,14,8,5605,9,0.5414283438650721,0.662128907838063,0.11889166558433299
household_bootstrap,15,2,5605,9,0.9402373078017601,0.9697029492094515,0.14741481784488775
household_bootstrap,15,3,5605,9,0.9398932590310916,0.9526395015477614,0.13256044844003953
household_bootstrap,15,4,5605,9,0.9433045069952705,0.955595843837967,0.12573181538952405
household_bootstrap,15,5,5605,9,0.8989894914536006,0.9086630176578524,0.1273580320993444
household_bootstrap,15,6,5605,9,0.6934770954974321,0.638673723758194,0.12017723238198634
household_bootstrap,15,7,5605,9,0.7147437533104645,0.7610416230457363,0.12289613096713894
household_bootstrap,15,8,5605,9,0.6485103644138281,0.6775192559430059,0.12397724876206383
household_bootstrap,16,2,5605,9,0.985772994430469,0.9927941430794951,0.15012121654647154
household_bootstrap,16,3,5605,9,0.2320495320240586,0.3618139489894554,0.12920042865851036
household_bootstrap,16,4,5605,9,0.4072694495465517,0.5725784679723916,0.12801547931380367
household_bootstrap,16,5,5605,9,0.9279380966443566,0.9341969315751191,0.12766231056768698
household_bootstrap,16,6,5605,9,0.6951843360920216,0.6435855018050822,0.12432488868707643
household_bootstrap,16,7,5605,9,0.4153943693555318,0.47432637919895676,0.12277880788243073
household_bootstrap,16,8,5605,9,0.9008711148205638,0.9038667495229755,0.12832631630198096
household_bootstrap,17,2,5605,9,0.9583233635523114,0.9788920899026579,0.14970883273467867
household_bootstrap,17,3,5605,9,0.2314772766203345,0.36016029607717104,0.13262533705155316
household_bootstrap,17,4,5605,9,0.9084185689847468,0.9175676309978702,0.1338241156440383
household_bootstrap,17,5,5605,9,0.9372301169548864,0.9433557978088336,0.13097748531539966
household_bootstrap,17,6,5605,9,0.7756261928040205,0.6947938053533903,0.1326136326868816
household_bootstrap,17,7,5605,9,0.6139432030568625,0.6514057805871615,0.13540659178148554
household_bootstrap,17,8,5605,9,0.6302232032991578,0.6513265703798963,0.13892940933820752
household_bootstrap,18,2,5605,9,0.962522147438966,0.9810377733241382,0.14239053726863066
household_bootstrap,18,3,5605,9,0.9263016420150372,0.9446440551588803,0.12217031665160451
household_bootstrap,18,4,5605,9,0.395610779182938,0.5587690434180164,0.12449921087739357
household_bootstrap,18,5,5605,9,0.9090970640891041,0.9156310038941946,0.12356759255012446
household_bootstrap,18,6,5605,9,0.933353311215796,0.907998579711612,0.12415941103030649
household_bootstrap,18,7,5605,9,0.6943477166409775,0.7004778994827203,0.12122086202770439
household_bootstrap,18,8,5605,9,0.9003000829278599,0.8962611269963408,0.12769636873798368
household_bootstrap,19,2,5605,9,0.9236938330431195,0.961270161310382,0.15635861827407668
household_bootstrap,19,3,5605,9,0.9185746633381998,0.9368467229914011,0.1343571333316186
household_bootstrap,19,4,5605,9,0.9310942131569305,0.9412175175229907,0.1302454285831253
household_bootstrap,19,5,5605,9,0.917634270255943,0.9293211630041955,0.13153640579731035
household_bootstrap,19,6,5605,9,0.6792588204317626,0.6246563779406739,0.12704915150082863
household_bootstrap,19,7,5605,9,0.5857916357689357,0.6636997663784973,0.1302781048406229
household_bootstrap,19,8,5605,9,0.9563165770028746,0.9473320321795109,0.12789937716210278
household_bootstrap,20,2,5605,9,0.997859490583426,0.9989165127475907,0.1402128736804688
household_bootstrap,20,3,5605,9,0.2330919615677916,0.363809104246868,0.12146309513814237
household_bootstrap,20,4,5605,9,0.3821151720526979,0.541808400328517,0.1226372645588917
household_bootstrap,20,5,5605,9,0.9451286423001224,0.949691124443059,0.12407576141542817
household_bootstrap,20,6,5605,9,0.6812385417836614,0.6403133823849617,0.12404532311065147
household_bootstrap,20,7,5605,9,0.9361428149041761,0.9367275903195199,0.12816434245929126
household_bootstrap,20,8,5605,9,0.46823161960559345,0.5131488669219072,0.12977783972906945
household_bootstrap,21,2,5605,9,0.9618206901223669,0.9806594077051994,0.14870482088553974
household_bootstrap,21,3,5605,9,0.9603373652818448,0.9687164627395899,0.13232619742891422
household_bootstrap,21,4,5605,9,0.40606502517171683,0.5763070720456567,0.12004773811312058
household_bootstrap,21,5,5605,9,0.9286854570285279,0.9336895730231017,0.13119361131764953
household_bootstrap,21,6,5605,9,0.7120314002681355,0.6649796869946544,0.1295879228181239
household_bootstrap,21,7,5605,9,0.4863853105697505,0.5058423968245659,0.13490561289477843
household_bootstrap,21,8,5605,9,0.7250929413220457,0.700011428740334,0.13353545228690092
household_bootstrap,22,2,5605,9,0.9660267201950673,0.9828008482440314,0.15046815302726754
household_bootstrap,22,3,5605,9,0.936199998143338,0.9497145712550702,0.13002494920609678
household_bootstrap,22,4,5605,9,0.42658521640476693,0.5975943084269997,0.11845186720908024
household_bootstrap,22,5,5605,9,0.8734673178157918,0.8928452683538011,0.11951010138663756
household_bootstrap,22,6,5605,9,0.9043839287488911,0.911536037778363,0.12139358794156192
household_bootstrap,22,7,5605,9,0.586767973099473,0.634117380092043,0.1202350271459528
household_bootstrap,22,8,5605,9,0.8809029392629983,0.8795993007596667,0.12489276617516737
household_bootstrap,23,2,5605,9,0.9257555143390277,0.9623527389516433,0.16281353546554242
household_bootstrap,23,3,5605,9,0.22966495089705039,0.3602700553611518,0.1334203084683158
household_bootstrap,23,4,5605,9,0.44956576400635007,0.6139183065722638,0.12663631331413283
household_bootstrap,23,5,5605,9,0.9591736489314308,0.9616685839093982,0.1293444699776447
household_bootstrap,23,6,5605,9,0.941560514202113,0.9300196824772264,0.12835389631568092
household_bootstrap,23,7,5605,9,0.9227777183638675,0.9197354215861997,0.12320648963251844
household_bootstrap,23,8,5605,9,0.689703426888335,0.6904069313727205,0.12023656549145574
household_bootstrap,24,2,5605,9,0.9478672069570179,0.9735633751534,0.15809034194536797
household_bootstrap,24,3,5605,9,0.9485978766959319,0.9593040293189526,0.13421900482711582
household_bootstrap,24,4,5605,9,0.9288130325934669,0.9373590239671098,0.12894480905725997
household_bootstrap,24,5,5605,9,0.8979602328784355,0.9037810548534093,0.12991154482562225
household_bootstrap,24,6,5605,9,0.9144565394957096,0.9020508899064014,0.13247625104371577
household_bootstrap,24,7,5605,9,0.4281093731746748,0.5610646446882558,0.12053277971546034
household_bootstrap,24,8,5605,9,0.6926658753204078,0.6893749090800447,0.13123620539690709
household_bootstrap,25,2,5605,9,0.975874615855547,0.9877792480635572,0.1491729344880755
household_bootstrap,25,3,5605,9,0.23147798677193218,0.36203066273933465,0.12929266923903288
household_bootstrap,25,4,5605,9,0.3780478088912534,0.5417993067120086,0.11833074545426682
household_bootstrap,25,5,5605,9,0.8894144906354884,0.9006177070015106,0.11816285567342967
household_bootstrap,25,6,5605,9,0.5231856019555843,0.5405803509791884,0.11839703482950387
household_bootstrap,25,7,5605,9,0.34647718110812115,0.4366413199037637,0.12089487986216316
household_bootstrap,25,8,5605,9,0.8270874154977595,0.8448997924383861,0.12694021191349747
household_bootstrap,26,2,5605,9,0.9450903063688685,0.9721801521451472,0.1576150501733942
household_bootstrap,26,3,5605,9,0.9343167099168325,0.9504535807797154,0.13129653016911738
household_bootstrap,26,4,5605,9,0.8769232970087848,0.8948896299064554,0.12999134930942607
household_bootstrap,26,5,5605,9,0.9288984293034506,0.9230925454439418,0.13310738576823358
household_bootstrap,26,6,5605,9,0.6927917282232215,0.641549265143587,0.1267717341007525
household_bootstrap,26,7,5605,9,0.5000994723460075,0.573951884267955,0.12462483648348227
household_bootstrap,26,8,5605,9,0.912128406255198,0.9100673376023461,0.1310981766665303
household_bootstrap,27,2,5605,9,0.9765803947537369,0.9881447526126543,0.15446161941435457
household_bootstrap,27,3,5605,9,0.9538588841693568,0.9642387758590617,0.13099936197483067
household_bootstrap,27,4,5605,9,0.4180425792692241,0.5932719674502331,0.127329491853903
household_bootstrap,27,5,5605,9,0.7794768045583652,0.8022195733445034,0.13030906222195782
household_bootstrap,27,6,5605,9,0.7596225493164245,0.6925017165957823,0.12722924744541586
household_bootstrap,27,7,5605,9,0.3504034836191228,0.43666147908755765,0.11997008166824999
household_bootstrap,27,8,5605,9,0.6905085390945215,0.6963962889189061,0.13250940737565486
household_bootstrap,28,2,5605,9,0.9471772792672342,0.9733113442198824,0.15159265817163503
household_bootstrap,28,3,5605,9,0.9451063690608761,0.9562269153144302,0.1289379239623364
household_bootstrap,28,4,5605,9,0.3734637320201956,0.5333516859491899,0.11999234621979486
household_bootstrap,28,5,5605,9,0.9284162147795777,0.9327907887643638,0.12135788751484028
household_bootstrap,28,6,5605,9,0.7185205914504668,0.6613177278430772,0.12396797132501146
household_bootstrap,28,7,5605,9,0.9083774278402247,0.9048172297566899,0.12763079813448666
household_bootstrap,28,8,5605,9,0.7248129843618409,0.6945596935648871,0.1283103938038126
household_bootstrap,29,2,5605,9,0.9702415228851576,0.9849391722240779,0.15070039481334715
household_bootstrap,29,3,5605,9,0.23403686298694812,0.3639456130316255,0.12616427551130385
household_bootstrap,29,4,5605,9,0.9391236468483377,0.9552229091941625,0.13053553771283732
household_bootstrap,29,5,5605,9,0.39206151606021467,0.4928593984407284,0.11511656582125321
household_bootstrap,29,6,5605,9,0.9216213126949737,0.9234759859291367,0.13270133681102003
household_bootstrap,29,7,5605,9,0.6242483201330998,0.6776905111812678,0.1311630721832899
household_bootstrap,29,8,5605,9,0.9294800668332209,0.9331701671767227,0.13134172050059736
household_bootstrap,30,2,5605,9,0.916858231790416,0.9580638583643997,0.15410707140426533
household_bootstrap,30,3,5605,9,0.2344520850244487,0.3598978033030864,0.1240983188045656
household_bootstrap,30,4,5605,9,0.9198811304209854,0.9345055110457026,0.12489927688671491
household_bootstrap,30,5,5605,9,0.9063349693348617,0.9128493431968178,0.11567342503118197
household_bootstrap,30,6,5605,9,0.7109008245284251,0.6335501872517307,0.11626678607826575
household_bootstrap,30,7,5605,9,0.4869395685529893,0.49064687048068223,0.1181430591984523
household_bootstrap,30,8,5605,9,0.6520734453039184,0.6712095349521203,0.12634234348445822
household_bootstrap,31,2,5605,9,0.9695383121868664,0.984580298458944,0.15144632180737705
household_bootstrap,31,3,5605,9,0.24026248616991133,0.37245641840941196,0.13075615554604883
household_bootstrap,31,4,5605,9,0.931424649564218,0.9455414364929174,0.12611308744608907
household_bootstrap,31,5,5605,9,0.9299188966067093,0.9355754538564621,0.12495886307384771
household_bootstrap,31,6,5605,9,0.8982435935233773,0.8790605140158071,0.1285712389405641
household_bootstrap,31,7,5605,9,0.6608982778187374,0.7199751556836932,0.12265327776810621
household_bootstrap,31,8,5605,9,0.6919869004445566,0.689141768613621,0.13152418016000297
household_bootstrap,32,2,5605,9,0.9653257681195834,0.9824575555996823,0.15778464165182016
household_bootstrap,32,3,5605,9,0.9628444185157056,0.9708264304514026,0.1260435599497065
household_bootstrap,32,4,5605,9,0.9184771610753758,0.9285289047888835,0.12096176789174494
household_bootstrap,32,5,5605,9,0.9403392351446116,0.9434678067444919,0.12393185246170514
household_bootstrap,32,6,5605,9,0.7353482574014026,0.6707090861448238,0.12175322685614785
household_bootstrap,32,7,5605,9,0.6103318535048498,0.6644216166174681,0.12551195625237488
household_bootstrap,32,8,5605,9,0.5456180703648794,0.6487281256552954,0.11997514157073574
household_bootstrap,33,2,5605,9,0.963922313942905,0.9817246896493,0.15277498554725255
household_bootstrap,33,3,5605,9,0.9711316683954098,0.9788644643988583,0.1339247406679695
household_bootstrap,33,4,5605,9,0.9367666348546276,0.9475564771971712,0.13421676839034194
household_bootstrap,33,5,5605,9,0.9189019561905424,0.9255881754808725,0.1335633766215662
household_bootstrap,33,6,5605,9,0.932134798404302,0.9058935305329063,0.13175480872254453
household_bootstrap,33,7,5605,9,0.89876381721712,0.8830845055901887,0.13406476554276228
household_bootstrap,33,8,5605,9,0.801501171871394,0.8242005115505462,0.12328880301518366
household_bootstrap,34,2,5605,9,0.9639212761759931,0.9817047089177937,0.14630540602601427
household_bootstrap,34,3,5605,9,0.9583314953865903,0.9687379429320845,0.13028972296877953
household_bootstrap,34,4,5605,9,0.9256210332861874,0.9381434381718103,0.12126675678230614
household_bootstrap,34,5,5605,9,0.9274737924753277,0.926502245961586,0.1202448352569601
household_bootstrap,34,6,5605,9,0.6842089529939561,0.6403503187631313,0.11559919381508726
household_bootstrap,34,7,5605,9,0.573468451412625,0.6370790606996553,0.12296998264140663
household_bootstrap,34,8,5605,9,0.9322032473551041,0.9216531036238245,0.11446317795811659
household_bootstrap,35,2,5605,9,0.9209496080317713,0.959849657587363,0.14276362058912437
household_bootstrap,35,3,5605,9,0.905596771375011,0.9255196999544881,0.11752005831808655
household_bootstrap,35,4,5605,9,0.37667217704018147,0.5331401353675909,0.12399384566252744
household_bootstrap,35,5,5605,9,0.8758794731417732,0.8836701187283567,0.11997348745476688
household_bootstrap,35,6,5605,9,0.6600775007290038,0.612321029633403,0.11860170817607785
household_bootstrap,35,7,5605,9,0.4824472780646825,0.491616195341816,0.11808141792272644
household_bootstrap,35,8,5605,9,0.7021983675813296,0.7005172003362601,0.12268696485671844
household_bootstrap,36,2,5605,9,0.9632214922802503,0.981368964724892,0.15196259479445284
household_bootstrap,36,3,5605,9,0.23220125673035713,0.3691096979912043,0.1317681056943866
household_bootstrap,36,4,5605,9,0.37708902854845094,0.5378353980447197,0.12820915770004035
household_bootstrap,36,5,5605,9,0.8356398337210604,0.8507011048693698,0.11723889150713203
household_bootstrap,36,6,5605,9,0.8629552123146307,0.8750585219679895,0.11986296235681289
household_bootstrap,36,7,5605,9,0.47978296674835197,0.4860370351401074,0.12416363973278931
household_bootstrap,36,8,5605,9,0.6834462220656781,0.6958977053917312,0.12545162721352562
household_bootstrap,37,2,5605,9,0.9815246448254562,0.990640307169461,0.15564479932139508
household_bootstrap,37,3,5605,9,0.9417627859669665,0.9556098056357992,0.13125542951846011
household_bootstrap,37,4,5605,9,0.9460889339128487,0.9595400470268294,0.13042953003644536
household_bootstrap,37,5,5605,9,0.8964787633312469,0.9117024291290464,0.12666788431519604
household_bootstrap,37,6,5605,9,0.7241271858620909,0.6644527510639436,0.11839839726722486
household_bootstrap,37,7,5605,9,0.5046966264497739,0.5915498550478776,0.12465901701574757
household_bootstrap,37,8,5605,9,0.4450584710697361,0.4735613840778866,0.12461178459132422
household_bootstrap,38,2,5605,9,0.9562273879649582,0.9778208289303745,0.14037966249552317
household_bootstrap,38,3,5605,9,0.933243120444061,0.9444909112982135,0.12417526042115887
household_bootstrap,38,4,5605,9,0.348380592605163,0.49249651462407773,0.11217950969276821
household_bootstrap,38,5,5605,9,0.940668389933148,0.9474806324829743,0.12397661632308885
household_bootstrap,38,6,5605,9,0.6901763830564169,0.6653334229177692,0.11937072869370342
household_bootstrap,38,7,5605,9,0.4292047642351833,0.41942147443210986,0.11851010839827779
household_bootstrap,38,8,5605,9,0.7383721751000724,0.7040417152256653,0.12021534482834632
household_bootstrap,39,2,5605,9,0.9815250277257878,0.9906479718939636,0.1478724278145774
household_bootstrap,39,3,5605,9,0.2330050532694855,0.3612990660594522,0.12255118102286712
household_bootstrap,39,4,5605,9,0.8820443655980613,0.8891076137305267,0.12511518117587372
household_bootstrap,39,5,5605,9,0.9070503554767604,0.9158101568632976,0.12340873225160692
household_bootstrap,39,6,5605,9,0.5872820126544565,0.5495337190113908,0.12698261699147073
household_bootstrap,39,7,5605,9,0.5022878556522072,0.5535583889451566,0.12785415083609425
household_bootstrap,39,8,5605,9,0.909593158526431,0.921021081052324,0.12395561850113045
household_bootstrap,40,2,5605,9,0.9548305563411119,0.9770924331334376,0.15289117078914405
household_bootstrap,40,3,5605,9,0.23563356904444677,0.3636729646878467,0.13304304802511926
household_bootstrap,40,4,5605,9,0.8723142450759429,0.90093303223719,0.12182332723815471
household_bootstrap,40,5,5605,9,0.8799903812237634,0.8949426414143578,0.12427754286038808
household_bootstrap,40,6,5605,9,0.6283636271072444,0.5815455341540581,0.11663875535834022
household_bootstrap,40,7,5605,9,0.8658319523724626,0.875862396490049,0.12508453980644432
household_bootstrap,40,8,5605,9,0.5709085401205646,0.6300318081033329,0.1232623413913356
household_bootstrap,41,2,5605,9,0.97024006509117,0.9849105220564658,0.1547617367469017
household_bootstrap,41,3,5605,9,0.22875087073180403,0.3702629830433459,0.13218130163782302
household_bootstrap,41,4,5605,9,0.36739996271651465,0.5228232501941308,0.12810450736642925
household_bootstrap,41,5,5605,9,0.8942494688494641,0.8935411155377277,0.12695454104660348
household_bootstrap,41,6,5605,9,0.6483612653208046,0.5871000631550807,0.13209990921821121
household_bootstrap,41,7,5605,9,0.47251060394512867,0.4765426847341146,0.12619036139426765
household_bootstrap,41,8,5605,9,0.7222872706663286,0.6892849507902432,0.13150715221391057
household_bootstrap,42,2,5605,9,0.96462212908806,0.982056314045156,0.15410633861146314
household_bootstrap,42,3,5605,9,0.9196889590144421,0.9364964858884507,0.1308418949930564
household_bootstrap,42,4,5605,9,0.37125985772340303,0.5432906159167685,0.11919779765982613
household_bootstrap,42,5,5605,9,0.7916693633538695,0.8135240781519935,0.1242290415143466
household_bootstrap,42,6,5605,9,0.6436604183249864,0.5872825864628769,0.12261189922695703
household_bootstrap,42,7,5605,9,0.5994571042875735,0.6318787300668003,0.1255356515979231
household_bootstrap,42,8,5605,9,0.9121457623155544,0.9079012624837481,0.12490649636138791
household_bootstrap,43,2,5605,9,0.9569266691050204,0.9781950437832792,0.15604749876959143
household_bootstrap,43,3,5605,9,0.2290583072601714,0.37143482160229363,0.12822122484956522
household_bootstrap,43,4,5605,9,0.36292689035789,0.5239373908201825,0.12539258751624408
household_bootstrap,43,5,5605,9,0.9259952895700411,0.9315755575280132,0.13201235350583795
household_bootstrap,43,6,5605,9,0.6554813968516521,0.6153037506740316,0.12896246648546897
household_bootstrap,43,7,5605,9,0.47279951287471195,0.4823088164218147,0.12676728921165767
household_bootstrap,43,8,5605,9,0.6916333813198994,0.6942100632067711,0.12778478274690955
household_bootstrap,44,2,5605,9,0.9639217648010777,0.9817140335929893,0.150755374110953
household_bootstrap,44,3,5605,9,0.22758454001668918,0.36470866601919977,0.1228128410269565
household_bootstrap,44,4,5605,9,0.9195058453610202,0.9300338566447967,0.12080333816214628
household_bootstrap,44,5,5605,9,0.9204499400529652,0.9260021993245549,0.11819940353192047
household_bootstrap,44,6,5605,9,0.6967247356050686,0.6351750144217112,0.10622764020235997
household_bootstrap,44,7,5605,9,0.5745511082754068,0.5557074872638951,0.10804127408802737
household_bootstrap,44,8,5605,9,0.7294744510351427,0.7089613284620175,0.11503591894136074
household_bootstrap,45,2,5605,9,0.977285842061311,0.9884986499379866,0.14680010955999467
household_bootstrap,45,3,5605,9,0.9819994830297739,0.985892872827729,0.12685946361866826
household_bootstrap,45,4,5605,9,0.9482481292516334,0.9601491838801965,0.12302863654600386
household_bootstrap,45,5,5605,9,0.9048204326098125,0.9160295544504716,0.12387496940332844
household_bootstrap,45,6,5605,9,0.6669858700449213,0.6155257561116033,0.12419214440077382
household_bootstrap,45,7,5605,9,0.4285133374083686,0.47635799607627477,0.12002701062480381
household_bootstrap,45,8,5605,9,0.9057584740771052,0.9057685746847522,0.1264684731197001
household_bootstrap,46,2,5605,9,0.9751701866112739,0.9874358410011408,0.1560867260840938
household_bootstrap,46,3,5605,9,0.24292015997142094,0.37239351602533466,0.1275428618131655
household_bootstrap,46,4,5605,9,0.9046011202484605,0.9127884516562793,0.12774537066531874
household_bootstrap,46,5,5605,9,0.9071049126443322,0.9193754261054596,0.12950347112074925
household_bootstrap,46,6,5605,9,0.8923719354416848,0.8860605899231843,0.13354171778770604
household_bootstrap,46,7,5605,9,0.5703919026645289,0.6231821189355523,0.1378233127062071
household_bootstrap,46,8,5605,9,0.6482220257337513,0.6654514725023711,0.13348846298570888
household_bootstrap,47,2,5605,9,0.9871912420638277,0.993515020901554,0.1484473310260783
household_bootstrap,47,3,5605,9,0.9626251637052733,0.9710931866501884,0.12698692146464208
household_bootstrap,47,4,5605,9,0.4330181779344774,0.6007604198174802,0.12484529447421483
household_bootstrap,47,5,5605,9,0.8894109815538579,0.9036946438654597,0.12457550298547332
household_bootstrap,47,6,5605,9,0.9104058714772448,0.9170497857173717,0.12890912324160825
household_bootstrap,47,7,5605,9,0.5880600128712536,0.6701619596133618,0.12507911680225575
household_bootstrap,47,8,5605,9,0.6319304546852534,0.6755534469229352,0.12822125707452783
household_bootstrap,48,2,5605,9,0.9836480160682937,0.9917235294117648,0.14250822865316462
household_bootstrap,48,3,5605,9,0.23373910905971013,0.3605656145815055,0.1305765109010257
household_bootstrap,48,4,5605,9,0.42771722839462634,0.5985860652620597,0.13053884248836775
household_bootstrap,48,5,5605,9,0.9374606741544503,0.9455191060638265,0.12964830930933927
household_bootstrap,48,6,5605,9,0.675598079259372,0.6554392122238392,0.1276794158156938
household_bootstrap,48,7,5605,9,0.9083596283319052,0.9036668556820081,0.13316162184430685
household_bootstrap,48,8,5605,9,0.5817469127740159,0.6317721283863538,0.13139506098687223
household_bootstrap,49,2,5605,9,0.9709442719046479,0.9852837889383343,0.1645966289974383
household_bootstrap,49,3,5605,9,0.9066852219014578,0.927459403223612,0.1375330010461994
household_bootstrap,49,4,5605,9,0.3947338264487129,0.5672052524746287,0.13857239937174073
household_bootstrap,49,5,5605,9,0.764177853819179,0.7999437423224265,0.12831174196611783
household_bootstrap,49,6,5605,9,0.6956747020291075,0.6387416557168276,0.13013558877923642
household_bootstrap,49,7,5605,9,0.6811911657491198,0.689695312332854,0.12953107168887867
household_bootstrap,49,8,5605,9,0.44073419906944344,0.4878728348782703,0.13338488558747974
household_bootstrap,50,2,5605,9,0.9829404296859717,0.9913717365229687,0.15487032557529004
household_bootstrap,50,3,5605,9,0.9606360700829354,0.9695481721639659,0.12972951606963096
household_bootstrap,50,4,5605,9,0.9468655024254119,0.9608204311637699,0.12241024809404336
household_bootstrap,50,5,5605,9,0.911513585267457,0.9214528288332815,0.12431531761586749
household_bootstrap,50,6,5605,9,0.7449385247320387,0.6763536518925918,0.1280732882260018
household_bootstrap,50,7,5605,9,0.633810682712851,0.6608744642576355,0.13123601584204161
household_bootstrap,50,8,5605,9,0.7322235920424016,0.7032995767512232,0.12249296680784288
household_bootstrap,51,2,5605,9,0.9541355800959025,0.976787553619145,0.1557354090284057
household_bootstrap,51,3,5605,9,0.9375517997441969,0.9502904306696337,0.12949381199271154
household_bootstrap,51,4,5605,9,0.4611226933669131,0.6258688804746197,0.12759465382821145
household_bootstrap,51,5,5605,9,0.9032753658284574,0.9184359985065053,0.12618837679544098
household_bootstrap,51,6,5605,9,0.9125440772543268,0.8947144852559076,0.12633352238647289
household_bootstrap,51,7,5605,9,0.6032592134121395,0.6487829517936392,0.13038400882437004
household_bootstrap,51,8,5605,9,0.6233569965112599,0.6525263769876603,0.12897198677833072
household_bootstrap,52,2,5605,9,0.9639210256557433,0.9816999803205131,0.14118194765231334
household_bootstrap,52,3,5605,9,0.2177368137230681,0.36388052482286676,0.11670129518677877
household_bootstrap,52,4,5605,9,0.9315183940653655,0.9390231991915954,0.12226384812392731
household_bootstrap,52,5,5605,9,0.8997740385706621,0.9089586199211805,0.11876645530351697
household_bootstrap,52,6,5605,9,0.7046532229664673,0.6410401800827055,0.12170745538399548
household_bootstrap,52,7,5605,9,0.6602234681049913,0.6431668187835328,0.11887535964924115
household_bootstrap,52,8,5605,9,0.424704721890704,0.49351438355854893,0.12110854968415638
household_bootstrap,53,2,5605,9,0.9716472703702743,0.985628727270413,0.15472916701680856
household_bootstrap,53,3,5605,9,0.9760168271494003,0.9820222690018489,0.13254484900101385
household_bootstrap,53,4,5605,9,0.9249123938883524,0.930070836142089,0.1294019695857517
household_bootstrap,53,5,5605,9,0.9339242620589714,0.9417977673335429,0.1285249445287215
household_bootstrap,53,6,5605,9,0.7480948179315863,0.6825585703534226,0.12624204641171521
household_bootstrap,53,7,5605,9,0.6681187951109754,0.6926687735680074,0.1266962532611616
household_bootstrap,53,8,5605,9,0.9323104602037642,0.9280202442829517,0.12855805973248186
household_bootstrap,54,2,5605,9,0.9520432955457164,0.9757008851296703,0.15309166430861826
household_bootstrap,54,3,5605,9,0.23374040994194567,0.3662198843123141,0.12867258148594987
household_bootstrap,54,4,5605,9,0.38632040784465144,0.5446276917461985,0.1263402553826422
household_bootstrap,54,5,5605,9,0.8878587177779959,0.9012684235877428,0.12117547660909189
household_bootstrap,54,6,5605,9,0.6336643852080475,0.5954831559005135,0.12196145215063141
household_bootstrap,54,7,5605,9,0.48493710241875365,0.47926188083594023,0.12238827237691982
household_bootstrap,54,8,5605,9,0.6227264012998724,0.681032876078939,0.1314443706633723
household_bootstrap,55,2,5605,9,0.9639216037653117,0.9817109449776238,0.15429185213676097
household_bootstrap,55,3,5605,9,0.9629551698825062,0.9720809374913572,0.13367732629733206
household_bootstrap,55,4,5605,9,0.894601258371325,0.9060399777903358,0.13324752287672043
household_bootstrap,55,5,5605,9,0.9293119554391448,0.9346386932432533,0.13185084705775507
household_bootstrap,55,6,5605,9,0.9094149393751214,0.8806570341877732,0.13258731100641857
household_bootstrap,55,7,5605,9,0.890178036878752,0.8778748331368764,0.13452669909296724
household_bootstrap,55,8,5605,9,0.8917923371606784,0.881653604190838,0.13608369715008287
household_bootstrap,56,2,5605,9,0.9702415817168942,0.9849403695169825,0.15265643038430263
household_bootstrap,56,3,5605,9,0.9678416432092658,0.97612727801295,0.1345833957441858
household_bootstrap,56,4,5605,9,0.9313925016851919,0.9446947508321828,0.1309492028213976
household_bootstrap,56,5,5605,9,0.865034126982214,0.8759729597330791,0.12406457010478104
household_bootstrap,56,6,5605,9,0.642666168969012,0.589160034275639,0.1212029746859113
household_bootstrap,56,7,5605,9,0.606494362090031,0.6475147807679377,0.12387413385817607
household_bootstrap,56,8,5605,9,0.7451131215890142,0.7132257818806266,0.12524346767171432
household_bootstrap,57,2,5605,9,0.9822322565223987,0.9910027391305738,0.1476078509094563
household_bootstrap,57,3,5605,9,0.9177347995122226,0.9347481381915852,0.12229820342679783
household_bootstrap,57,4,5605,9,0.4488417446378438,0.6186224654845572,0.1208355021626409
household_bootstrap,57,5,5605,9,0.7475402091066193,0.7731696343360798,0.12225747542449004
household_bootstrap,57,6,5605,9,0.6073209079600951,0.5681618299341537,0.11756626338024609
household_bootstrap,57,7,5605,9,0.6118093911386921,0.6610837785747358,0.12442016873218936
household_bootstrap,57,8,5605,9,0.7105237581388507,0.6808025061171051,0.12852743142372963
household_bootstrap,58,2,5605,9,0.9478704076016652,0.9736257322419941,0.15550113432157692
household_bootstrap,58,3,5605,9,0.9399400136176297,0.9541776795761808,0.13023507322130268
household_bootstrap,58,4,5605,9,0.4215841870992985,0.597034275492008,0.13097549145975707
household_bootstrap,58,5,5605,9,0.8504519642140189,0.8669083357743487,0.12394148154826323
household_bootstrap,58,6,5605,9,0.6831282290684237,0.6084113766397143,0.11285329822772647
household_bootstrap,58,7,5605,9,0.5892896877653149,0.6336567728201682,0.1323782692826992
household_bootstrap,58,8,5605,9,0.9047971919634774,0.9159797571499122,0.13149125329403655
household_bootstrap,59,2,5605,9,0.9695380635371756,0.9845753156273118,0.15114145974110102
household_bootstrap,59,3,5605,9,0.9557801174857384,0.962397926828031,0.131761206928584
household_bootstrap,59,4,5605,9,0.954190202324439,0.9621044857769161,0.12793591367270948
household_bootstrap,59,5,5605,9,0.9353576338645151,0.9346093060780161,0.12831979118836728
household_bootstrap,59,6,5605,9,0.7376616185001228,0.6701091712992371,0.11917779547580538
household_bootstrap,59,7,5605,9,0.9298260595747943,0.9368131484780398,0.12460876495579998
household_bootstrap,59,8,5605,9,0.4253812518487874,0.5127926987053857,0.1264164493304367
household_bootstrap,60,2,5605,9,0.9436996172294795,0.9714187103629421,0.1552619422718029
household_bootstrap,60,3,5605,9,0.2331198715280744,0.36031527995813706,0.13331057030250862
household_bootstrap,60,4,5605,9,0.37896459191492504,0.5342643288729679,0.12698925768229752
household_bootstrap,60,5,5605,9,0.9401067059548384,0.9481534218744144,0.12571098739059128
household_bootstrap,60,6,5605,9,0.9399071818194901,0.9464361676097233,0.12717379916848073
household_bootstrap,60,7,5605,9,0.9280642368861024,0.9311000591566394,0.12415712271664765
household_bootstrap,60,8,5605,9,0.6644038225285926,0.6864549516575035,0.12301218581673716
household_bootstrap,61,2,5605,9,0.961820852267164,0.9806625848676782,0.1479428729985517
household_bootstrap,61,3,5605,9,0.23029538651360118,0.3650111634000608,0.12610308991885225
household_bootstrap,61,4,5605,9,0.37936568113969693,0.5301860924898077,0.12756776608366888
household_bootstrap,61,5,5605,9,0.9394245557289327,0.9359350878503585,0.12794340727537828
household_bootstrap,61,6,5605,9,0.9184882608163738,0.9052905947591752,0.12931737681790736
household_bootstrap,61,7,5605,9,0.6218586763645677,0.6702988204689936,0.12925050268207494
household_bootstrap,61,8,5605,9,0.8688658212578662,0.8747217847099937,0.12724717576462766
household_bootstrap,62,2,5605,9,0.9506487208920397,0.9749591403770734,0.15126982587589782
household_bootstrap,62,3,5605,9,0.9482349661822743,0.9586680534115531,0.12628947937676543
household_bootstrap,62,4,5605,9,0.9554441990234857,0.9604957308932709,0.12771865834157353
household_bootstrap,62,5,5605,9,0.7764278698032568,0.7951648637010094,0.11786051305489026
household_bootstrap,62,6,5605,9,0.6071505682113907,0.6067471500860372,0.12511167031033507
household_bootstrap,62,7,5605,9,0.5784435502758875,0.6755516930811382,0.1300972985111151
household_bootstrap,62,8,5605,9,0.4274993097106171,0.49288828788073086,0.12331689327820661
household_bootstrap,63,2,5605,9,0.9730554637771412,0.9863469142169503,0.155951526396418
household_bootstrap,63,3,5605,9,0.9691098680253734,0.9758112822293673,0.1312501660148431
household_bootstrap,63,4,5605,9,0.9270720108733831,0.943121568694644,0.12806232847114626
household_bootstrap,63,5,5605,9,0.9376049816655544,0.9400258597969424,0.1288114901475218
household_bootstrap,63,6,5605,9,0.9074178034171366,0.9037137661248074,0.1285991757341158
household_bootstrap,63,7,5605,9,0.5993117999493198,0.6156401061639959,0.12287716467022139
household_bootstrap,63,8,5605,9,0.6562603286781327,0.6815089512041079,0.12131644570894287
household_bootstrap,64,2,5605,9,0.9485638347560947,0.9739431417922223,0.14702052862996223
household_bootstrap,64,3,5605,9,0.8745011895151781,0.8984003111910089,0.12780581578198758
household_bootstrap,64,4,5605,9,0.843291634662458,0.8703383889507457,0.11884525102975955
household_bootstrap,64,5,5605,9,0.9270756754438946,0.9325878750082246,0.12052613942769289
household_bootstrap,64,6,5605,9,0.9260441900586807,0.9319074057923276,0.12303291036749608
household_bootstrap,64,7,5605,9,0.5944882524276075,0.6759494623782156,0.12421041466762307
household_bootstrap,64,8,5605,9,0.6805416986399551,0.6944428393205205,0.12616252550310897
household_bootstrap,65,2,5605,9,0.9744654720732798,0.9870817582793388,0.1530988040576787
household_bootstrap,65,3,5605,9,0.9437287977512074,0.9557127450943067,0.13131705543220587
household_bootstrap,65,4,5605,9,0.40881254923057997,0.5788860959493167,0.12536238309506137
household_bootstrap,65,5,5605,9,0.92898692207039,0.929965273795698,0.12494524978599905
household_bootstrap,65,6,5605,9,0.6933180810498709,0.6561262903715287,0.12371673067344087
household_bootstrap,65,7,5605,9,0.5039050476684185,0.500705315354805,0.12402682935031423
household_bootstrap,65,8,5605,9,0.6713598027112451,0.6867582930377243,0.1289786044546023
household_bootstrap,66,2,5605,9,0.9772857004006456,0.9884958244557098,0.15346739657583994
household_bootstrap,66,3,5605,9,0.9045604689572088,0.9238612323958931,0.126939698994019
household_bootstrap,66,4,5605,9,0.396191084452244,0.5579327883059486,0.12349525518815296
household_bootstrap,66,5,5605,9,0.9586151588358313,0.9630175812155157,0.1267067213557018
household_bootstrap,66,6,5605,9,0.9362847630173126,0.9373708173128334,0.12904625567279948
household_bootstrap,66,7,5605,9,0.5580146263945882,0.6796297002880703,0.12012767737128217
household_bootstrap,66,8,5605,9,0.657826787022935,0.6835425252740818,0.12639258012748353
household_bootstrap,67,2,5605,9,0.9618207714380332,0.9806609988646676,0.14328110400485775
household_bootstrap,67,3,5605,9,0.959688771565617,0.9687552930883799,0.12540192738208736
household_bootstrap,67,4,5605,9,0.3956366156627558,0.5608038023894804,0.1265013738700736
household_bootstrap,67,5,5605,9,0.9299160021025028,0.9333833084334078,0.12477573894818142
household_bootstrap,67,6,5605,9,0.7417658992324407,0.6649639391674024,0.12263979672132952
household_bootstrap,67,7,5605,9,0.887921243340611,0.8840907862881402,0.12758139474983884
household_bootstrap,67,8,5605,9,0.6430696696688374,0.6694667441687681,0.11856970888991569
household_bootstrap,68,2,5605,9,0.9576227804206515,0.9785029883312779,0.15529237303459661
household_bootstrap,68,3,5605,9,0.8752476336273536,0.902133730922151,0.12433835513355186
household_bootstrap,68,4,5605,9,0.8455352334334659,0.8778763578267046,0.12074074312533113
household_bootstrap,68,5,5605,9,0.8350399998585364,0.8633054541080332,0.1237551661612702
household_bootstrap,68,6,5605,9,0.6733893351477672,0.6171763415400892,0.12101931927912875
household_bootstrap,68,7,5605,9,0.5928947201891308,0.6103810750277398,0.1291553979501326
household_bootstrap,68,8,5605,9,0.6274246185955776,0.6402091391012099,0.1260942752855167
household_bootstrap,69,2,5605,9,0.9499524450622191,0.9746004734569162,0.1524026029727338
household_bootstrap,69,3,5605,9,0.21842498937535673,0.36504910288794085,0.1225393502300602
household_bootstrap,69,4,5605,9,0.44012637665998194,0.6057882009628962,0.12009769082905011
household_bootstrap,69,5,5605,9,0.9357083883417949,0.9349550387040235,0.11826940659807243
household_bootstrap,69,6,5605,9,0.7006833616327962,0.6564590998033176,0.10735534283966279
household_bootstrap,69,7,5605,9,0.6033519427333749,0.6389061558233303,0.12245966771660183
household_bootstrap,69,8,5605,9,0.8870704018306198,0.8773642884466986,0.12360679069183537
household_bootstrap,70,2,5605,9,0.945090424716502,0.9721824356888968,0.16193075462306
household_bootstrap,70,3,5605,9,0.9465679995103013,0.955654170802862,0.1335213659961967
household_bootstrap,70,4,5605,9,0.3573244886400627,0.5131452809850832,0.1302677199451432
household_bootstrap,70,5,5605,9,0.8787150179528432,0.8899691110294174,0.13232398412209664
household_bootstrap,70,6,5605,9,0.720429706005866,0.6573929502331065,0.12751766504587678
household_bootstrap,70,7,5605,9,0.9200184104395375,0.9179766228344751,0.13333676980878692
household_bootstrap,70,8,5605,9,0.6869289284413441,0.6837553509071594,0.12938232203361433
household_bootstrap,71,2,5605,9,0.9506498694325106,0.9749806206090911,0.13737604841314793
household_bootstrap,71,3,5605,9,0.2340470769827501,0.37218415028752866,0.12316658099550681
household_bootstrap,71,4,5605,9,0.9295847861232619,0.9441380198393134,0.12369766982264266
household_bootstrap,71,5,5605,9,0.7786148798843486,0.7954617809837907,0.11791089197982234
household_bootstrap,71,6,5605,9,0.6332154745404874,0.5920298709100881,0.1251308789224306
household_bootstrap,71,7,5605,9,0.46717058737173517,0.4724362640785973,0.1309613187003433
household_bootstrap,71,8,5605,9,0.7075547226345288,0.6818485715280432,0.12636219691539147
household_bootstrap,72,2,5605,9,0.9506486025783357,0.9749569555928983,0.15502521616147918
household_bootstrap,72,3,5605,9,0.231538931222286,0.36747023771792175,0.13650331898847737
household_bootstrap,72,4,5605,9,0.3664430748323682,0.5303039441148684,0.1294979576158946
household_bootstrap,72,5,5605,9,0.9046114968540272,0.9159404340417344,0.13210326680781703
household_bootstrap,72,6,5605,9,0.6359847459709548,0.5925067468496267,0.12621436502234168
household_bootstrap,72,7,5605,9,0.5801327512432722,0.6369510749482732,0.12534510338662389
household_bootstrap,72,8,5605,9,0.6390944542892941,0.650008947746225,0.12314979063668395
household_bootstrap,73,2,5605,9,0.9730561421214824,0.9863603576785245,0.15185502609390716
household_bootstrap,73,3,5605,9,0.2334893830561133,0.36801028925550744,0.1302170273387001
household_bootstrap,73,4,5605,9,0.4087431456144277,0.5776244482829891,0.12673938986489586
household_bootstrap,73,5,5605,9,0.9271087124732531,0.935846418097149,0.12298964147298343
household_bootstrap,73,6,5605,9,0.7186306855314145,0.6507028474013371,0.12369154520773834
household_bootstrap,73,7,5605,9,0.6638184418187926,0.6277611885381486,0.11938138215440172
household_bootstrap,73,8,5605,9,0.8785017961102717,0.8536656469998389,0.12227358700871621
household_bootstrap,74,2,5605,9,0.9423212506420203,0.9708789215982592,0.15574670719689923
household_bootstrap,74,3,5605,9,0.9366741219681728,0.9494608764154938,0.13101343683842195
household_bootstrap,74,4,5605,9,0.3812927596143395,0.5415913869114137,0.13001910425576882
household_bootstrap,74,5,5605,9,0.8986146921044765,0.9157569155173432,0.1275899353824289
household_bootstrap,74,6,5605,9,0.8610221982719173,0.8750386123740781,0.12420670275227212
household_bootstrap,74,7,5605,9,0.5959438315725605,0.6323409055870124,0.11735784815356029
household_bootstrap,74,8,5605,9,0.6379389577062545,0.6645741682906804,0.1254304243526358
household_bootstrap,75,2,5605,9,0.9822319940000989,0.9909975265104456,0.1497894095379049
household_bootstrap,75,3,5605,9,0.23241814955179177,0.3686871818150979,0.1279611612018375
household_bootstrap,75,4,5605,9,0.8901038365796367,0.9165658055080348,0.1248270083800399
household_bootstrap,75,5,5605,9,0.9253343721987594,0.927107826508713,0.12594532219370252
household_bootstrap,75,6,5605,9,0.668672068165692,0.6184466581626523,0.1192628368437103
household_bootstrap,75,7,5605,9,0.44360065854619474,0.46610449842300783,0.12644699291537417
household_bootstrap,75,8,5605,9,0.8959817867536933,0.9016498777449542,0.1358758370828671
household_bootstrap,76,2,5605,9,0.9395452393854353,0.9693533358881299,0.14475659756130851
household_bootstrap,76,3,5605,9,0.9409242965316474,0.9536219307021726,0.12969452085674202
household_bootstrap,76,4,5605,9,0.4123148174429717,0.5813634734665306,0.12171264534775048
household_bootstrap,76,5,5605,9,0.9202495511229968,0.9275872138387184,0.12690283757184906
household_bootstrap,76,6,5605,9,0.6659029954699989,0.6239432639005443,0.12774757860509042
household_bootstrap,76,7,5605,9,0.8979031524391069,0.8906820646125124,0.12841355657792722
household_bootstrap,76,8,5605,9,0.6881344622538776,0.6891023290089511,0.12840963635772393
household_bootstrap,77,2,5605,9,0.9541347351127621,0.9767707782882822,0.15703186690627502
household_bootstrap,77,3,5605,9,0.21936228894292134,0.35935094134430257,0.1201555168436448
household_bootstrap,77,4,5605,9,0.36409360241011895,0.5239242203263241,0.1213532189236255
household_bootstrap,77,5,5605,9,0.9163557083163327,0.922360148589412,0.11859960652661257
household_bootstrap,77,6,5605,9,0.6363497338165616,0.6231879192971624,0.11541669716425429
household_bootstrap,77,7,5605,9,0.6966470515648852,0.7211598949486243,0.11708851490445883
household_bootstrap,77,8,5605,9,0.8220143807327533,0.8470973991138804,0.12031434304666176
household_bootstrap,78,2,5605,9,0.9360852614481646,0.9675434645042336,0.15831802464419378
household_bootstrap,78,3,5605,9,0.9412216561253925,0.950338597264,0.13448139037678547
household_bootstrap,78,4,5605,9,0.9149564368735518,0.9258575869675665,0.12822013385861072
household_bootstrap,78,5,5605,9,0.9401005402401683,0.9485014326367507,0.12721710449242637
household_bootstrap,78,6,5605,9,0.7296966697880047,0.6662141799317665,0.1273478576734722
household_bootstrap,78,7,5605,9,0.658909266811685,0.7095574009557933,0.12253524583388029
household_bootstrap,78,8,5605,9,0.5976718626900172,0.6487047197668063,0.13029206057584963
household_bootstrap,79,2,5605,9,0.963220431308743,0.9813485707908995,0.14168162501105735
household_bootstrap,79,3,5605,9,0.9435772532638037,0.9552522111979552,0.12570097859627952
household_bootstrap,79,4,5605,9,0.9305287841603967,0.9450377694449263,0.12398548415634722
household_bootstrap,79,5,5605,9,0.9404733578998051,0.9471056290557224,0.128284736814656
household_bootstrap,79,6,5605,9,0.7211499895869579,0.6648173515303141,0.12674500502596947
household_bootstrap,79,7,5605,9,0.4803437676680368,0.4818837335376381,0.1266420845533515
household_bootstrap,79,8,5605,9,0.8991482252862213,0.887660793722332,0.1334264530907807
household_bootstrap,80,2,5605,9,0.9333255385998054,0.9661650935986607,0.15507890287274656
household_bootstrap,80,3,5605,9,0.9107990622759248,0.9301433772045057,0.12459800163538377
household_bootstrap,80,4,5605,9,0.3710346454898951,0.5291199946018624,0.13422294734079832
household_bootstrap,80,5,5605,9,0.9264000033589017,0.9353351238630172,0.1279298961563103
household_bootstrap,80,6,5605,9,0.7163440020202668,0.6626339876106744,0.12535080181320205
household_bootstrap,80,7,5605,9,0.9129537313211108,0.8947025497581352,0.12921537724080262
household_bootstrap,80,8,5605,9,0.6789674774817723,0.6743377592017958,0.12322107024116638
household_bootstrap,81,2,5605,9,0.9801110483445652,0.9899330615354411,0.15551497753419002
household_bootstrap,81,3,5605,9,0.9681650829229465,0.975834476328593,0.13833003017189147
household_bootstrap,81,4,5605,9,0.36788370342175053,0.5172076405148237,0.13542446082898243
household_bootstrap,81,5,5605,9,0.912422161395291,0.9173781154939427,0.1356678250964941
household_bootstrap,81,6,5605,9,0.6476915603886251,0.5928276312475776,0.13524622168663547
household_bootstrap,81,7,5605,9,0.6107649184001432,0.668840862907598,0.13716359136677903
household_bootstrap,81,8,5605,9,0.899219481102482,0.902544211954959,0.13907823515833698
household_bootstrap,82,2,5605,9,0.9879006124774321,0.9938729281690034,0.14640289507650062
household_bootstrap,82,3,5605,9,0.928389959021595,0.9438814872270065,0.12516428650803688
household_bootstrap,82,4,5605,9,0.9401494393218154,0.9479826747061533,0.12347186586952623
household_bootstrap,82,5,5605,9,0.8248260217473391,0.8450330019724135,0.12183704058624575
household_bootstrap,82,6,5605,9,0.838180035820234,0.8629011476739822,0.12612159816742605
household_bootstrap,82,7,5605,9,0.9456084733559086,0.9429671283748527,0.1301882264972366
household_bootstrap,82,8,5605,9,0.5879973813676718,0.6327679574409159,0.1283059310519176
household_bootstrap,83,2,5605,9,0.9829399620737651,0.9913621129907437,0.1520796526328876
household_bootstrap,83,3,5605,9,0.23093002001419455,0.36202890045389635,0.1308331981432308
household_bootstrap,83,4,5605,9,0.9369490568103842,0.9501218731335861,0.13240696964121512
household_bootstrap,83,5,5605,9,0.9497589858934269,0.9569056164193033,0.12799391427596352
household_bootstrap,83,6,5605,9,0.7234998578540417,0.6685789462042976,0.1255623394721908
household_bootstrap,83,7,5605,9,0.6110430329648148,0.6601480408325111,0.12489752331539805
household_bootstrap,83,8,5605,9,0.5801076986363239,0.6398759984086694,0.11851244491364522
household_bootstrap,84,2,5605,9,0.9541329031139301,0.9767357274587474,0.15449645693846747
household_bootstrap,84,3,5605,9,0.9318713185820863,0.9479661257104319,0.1313445198227786
household_bootstrap,84,4,5605,9,0.9276349888046412,0.939227842753591,0.1305496448708266
household_bootstrap,84,5,5605,9,0.9377701808516486,0.9414029768118652,0.13567821538909453
household_bootstrap,84,6,5605,9,0.6464534141464656,0.5927909135304148,0.13548782144111543
household_bootstrap,84,7,5605,9,0.5878894197037293,0.6439344927013915,0.13933083534704968
household_bootstrap,84,8,5605,9,0.8544515916299162,0.8659739303660097,0.14333453969686805
household_bootstrap,85,2,5605,9,0.9779916884124111,0.9888555841486446,0.1540108868183746
household_bootstrap,85,3,5605,9,0.9761354960929675,0.9804032415525944,0.13027164781284126
household_bootstrap,85,4,5605,9,0.884211999106761,0.8994923110375187,0.12173270200217565
household_bootstrap,85,5,5605,9,0.9159828183177278,0.9205459432190117,0.1257281942461538
household_bootstrap,85,6,5605,9,0.7627523591554773,0.6987291816311535,0.12308800882426907
household_bootstrap,85,7,5605,9,0.9145640714638379,0.9100557355962857,0.12897410912016477
household_bootstrap,85,8,5605,9,0.7483756787906819,0.704867124589466,0.1258542823200278
household_bootstrap,86,2,5605,9,0.9430069424096604,0.97108063071735,0.15222207188139616
household_bootstrap,86,3,5605,9,0.9237914062296442,0.9406080462191325,0.1347655255069317
household_bootstrap,86,4,5605,9,0.898654625111445,0.9164889627580681,0.12743766830287812
household_bootstrap,86,5,5605,9,0.9431994519698084,0.9468175168515846,0.13099150491339584
household_bootstrap,86,6,5605,9,0.7520399971110943,0.6852458659955785,0.12417478062247064
household_bootstrap,86,7,5605,9,0.6631679266512365,0.6764099158930487,0.12208441166629774
household_bootstrap,86,8,5605,9,0.5463914166133491,0.639780219304791,0.1322430777661799
household_bootstrap,87,2,5605,9,0.9681338117272494,0.9838866502370707,0.16015120751155637
household_bootstrap,87,3,5605,9,0.8937600223606685,0.9161364510154133,0.13102268112435528
household_bootstrap,87,4,5605,9,0.6586194950422619,0.7540392993158098,0.12487762142604952
household_bootstrap,87,5,5605,9,0.6203301160724504,0.6682205433203673,0.12329075380960881
household_bootstrap,87,6,5605,9,0.680718639893088,0.609860200354144,0.11795936170787429
household_bootstrap,87,7,5605,9,0.40612155210764045,0.403256750632223,0.12521198795293728
household_bootstrap,87,8,5605,9,0.7397738415637393,0.7056414129841623,0.13078303670857275
household_bootstrap,88,2,5605,9,0.968133392043607,0.9838779101561113,0.15258474438709482
household_bootstrap,88,3,5605,9,0.9136227325019319,0.9319533889597129,0.12953056696029436
household_bootstrap,88,4,5605,9,0.9217176870559362,0.934788482000223,0.1221271246456449
household_bootstrap,88,5,5605,9,0.8920437211073089,0.907230005829503,0.12567503814151873
household_bootstrap,88,6,5605,9,0.6449293208364376,0.6109364339581264,0.1214335223991245
household_bootstrap,88,7,5605,9,0.5993247968843378,0.6284353215697902,0.12415758618315131
household_bootstrap,88,8,5605,9,0.4569527076927735,0.49459507540481684,0.127906890318438
household_bootstrap,89,2,5605,9,0.9695378086767278,0.9845702668360864,0.15736745176561573
household_bootstrap,89,3,5605,9,0.22526374064203888,0.37196080426190364,0.12465599729476887
household_bootstrap,89,4,5605,9,0.384326471551681,0.5454442373820064,0.12714917398300568
household_bootstrap,89,5,5605,9,0.8635184340194609,0.8866362084367824,0.12030545744809215
household_bootstrap,89,6,5605,9,0.6218889858009947,0.5915331895211301,0.12546124901469535
household_bootstrap,89,7,5605,9,0.5958730312678561,0.6585449125748319,0.1304453931211748
household_bootstrap,89,8,5605,9,0.8945435010785466,0.8959504218934948,0.13222105052419914
household_bootstrap,90,2,5605,9,0.9388561373603584,0.9690565072852216,0.15130088174868234
household_bootstrap,90,3,5605,9,0.9651158787899381,0.9719674010842484,0.12795140340024078
household_bootstrap,90,4,5605,9,0.8615163276785603,0.8747884263635674,0.12563952339720996
household_bootstrap,90,5,5605,9,0.8965572766363887,0.9043109793468525,0.12414708297400782
household_bootstrap,90,6,5605,9,0.6693656494586272,0.6076817669852866,0.11560482217087575
household_bootstrap,90,7,5605,9,0.499241190721763,0.4839807530702412,0.11959098323983239
household_bootstrap,90,8,5605,9,0.5616595435121952,0.6366551184615934,0.12003080406317757
household_bootstrap,91,2,5605,9,0.957623560772162,0.9785177052282812,0.14364124451992727
household_bootstrap,91,3,5605,9,0.9765045066803695,0.9831882132798606,0.1286082715847922
household_bootstrap,91,4,5605,9,0.38811501146839067,0.5520008473718521,0.12050997033542608
household_bootstrap,91,5,5605,9,0.9478092322508059,0.9533040168568497,0.1251922700366806
household_bootstrap,91,6,5605,9,0.6761714994448381,0.6418740626049093,0.12048015071339038
household_bootstrap,91,7,5605,9,0.5910603882180618,0.6395309515431185,0.12184578512397874
household_bootstrap,91,8,5605,9,0.6274919753743398,0.6712701398481917,0.12380884335201273
household_bootstrap,92,2,5605,9,0.956928152489567,0.9782255073024744,0.15228812887091187
household_bootstrap,92,3,5605,9,0.238586955940572,0.36788745632257297,0.1322246800338336
household_bootstrap,92,4,5605,9,0.4153626896640239,0.5808822306110286,0.13067631902244461
household_bootstrap,92,5,5605,9,0.9427427843488171,0.9475665932388366,0.12212045639881672
household_bootstrap,92,6,5605,9,0.6769097991198532,0.6272233213987898,0.12279191418301466
household_bootstrap,92,7,5605,9,0.6265389801318211,0.6786210155591862,0.12532315639433902
household_bootstrap,92,8,5605,9,0.5861808209319324,0.715379847409209,0.1258010276776376
household_bootstrap,93,2,5605,9,0.980110424332144,0.9899206324252929,0.15065859262883421
household_bootstrap,93,3,5605,9,0.9509951406971942,0.9628235734175522,0.13082652185315027
household_bootstrap,93,4,5605,9,0.9346343437701734,0.9407896552410291,0.12768963114126586
household_bootstrap,93,5,5605,9,0.8032897090894072,0.8198469412857531,0.12349093440327162
household_bootstrap,93,6,5605,9,0.6653562629149332,0.6066750902513601,0.12146988555145344
household_bootstrap,93,7,5605,9,0.6645494135657922,0.7059479109705584,0.1228602635874218
household_bootstrap,93,8,5605,9,0.6491007186301966,0.6790531679167503,0.12284089964062582
household_bootstrap,94,2,5605,9,0.9786981353935037,0.9892196437795335,0.14616476787745938
household_bootstrap,94,3,5605,9,0.2341258713865785,0.3591095130862246,0.1243565957729929
household_bootstrap,94,4,5605,9,0.37504510287144416,0.5370212469353509,0.12200476051852521
household_bootstrap,94,5,5605,9,0.9291169226239944,0.9349401444045828,0.12206907832603625
household_bootstrap,94,6,5605,9,0.9233394070688983,0.9055859390369725,0.12373983663721143
household_bootstrap,94,7,5605,9,0.6139711674867362,0.6942155146429476,0.12380622975654325
household_bootstrap,94,8,5605,9,0.5635536175070581,0.6908597134402945,0.12628080807843206
household_bootstrap,95,2,5605,9,0.9730563039823646,0.9863636363636363,0.14611543096364926
household_bootstrap,95,3,5605,9,0.9713607924650038,0.9786960537154145,0.1299705806325084
household_bootstrap,95,4,5605,9,0.38083385038736295,0.5413945214502183,0.12622802843250566
household_bootstrap,95,5,5605,9,0.9040869411348154,0.9109028196794575,0.1299930857413018
household_bootstrap,95,6,5605,9,0.6997603101004665,0.6525757430880962,0.1292653254222316
household_bootstrap,95,7,5605,9,0.9097469539927304,0.91482139951797,0.1337767133622073
household_bootstrap,95,8,5605,9,0.896722087087608,0.8954982815704127,0.12980467879006174
household_bootstrap,96,2,5605,9,0.9709444536696464,0.9852873974075526,0.15483380283337858
household_bootstrap,96,3,5605,9,0.22965503364726914,0.3618469922995957,0.13483110560252168
household_bootstrap,96,4,5605,9,0.4096494222004715,0.581551729716833,0.12729628993646866
household_bootstrap,96,5,5605,9,0.9126039715347347,0.9222627125802119,0.12413941463750183
household_bootstrap,96,6,5605,9,0.525630233009132,0.5237934553429574,0.12611884312566474
household_bootstrap,96,7,5605,9,0.9325557739593708,0.9201844093871723,0.1259808669563859
household_bootstrap,96,8,5605,9,0.7319022311994208,0.7039382985028233,0.12394232221199132
household_bootstrap,97,2,5605,9,0.9646247346698295,0.9821076600603486,0.14841790387303092
household_bootstrap,97,3,5605,9,0.9672987423651891,0.9749484070447259,0.1264183513391283
household_bootstrap,97,4,5605,9,0.8976617711333245,0.9163282986574758,0.12380575431385432
household_bootstrap,97,5,5605,9,0.9301951066567792,0.9416554325790637,0.12331490590172678
household_bootstrap,97,6,5605,9,0.7023667745449317,0.6520929523515778,0.12201995242884749
household_bootstrap,97,7,5605,9,0.9431860516436528,0.9379205793350389,0.12508248579974368
household_bootstrap,97,8,5605,9,0.9185461124507489,0.9095759707959417,0.1265424469694823
household_bootstrap,98,2,5605,9,0.9786978786420982,0.9892144357743097,0.14848153402684186
household_bootstrap,98,3,5605,9,0.23576801126144828,0.3590636003845078,0.12869215418457555
household_bootstrap,98,4,5605,9,0.4052869803602574,0.5639276717162871,0.12358249687549133
household_bootstrap,98,5,5605,9,0.9026486981829528,0.9131525495409779,0.11576247848702084
household_bootstrap,98,6,5605,9,0.706574910902518,0.6571884995654851,0.1202370030810838
household_bootstrap,98,7,5605,9,0.9223617535532503,0.9087408201860943,0.12033343163861955
household_bootstrap,98,8,5605,9,0.83521108753611,0.8461986983017273,0.12769190253883758
household_bootstrap,99,2,5605,9,0.9618210918354042,0.9806673119626488,0.15851710606577102
household_bootstrap,99,3,5605,9,0.23583666921360705,0.36951030032116483,0.13491286814549186
household_bootstrap,99,4,5605,9,0.45132505753103996,0.6164138513137274,0.1322615599984383
household_bootstrap,99,5,5605,9,0.9405122851975075,0.9459593929096984,0.13177027916168493
household_bootstrap,99,6,5605,9,0.7534869366418467,0.6934607179899833,0.13361211112559526
household_bootstrap,99,7,5605,9,0.4934947583899175,0.5031176418486487,0.12614614095124346
household_bootstrap,99,8,5605,9,0.9064388940244545,0.9187547462669186,0.13108299123337613
household_bootstrap,100,2,5605,9,0.9688360244347297,0.9842351701913579,0.156121177439361
household_bootstrap,100,3,5605,9,0.9675935947920259,0.974585073566966,0.13568232464744023
household_bootstrap,100,4,5605,9,0.9363173684604555,0.9447490333269525,0.13105156059304338
household_bootstrap,100,5,5605,9,0.9157776741863408,0.9238114425849547,0.1306666404418447
household_bootstrap,100,6,5605,9,0.6560495005252517,0.6108241101890296,0.12747100780306236
household_bootstrap,100,7,5605,9,0.5149277624692495,0.5107661523435688,0.12145141954656014
household_bootstrap,100,8,5605,9,0.7366971756486517,0.7108425506356344,0.1266231484318979
climate_profile_bootstrap,1,2,5883,9,0.8836696906017079,0.9412590258775133,0.1495684154025917
climate_profile_bootstrap,1,3,5883,9,0.9180564688793539,0.9365401931923891,0.13315889715517545
climate_profile_bootstrap,1,4,5883,9,0.8171005643389495,0.856641297468991,0.13043659958008721
climate_profile_bootstrap,1,5,5883,9,0.6734260881364733,0.704150007138891,0.1359522339486799
climate_profile_bootstrap,1,6,5883,9,0.6567437709258022,0.7173982304395613,0.1355039789834282
climate_profile_bootstrap,1,7,5883,9,0.6453687996165423,0.6726275262341727,0.12360165190393847
climate_profile_bootstrap,1,8,5883,9,0.4934542453657205,0.4997179451039557,0.12461223458425705
climate_profile_bootstrap,2,2,5975,9,0.8550085811096957,0.9260350860443584,0.1456540392944006
climate_profile_bootstrap,2,3,5975,9,0.34799558067124853,0.4536646134125175,0.13210690824843646
climate_profile_bootstrap,2,4,5975,9,0.35067110827635517,0.48536741531842637,0.1265755534393256
climate_profile_bootstrap,2,5,5975,9,0.8302610933251194,0.8345494851905692,0.12464046103013207
climate_profile_bootstrap,2,6,5975,9,0.544947594903719,0.553781769951983,0.11984541919512105
climate_profile_bootstrap,2,7,5975,9,0.48300123896564384,0.4676891842508851,0.11927336691265321
climate_profile_bootstrap,2,8,5975,9,0.6321316603711309,0.6430337504444024,0.11586270046722037
climate_profile_bootstrap,3,2,5727,9,0.9264456650972341,0.9627604115876705,0.14588048521552452
climate_profile_bootstrap,3,3,5727,9,0.22680021116120902,0.3584923614578273,0.11623791966896523
climate_profile_bootstrap,3,4,5727,9,0.8397083106863655,0.8764054000773469,0.11185687845580494
climate_profile_bootstrap,3,5,5727,9,0.8846434571498007,0.8980850517092378,0.11797855881030825
climate_profile_bootstrap,3,6,5727,9,0.6832888930720901,0.6332650496481262,0.11363095878726634
climate_profile_bootstrap,3,7,5727,9,0.5878103830071325,0.6008796399659443,0.11741103747939899
climate_profile_bootstrap,3,8,5727,9,0.6120205659667621,0.6435098750696547,0.1206214922606913
climate_profile_bootstrap,4,2,5053,9,0.9168460404082924,0.9578147730911222,0.15572463072569717
climate_profile_bootstrap,4,3,5053,9,0.3897696246855446,0.5442638007295212,0.13353394536330185
climate_profile_bootstrap,4,4,5053,9,0.38621747068311985,0.550766805151683,0.1204005061377744
climate_profile_bootstrap,4,5,5053,9,0.4408055659383023,0.608776427361608,0.1063174437250556
climate_profile_bootstrap,4,6,5053,9,0.4327578479963947,0.6173233951990392,0.10990552032650919
climate_profile_bootstrap,4,7,5053,9,0.6466291295400213,0.6834284318303384,0.11599252499037592
climate_profile_bootstrap,4,8,5053,9,0.481570993005294,0.5375002646116951,0.11553318506440367
climate_profile_bootstrap,5,2,6388,9,0.9134236873918858,0.9559504876725158,0.15532912589889475
climate_profile_bootstrap,5,3,6388,9,0.2734692811197799,0.4109858242169894,0.12221326406035002
climate_profile_bootstrap,5,4,6388,9,0.3202905440369449,0.40327942153369206,0.12060698809500534
climate_profile_bootstrap,5,5,6388,9,0.4899033026889336,0.6348473318739305,0.11642965768877724
climate_profile_bootstrap,5,6,6388,9,0.37830568634879047,0.4688844143029331,0.1165660238384456
climate_profile_bootstrap,5,7,6388,9,0.33679265628186467,0.4234566749180436,0.11775098752419223
climate_profile_bootstrap,5,8,6388,9,0.5383968517139621,0.6377161811414869,0.12497104236744329
climate_profile_bootstrap,6,2,5447,9,0.9395444090642027,0.9693377839424728,0.15840364530473802
climate_profile_bootstrap,6,3,5447,9,0.8589696885659738,0.8876776434936903,0.13527182218317932
climate_profile_bootstrap,6,4,5447,9,0.8037984736607579,0.8362639047788432,0.1301559869317377
climate_profile_bootstrap,6,5,5447,9,0.8382316782732132,0.8540887056510794,0.1350798003282954
climate_profile_bootstrap,6,6,5447,9,0.7139064417389557,0.6511282025583444,0.12551408557124435
climate_profile_bootstrap,6,7,5447,9,0.47545863337999544,0.4800596015026611,0.14253667648527138
climate_profile_bootstrap,6,8,5447,9,0.6374203499797407,0.6871358463506401,0.13144448957566965
climate_profile_bootstrap,7,2,4884,9,0.9333285825043135,0.9662219946651336,0.14213673983227362
climate_profile_bootstrap,7,3,4884,9,0.35914134905633954,0.47037835046659593,0.13263271166957435
climate_profile_bootstrap,7,4,4884,9,0.3740147188855555,0.5117312384333489,0.12469950757831313
climate_profile_bootstrap,7,5,4884,9,0.8042041746550125,0.8327563053093266,0.12694388910285168
climate_profile_bootstrap,7,6,4884,9,0.7646037560194114,0.7847851527467339,0.12981117691749225
climate_profile_bootstrap,7,7,4884,9,0.4158799022194742,0.5436389319912371,0.12399909904247786
climate_profile_bootstrap,7,8,4884,9,0.6486129290341717,0.6573363115207937,0.13023706690571982
climate_profile_bootstrap,8,2,4331,9,0.9188953554411073,0.9588078409329034,0.14820183959480335
climate_profile_bootstrap,8,3,4331,9,0.3343176059067983,0.5177178409901594,0.1258722555501985
climate_profile_bootstrap,8,4,4331,9,0.3536825512451603,0.5291759530565892,0.11795119591671366
climate_profile_bootstrap,8,5,4331,9,0.34697840177479333,0.48167812809189564,0.10778729450449363
climate_profile_bootstrap,8,6,4331,9,0.6167149300104315,0.5881413415228955,0.11136051601072833
climate_profile_bootstrap,8,7,4331,9,0.48567571554988603,0.48611541931232455,0.11724220649491035
climate_profile_bootstrap,8,8,4331,9,0.5365897054725948,0.6126805828355242,0.12263757443814646
climate_profile_bootstrap,9,2,6240,9,0.9492562866819256,0.9742394621309808,0.1499825349732797
climate_profile_bootstrap,9,3,6240,9,0.34574627604024233,0.5048030654039227,0.13328193525384052
climate_profile_bootstrap,9,4,6240,9,0.39439112044654673,0.5533655831940782,0.1285572712937466
climate_profile_bootstrap,9,5,6240,9,0.39254893231100957,0.5088789020805031,0.1166609348734318
climate_profile_bootstrap,9,6,6240,9,0.6628299083398179,0.612388146647334,0.11955981863968496
climate_profile_bootstrap,9,7,6240,9,0.6748749914223456,0.7005137228308015,0.12365066217489637
climate_profile_bootstrap,9,8,6240,9,0.5220316690354575,0.6134403790491564,0.1324595234678724
climate_profile_bootstrap,10,2,5377,9,0.9590218776964091,0.9792366881261474,0.1547605669182649
climate_profile_bootstrap,10,3,5377,9,0.2364161936647342,0.3606770633976963,0.12919821209404433
climate_profile_bootstrap,10,4,5377,9,0.4116036573935334,0.5655027467200218,0.1263507755293065
climate_profile_bootstrap,10,5,5377,9,0.4165787547298045,0.5329167101658088,0.1117040308955557
climate_profile_bootstrap,10,6,5377,9,0.40751531104855665,0.48718319272254024,0.10770926707965853
climate_profile_bootstrap,10,7,5377,9,0.7574213414896391,0.6857299307040888,0.1194680822952198
climate_profile_bootstrap,10,8,5377,9,0.706388701817015,0.6698918683238038,0.1177387389785999
climate_profile_bootstrap,11,2,5502,9,0.8944154586100803,0.9462606405361408,0.14281056927862015
climate_profile_bootstrap,11,3,5502,9,0.34870166513079986,0.4900801987901648,0.12859549597293454
climate_profile_bootstrap,11,4,5502,9,0.36740883400037894,0.5191314378940531,0.130193987039029
climate_profile_bootstrap,11,5,5502,9,0.4956995560144413,0.6635260278892728,0.12665727208437516
climate_profile_bootstrap,11,6,5502,9,0.4001085349053126,0.48959000927514745,0.11699666505964428
climate_profile_bootstrap,11,7,5502,9,0.41065395807677646,0.5785927462750816,0.1274560485353322
climate_profile_bootstrap,11,8,5502,9,0.44276295888451817,0.5359164819524903,0.12784530413730313
climate_profile_bootstrap,12,2,4837,9,0.9374697191061889,0.9682894211217137,0.1495320321805803
climate_profile_bootstrap,12,3,4837,9,0.920012598690436,0.9361741595947398,0.13848397849565316
climate_profile_bootstrap,12,4,4837,9,0.859259513236439,0.8759939597944424,0.13259039810757464
climate_profile_bootstrap,12,5,4837,9,0.6553915960350964,0.6853567739067091,0.12513708773144608
climate_profile_bootstrap,12,6,4837,9,0.5246588821136271,0.49608881590913584,0.11968648903416894
climate_profile_bootstrap,12,7,4837,9,0.49145684827104297,0.5497762584966723,0.12607076766703945
climate_profile_bootstrap,12,8,4837,9,0.6291438755783486,0.6681645004109653,0.12937209153313894
climate_profile_bootstrap,13,2,5238,9,0.8504404682957598,0.9245525445850673,0.1657647443381399
climate_profile_bootstrap,13,3,5238,9,0.7878363628067342,0.8422698587671115,0.13896567170780405
climate_profile_bootstrap,13,4,5238,9,0.7156441472487014,0.8039929993868313,0.1290327810980425
climate_profile_bootstrap,13,5,5238,9,0.6238005196382723,0.6738507483066443,0.12300958224732438
climate_profile_bootstrap,13,6,5238,9,0.4752573204649877,0.4828359556946928,0.12480096679065313
climate_profile_bootstrap,13,7,5238,9,0.4201625571522579,0.5087281671922296,0.1269666478359996
climate_profile_bootstrap,13,8,5238,9,0.5655942596795568,0.5908662428132834,0.12517541366644327
climate_profile_bootstrap,14,2,5898,10,0.9154905139672123,0.9573459622273337,0.14074210630368675
climate_profile_bootstrap,14,3,5898,10,0.6274001467964206,0.6821368038496148,0.10955540937991591
climate_profile_bootstrap,14,4,5898,10,0.485911187699648,0.4860166324674541,0.12151279122266716
climate_profile_bootstrap,14,5,5898,10,0.6000257144440995,0.6345685463708615,0.11950933269714703
climate_profile_bootstrap,14,6,5898,10,0.6125866473785617,0.6746143829676936,0.12216703021776708
climate_profile_bootstrap,14,7,5898,10,0.5003647518641232,0.5862228690504956,0.11770532124399635
climate_profile_bootstrap,14,8,5898,10,0.6298426799149788,0.7233216917580741,0.12154360194906622
climate_profile_bootstrap,15,2,4625,9,0.9702405949045312,0.984920729784442,0.15048095491475183
climate_profile_bootstrap,15,3,4625,9,0.9320373542798601,0.9465302125180487,0.1356935602291134
climate_profile_bootstrap,15,4,4625,9,0.8837776925491424,0.904577900447287,0.13191852553275824
climate_profile_bootstrap,15,5,4625,9,0.80989843194581,0.817989775312226,0.12665067761945603
climate_profile_bootstrap,15,6,4625,9,0.644950594884871,0.5862253537857147,0.1286859477333333
climate_profile_bootstrap,15,7,4625,9,0.6451485321071161,0.6009590433365117,0.12888288074743987
climate_profile_bootstrap,15,8,4625,9,0.8389465992022769,0.8486541969207211,0.1256776135365908
climate_profile_bootstrap,16,2,6244,9,0.8709672045951649,0.9348662059028523,0.14236919549252958
climate_profile_bootstrap,16,3,6244,9,0.8530167953839828,0.8838716113968093,0.1272242753912857
climate_profile_bootstrap,16,4,6244,9,0.48499709765319254,0.6523678067145148,0.12118311760747527
climate_profile_bootstrap,16,5,6244,9,0.3698722611497114,0.4791290167869627,0.11988603277307638
climate_profile_bootstrap,16,6,6244,9,0.5744317196629005,0.5246164478668248,0.12322324000097655
climate_profile_bootstrap,16,7,6244,9,0.3729707383747927,0.5318658041486761,0.11262025135836547
climate_profile_bootstrap,16,8,6244,9,0.6351807588619097,0.6845726177984409,0.12120161607577393
climate_profile_bootstrap,17,2,6100,9,0.9381641098173031,0.9686978515168594,0.14621462371717023
climate_profile_bootstrap,17,3,6100,9,0.23618850094265517,0.3682986449790057,0.12809796551134192
climate_profile_bootstrap,17,4,6100,9,0.8515145759387318,0.8617085796310839,0.13517420599346297
climate_profile_bootstrap,17,5,6100,9,0.6381913138048951,0.6642052357960962,0.12865291567567239
climate_profile_bootstrap,17,6,6100,9,0.5083171257536897,0.48590049096096727,0.1283024783482953
climate_profile_bootstrap,17,7,6100,9,0.43606751329090837,0.48320395601782085,0.13041228749013975
climate_profile_bootstrap,17,8,6100,9,0.5290386413772563,0.5280092601753997,0.12854502933907166
climate_profile_bootstrap,18,2,5822,9,0.9737597892729978,0.9867032281077225,0.13782580766374336
climate_profile_bootstrap,18,3,5822,9,0.3248182802598954,0.4927490822867555,0.1326748909016456
climate_profile_bootstrap,18,4,5822,9,0.3885632703317344,0.5476626891195463,0.12684210934145637
climate_profile_bootstrap,18,5,5822,9,0.3639517516741704,0.5129363041283448,0.11557784006927596
climate_profile_bootstrap,18,6,5822,9,0.39308568953133555,0.4749434398094307,0.12107846701673199
climate_profile_bootstrap,18,7,5822,9,0.4557518038152597,0.6166241081199882,0.1224353608183042
climate_profile_bootstrap,18,8,5822,9,0.5398058316586389,0.6550972074045811,0.12951538897212775
climate_profile_bootstrap,19,2,5801,9,0.9492626351276071,0.974364126937536,0.1550668852874784
climate_profile_bootstrap,19,3,5801,9,0.2827075777155884,0.4274617472596567,0.13102138480286044
climate_profile_bootstrap,19,4,5801,9,0.31982672404253965,0.48053718480008345,0.12343949162616497
climate_profile_bootstrap,19,5,5801,9,0.5471676336519533,0.6849641064539184,0.12409079317719397
climate_profile_bootstrap,19,6,5801,9,0.5360431134272398,0.6772030478851225,0.12635213733458356
climate_profile_bootstrap,19,7,5801,9,0.40612094322344006,0.5738433789171226,0.12692068397070044
climate_profile_bootstrap,19,8,5801,9,0.613025307427228,0.6260924539260533,0.13092653896432613
climate_profile_bootstrap,20,2,5800,9,0.9541363777419319,0.9768038317262908,0.14003669009307734
climate_profile_bootstrap,20,3,5800,9,0.95218119987056,0.9624187203796875,0.12611364276299597
climate_profile_bootstrap,20,4,5800,9,0.8984782743094312,0.9045908224957775,0.12146339438483716
climate_profile_bootstrap,20,5,5800,9,0.6659612674111989,0.6929458252551841,0.12217556606129912
climate_profile_bootstrap,20,6,5800,9,0.6663542367239985,0.7207465303785975,0.1262021360284619
climate_profile_bootstrap,20,7,5800,9,0.6106693883870165,0.6765379551044404,0.1259829068768028
climate_profile_bootstrap,20,8,5800,9,0.8559937827641443,0.8711650877105652,0.12742069714951462
climate_profile_bootstrap,21,2,5857,9,0.9216331763173213,0.9601673768437481,0.14804137585284713
climate_profile_bootstrap,21,3,5857,9,0.186432997971633,0.38954537176645343,0.10552120738936731
climate_profile_bootstrap,21,4,5857,9,0.3474378559538212,0.5066346995781242,0.12039723359656983
climate_profile_bootstrap,21,5,5857,9,0.9068434786402408,0.9178624898637461,0.12988209819005436
climate_profile_bootstrap,21,6,5857,9,0.39505588012265924,0.4878698035784872,0.1247226691745887
climate_profile_bootstrap,21,7,5857,9,0.6710906964387946,0.678539275525704,0.12652035856576685
climate_profile_bootstrap,21,8,5857,9,0.6260880671236084,0.6531397047035616,0.1324359007043871
climate_profile_bootstrap,22,2,6295,9,0.9485631617213102,0.9739302013649074,0.14402251865426874
climate_profile_bootstrap,22,3,6295,9,0.4108310480899877,0.5746067853405011,0.12777520114080815
climate_profile_bootstrap,22,4,6295,9,0.4119210926688088,0.5822089308525802,0.11559761353478186
climate_profile_bootstrap,22,5,6295,9,0.8545611403945109,0.8671326517853105,0.1203020155368531
climate_profile_bootstrap,22,6,6295,9,0.6728114584472272,0.6264517072619671,0.1188211830447374
climate_profile_bootstrap,22,7,6295,9,0.5514336522994814,0.6180198376473068,0.1200168004176869
climate_profile_bootstrap,22,8,6295,9,0.7435077161467815,0.7677837123503979,0.1210214503279545
climate_profile_bootstrap,23,2,5586,9,0.9202621741271547,0.9594596308793442,0.15941037714077946
climate_profile_bootstrap,23,3,5586,9,0.32719438004011786,0.45230153764318776,0.14849058722051695
climate_profile_bootstrap,23,4,5586,9,0.36287692131612254,0.5112515308410264,0.13671988435190233
climate_profile_bootstrap,23,5,5586,9,0.5122948469399201,0.6824791442104765,0.13160543941912278
climate_profile_bootstrap,23,6,5586,9,0.3553823334860047,0.4518426018814358,0.12711759014043825
climate_profile_bootstrap,23,7,5586,9,0.7947435675137907,0.8342922924563332,0.13299535586815114
climate_profile_bootstrap,23,8,5586,9,0.5119826882868747,0.5451089315390998,0.13042843208853389
climate_profile_bootstrap,24,2,5111,9,0.9471730388670485,0.9732256526907088,0.1614932394230259
climate_profile_bootstrap,24,3,5111,9,0.34175590314294807,0.4897386219288369,0.1312488322086797
climate_profile_bootstrap,24,4,5111,9,0.35233914495399,0.510578526990176,0.12583815643531446
climate_profile_bootstrap,24,5,5111,9,0.47376249332951764,0.6432911785815001,0.12266010024571887
climate_profile_bootstrap,24,6,5111,9,0.6710865581372927,0.6191706628059905,0.12404350917489874
climate_profile_bootstrap,24,7,5111,9,0.5777776576912623,0.6366222529509923,0.13592284070668417
climate_profile_bootstrap,24,8,5111,9,0.8522521590778674,0.8593702047054285,0.13591558367839554
climate_profile_bootstrap,25,2,6304,9,0.839229565101805,0.9178858146129265,0.1459684199282653
climate_profile_bootstrap,25,3,6304,9,0.2994669660827863,0.43351767007994907,0.12403174190278309
climate_profile_bootstrap,25,4,6304,9,0.3562971436155873,0.5013169611707581,0.11809920090929858
climate_profile_bootstrap,25,5,6304,9,0.4295445647608721,0.6138260690621239,0.12073504441564537
climate_profile_bootstrap,25,6,6304,9,0.41995374732013907,0.6264027431225258,0.12242308175050186
climate_profile_bootstrap,25,7,6304,9,0.36748492209866745,0.5393897347566721,0.1270417491933446
climate_profile_bootstrap,25,8,6304,9,0.5289114232765412,0.6371103617343257,0.13177038989142756
climate_profile_bootstrap,26,2,5312,9,0.8301565810469573,0.9143048026009695,0.15414171976200572
climate_profile_bootstrap,26,3,5312,9,0.8343658615182873,0.8705886255137578,0.13166416482485607
climate_profile_bootstrap,26,4,5312,9,0.41135819063776585,0.5257870348576613,0.10240925649277509
climate_profile_bootstrap,26,5,5312,9,0.45711621814060477,0.6074487394279819,0.10286384296060459
climate_profile_bootstrap,26,6,5312,9,0.383952684258509,0.4664489324699968,0.10260052111234313
climate_profile_bootstrap,26,7,5312,9,0.5078872287799359,0.6780979178069791,0.1060917521231323
climate_profile_bootstrap,26,8,5312,9,0.4680142040981196,0.6115048122250512,0.10789427258318936
climate_profile_bootstrap,27,2,5567,9,0.8636589301249946,0.9312794082605813,0.15270761149291553
climate_profile_bootstrap,27,3,5567,9,0.9159681773389738,0.9353677702942517,0.12967319750152284
climate_profile_bootstrap,27,4,5567,9,0.9069134426755071,0.9157993431323296,0.1259821925345172
climate_profile_bootstrap,27,5,5567,9,0.6428925033982652,0.6526133266949186,0.12260901069079498
climate_profile_bootstrap,27,6,5567,9,0.546187472729413,0.5073438901301793,0.12603675246885718
climate_profile_bootstrap,27,7,5567,9,0.3825961585859566,0.3802222376087512,0.12525075367247065
climate_profile_bootstrap,27,8,5567,9,0.6123442973809026,0.6344949513038873,0.1288600167084664
climate_profile_bootstrap,28,2,5909,9,0.9527385652430801,0.9760265417366689,0.15085041191015017
climate_profile_bootstrap,28,3,5909,9,0.9304961529310559,0.9454153096076096,0.12577993287140954
climate_profile_bootstrap,28,4,5909,9,0.8987252649587026,0.9221005630476108,0.11965103892758681
climate_profile_bootstrap,28,5,5909,9,0.8359504005740392,0.8451504527088016,0.11412349734558064
climate_profile_bootstrap,28,6,5909,9,0.6392680186356963,0.5924748097181834,0.11583288776411195
climate_profile_bootstrap,28,7,5909,9,0.5386781179298464,0.5768090374582996,0.11774583758986958
climate_profile_bootstrap,28,8,5909,9,0.8457426107831528,0.8659375948187956,0.12119370079996916
climate_profile_bootstrap,29,2,5308,9,0.9113867057694759,0.9550698303678777,0.15302040310533022
climate_profile_bootstrap,29,3,5308,9,0.8089858547149817,0.8475910820773841,0.12471050183979465
climate_profile_bootstrap,29,4,5308,9,0.5175265110774604,0.49850439748095215,0.12631696816904056
climate_profile_bootstrap,29,5,5308,9,0.8103989026413067,0.8229475146197472,0.12691011329069482
climate_profile_bootstrap,29,6,5308,9,0.638924623693439,0.5774788016000563,0.12764565990594254
climate_profile_bootstrap,29,7,5308,9,0.5014665494261163,0.4831753726573273,0.128906180688524
climate_profile_bootstrap,29,8,5308,9,0.8125479812624652,0.81755524170856,0.132501771675632
climate_profile_bootstrap,30,2,5298,9,0.9216346032613153,0.9601924774634754,0.15404211097471188
climate_profile_bootstrap,30,3,5298,9,0.8868747429350656,0.9102948725027303,0.12730331874106984
climate_profile_bootstrap,30,4,5298,9,0.8932400517576101,0.911574024836664,0.11837196366985918
climate_profile_bootstrap,30,5,5298,9,0.6505119075060939,0.6834674441975532,0.10984036803060412
climate_profile_bootstrap,30,6,5298,9,0.571254317850969,0.5288403670177141,0.11621393600386669
climate_profile_bootstrap,30,7,5298,9,0.4216863093738208,0.4037466811898468,0.11959689256162169
climate_profile_bootstrap,30,8,5298,9,0.6955564532113532,0.7444512684833573,0.12363214590080358
climate_profile_bootstrap,31,2,5537,9,0.9291908446918523,0.9640514465040817,0.14795729017274237
climate_profile_bootstrap,31,3,5537,9,0.3277925322315781,0.48057129975808616,0.12244714191911307
climate_profile_bootstrap,31,4,5537,9,0.3775788096415738,0.5376175464841767,0.12291628220711863
climate_profile_bootstrap,31,5,5537,9,0.39117660662116177,0.49792036804716633,0.11441618379934858
climate_profile_bootstrap,31,6,5537,9,0.3676381028841449,0.4716656423255039,0.1173402423556008
climate_profile_bootstrap,31,7,5537,9,0.6129586571576301,0.6451199348266996,0.12743495114983508
climate_profile_bootstrap,31,8,5537,9,0.5928568016676777,0.6119168658239458,0.12405372257607872
climate_profile_bootstrap,32,2,6471,9,0.9319477033495925,0.9654859888817626,0.15147317629571666
climate_profile_bootstrap,32,3,6471,9,0.9229626418905806,0.9409056014822953,0.11917282757751893
climate_profile_bootstrap,32,4,6471,9,0.9383430266355248,0.9491293541502438,0.11413294918562125
climate_profile_bootstrap,32,5,6471,9,0.6559421117477674,0.68766307857196,0.11273102311801592
climate_profile_bootstrap,32,6,6471,9,0.5440831347622709,0.5148298735792268,0.10303474584941065
climate_profile_bootstrap,32,7,6471,9,0.43259961675345,0.5081801407519422,0.11472372470528477
climate_profile_bootstrap,32,8,6471,9,0.582770024384111,0.6227994169347313,0.1166938427607874
climate_profile_bootstrap,33,2,6377,9,0.8923956154349378,0.9453117505862999,0.14925819928370546
climate_profile_bootstrap,33,3,6377,9,0.3296257457469481,0.45605412973759485,0.13438911313674726
climate_profile_bootstrap,33,4,6377,9,0.5278984371975176,0.5062639316775875,0.12682181084906116
climate_profile_bootstrap,33,5,6377,9,0.8219091858386446,0.8385642973224089,0.1323220911012953
climate_profile_bootstrap,33,6,6377,9,0.7771546673839254,0.8079413571769288,0.12992842383862513
climate_profile_bootstrap,33,7,6377,9,0.4965334437992517,0.49280951127885764,0.1244435648320544
climate_profile_bootstrap,33,8,6377,9,0.6688392541481548,0.6307579456309526,0.12353069153800417
climate_profile_bootstrap,34,2,5538,9,0.9052537520623056,0.9518010943858402,0.14555843097630186
climate_profile_bootstrap,34,3,5538,9,0.32862169199645624,0.4799882278154997,0.12310031611731853
climate_profile_bootstrap,34,4,5538,9,0.3592332956348809,0.5110633653847411,0.11630038869182777
climate_profile_bootstrap,34,5,5538,9,0.4438492248487646,0.6403299839788431,0.10926247339891178
climate_profile_bootstrap,34,6,5538,9,0.31943225925426916,0.4121834294945139,0.10654705271922603
climate_profile_bootstrap,34,7,5538,9,0.39935823152426786,0.5632719150277915,0.11155902462185105
climate_profile_bootstrap,34,8,5538,9,0.5313567143825253,0.6425757162808083,0.1190959489522147
climate_profile_bootstrap,35,2,4653,9,0.9032151177717335,0.9507346644662253,0.13649626967267903
climate_profile_bootstrap,35,3,4653,9,0.2144281858514909,0.36384271419576947,0.12782562850521587
climate_profile_bootstrap,35,4,4653,9,0.372667880125666,0.5294345449107473,0.12142705509065724
climate_profile_bootstrap,35,5,4653,9,0.8881796581425662,0.9012659003642213,0.11599657524330938
climate_profile_bootstrap,35,6,4653,9,0.6950023843893225,0.6506310724317758,0.11567716212912943
climate_profile_bootstrap,35,7,4653,9,0.3165125007479329,0.41734410390518156,0.11784232165614862
climate_profile_bootstrap,35,8,4653,9,0.7262960805761219,0.6923021148803732,0.1216701660168191
climate_profile_bootstrap,36,2,4975,9,0.9702403990690649,0.9849169322815576,0.1543874936152835
climate_profile_bootstrap,36,3,4975,9,0.9823417572506258,0.9871660240076743,0.12454129319417381
climate_profile_bootstrap,36,4,4975,9,0.3920058064149655,0.5513629976825062,0.12591697356610956
climate_profile_bootstrap,36,5,4975,9,0.940836448122494,0.9458612805099171,0.11926256138607605
climate_profile_bootstrap,36,6,4975,9,0.7098434092941852,0.6441264540718049,0.12217934548600144
climate_profile_bootstrap,36,7,4975,9,0.4515661812864361,0.4676520342701606,0.12217414195059759
climate_profile_bootstrap,36,8,4975,9,0.6412415101217743,0.6607790266942624,0.12606214028934212
climate_profile_bootstrap,37,2,5133,9,0.9471746140243772,0.9732562443530497,0.15294977698645892
climate_profile_bootstrap,37,3,5133,9,0.23137784150232318,0.3683684204718179,0.13186691950723797
climate_profile_bootstrap,37,4,5133,9,0.43796810525692303,0.6072043534417653,0.13021170758075282
climate_profile_bootstrap,37,5,5133,9,0.8935400000893601,0.9028400070345372,0.12459785950071564
climate_profile_bootstrap,37,6,5133,9,0.6520795059379857,0.6276159176180199,0.1083415127254488
climate_profile_bootstrap,37,7,5133,9,0.7946834784518008,0.823152876582877,0.11469861934970835
climate_profile_bootstrap,37,8,5133,9,0.5047022794304854,0.5752238335437577,0.11721011568100773
climate_profile_bootstrap,38,2,5262,9,0.8742686705085868,0.9359456589563104,0.13464007541895523
climate_profile_bootstrap,38,3,5262,9,0.3442508696349441,0.48693798820823275,0.12183883960426564
climate_profile_bootstrap,38,4,5262,9,0.38459196045825417,0.5444730580552524,0.12026322202742452
climate_profile_bootstrap,38,5,5262,9,0.890461379745837,0.9015876553732669,0.12008603803086279
climate_profile_bootstrap,38,6,5262,9,0.36719574503857405,0.46144935176024426,0.11565167685497911
climate_profile_bootstrap,38,7,5262,9,0.3308752881483886,0.4392987845978689,0.1189272448483231
climate_profile_bootstrap,38,8,5262,9,0.41771967280556416,0.5381010406263802,0.11698437999539593
climate_profile_bootstrap,39,2,4818,9,0.9695389639517548,0.9845936621529365,0.14517262825594918
climate_profile_bootstrap,39,3,4818,9,0.9469336879215119,0.9610369476737959,0.1298036041341455
climate_profile_bootstrap,39,4,4818,9,0.9184761772518795,0.9259432658526346,0.12581999133769636
climate_profile_bootstrap,39,5,4818,9,0.6296838162458194,0.6431787681477705,0.11296164319370397
climate_profile_bootstrap,39,6,4818,9,0.6737390347142409,0.7150688140917022,0.1227502087081334
climate_profile_bootstrap,39,7,4818,9,0.4993568683459427,0.5552615094749201,0.12008735021040459
climate_profile_bootstrap,39,8,4818,9,0.4466931679693469,0.46194748364406163,0.121133912134745
climate_profile_bootstrap,40,2,5522,9,0.9464788870890779,0.9728836816232359,0.14787963611100138
climate_profile_bootstrap,40,3,5522,9,0.1993438044390467,0.36854939793007674,0.11566831049477307
climate_profile_bootstrap,40,4,5522,9,0.4294652398217993,0.605106781772122,0.1211459936206999
climate_profile_bootstrap,40,5,5522,9,0.41467123634488623,0.5112926518735383,0.11529676209647985
climate_profile_bootstrap,40,6,5522,9,0.6211990963252895,0.5773785747117034,0.11208795537800016
climate_profile_bootstrap,40,7,5522,9,0.6494065963878198,0.6090074089902695,0.11490343750633251
climate_profile_bootstrap,40,8,5522,9,0.622405306066396,0.6641566732401609,0.12509351476429212
climate_profile_bootstrap,41,2,6287,9,0.9437016202729649,0.9714557349244481,0.1523819936490084
climate_profile_bootstrap,41,3,6287,9,0.3464256269750477,0.50053696519244,0.13427422998330957
climate_profile_bootstrap,41,4,6287,9,0.35980671403410724,0.5220463224298241,0.12835457251847684
climate_profile_bootstrap,41,5,6287,9,0.4728709435117619,0.664105701453441,0.12337899611214319
climate_profile_bootstrap,41,6,6287,9,0.37375696049666507,0.4739879694896287,0.12626353512129448
climate_profile_bootstrap,41,7,6287,9,0.42534610980676457,0.5808423769284436,0.1307171990663858
climate_profile_bootstrap,41,8,6287,9,0.5394409187809395,0.6452000659617234,0.13403519959332094
climate_profile_bootstrap,42,2,5124,9,0.9457828242373314,0.9725006913890635,0.15307864110134436
climate_profile_bootstrap,42,3,5124,9,0.9313324516614413,0.9476303314686446,0.13332686454282294
climate_profile_bootstrap,42,4,5124,9,0.8479370559601603,0.8709879313583312,0.12491364009458834
climate_profile_bootstrap,42,5,5124,9,0.6714341736465356,0.7009643790592593,0.12457959489936672
climate_profile_bootstrap,42,6,5124,9,0.5032913925637752,0.5016910918427687,0.12419326693370059
climate_profile_bootstrap,42,7,5124,9,0.5466334529891728,0.5911105508393012,0.12406634393324231
climate_profile_bootstrap,42,8,5124,9,0.6267254425398162,0.6833804678797374,0.13126649704055068
climate_profile_bootstrap,43,2,5725,9,0.9569286813439681,0.9782368516332153,0.155005922355073
climate_profile_bootstrap,43,3,5725,9,0.9637693207708694,0.97307918681179,0.1377569219207192
climate_profile_bootstrap,43,4,5725,9,0.8945904565700985,0.9020585439242714,0.13200714984980613
climate_profile_bootstrap,43,5,5725,9,0.7834475419754041,0.7912470204067641,0.13000234594082002
climate_profile_bootstrap,43,6,5725,9,0.623288771852481,0.5714999285537213,0.12539832111230612
climate_profile_bootstrap,43,7,5725,9,0.4353029889889616,0.4307445813460876,0.12505947138028659
climate_profile_bootstrap,43,8,5725,9,0.6531480436937531,0.7463912321886571,0.12867207036163383
climate_profile_bootstrap,44,2,5434,9,0.9471745058887766,0.9732541052123229,0.15098320755321554
climate_profile_bootstrap,44,3,5434,9,0.9036593565467487,0.9238004861991079,0.12376328846473504
climate_profile_bootstrap,44,4,5434,9,0.8441648418833316,0.8709417620108872,0.12198886252598222
climate_profile_bootstrap,44,5,5434,9,0.7219526489731609,0.7623954598748561,0.11471260877738244
climate_profile_bootstrap,44,6,5434,9,0.7697447435253398,0.8003412968644762,0.11971378327866233
climate_profile_bootstrap,44,7,5434,9,0.5657364084632998,0.6236874096768206,0.12226779286405953
climate_profile_bootstrap,44,8,5434,9,0.46150866272100555,0.5003273339347967,0.11770504915768777
climate_profile_bootstrap,45,2,5011,9,0.8903690260264796,0.9442099146428617,0.14420078893330385
climate_profile_bootstrap,45,3,5011,9,0.30466323706932097,0.44371143602665425,0.12103999846056689
climate_profile_bootstrap,45,4,5011,9,0.3655681916446142,0.5244992348546454,0.12474582253295032
climate_profile_bootstrap,45,5,5011,9,0.8305490941934682,0.8401404009627491,0.1240186917060814
climate_profile_bootstrap,45,6,5011,9,0.8089903929834755,0.8276585061575967,0.1238850623633887
climate_profile_bootstrap,45,7,5011,9,0.608399618213254,0.6259647536618563,0.13386366313237796
climate_profile_bootstrap,45,8,5011,9,0.5169914995859313,0.6356928306400865,0.1352144029156319
climate_profile_bootstrap,46,2,6441,9,0.956925487178364,0.9781718782228951,0.14920397658274728
climate_profile_bootstrap,46,3,6441,9,0.21947666156214254,0.3729062736996492,0.11622485734504713
climate_profile_bootstrap,46,4,6441,9,0.3835931621640562,0.5582372635916902,0.12327044622091696
climate_profile_bootstrap,46,5,6441,9,0.8854423966835088,0.8919897177184692,0.1247073810779778
climate_profile_bootstrap,46,6,6441,9,0.8899141827102296,0.9003508264411892,0.12836780902188838
climate_profile_bootstrap,46,7,6441,9,0.47186789950956765,0.46468737271641336,0.1234877506530787
climate_profile_bootstrap,46,8,6441,9,0.5753500246380696,0.6480497092297048,0.12417055314449076
climate_profile_bootstrap,47,2,5165,9,0.7870326673111965,0.8905195371177854,0.14271826732406487
climate_profile_bootstrap,47,3,5165,9,0.261691871373121,0.4112277823589532,0.12217339542026925
climate_profile_bootstrap,47,4,5165,9,0.32571106872009453,0.48145575887806946,0.12157354976388965
climate_profile_bootstrap,47,5,5165,9,0.4132024641738836,0.6003583277595721,0.12116640454820334
climate_profile_bootstrap,47,6,5165,9,0.3389991527431324,0.4420089071871393,0.12714239609522002
climate_profile_bootstrap,47,7,5165,9,0.5499330902574885,0.6137210245136332,0.1296542303207862
climate_profile_bootstrap,47,8,5165,9,0.6952724367934394,0.6427824998078071,0.13181725986512044
climate_profile_bootstrap,48,2,5568,9,0.8663105175684935,0.9325218645986758,0.14548431939377418
climate_profile_bootstrap,48,3,5568,9,0.9436503217779589,0.9579139073303525,0.13570335813731219
climate_profile_bootstrap,48,4,5568,9,0.9165281587054084,0.9303558819889497,0.13509478687201412
climate_profile_bootstrap,48,5,5568,9,0.8977098308904461,0.904028009041968,0.132004756663408
climate_profile_bootstrap,48,6,5568,9,0.6948703521390243,0.6304588052353204,0.12421863569791024
climate_profile_bootstrap,48,7,5568,9,0.6267279393272378,0.6658219686340165,0.12713083062352556
climate_profile_bootstrap,48,8,5568,9,0.6769533133551539,0.6649577508838002,0.12433571821198898
climate_profile_bootstrap,49,2,6623,9,0.9478721132345292,0.973661496144044,0.15974528379986783
climate_profile_bootstrap,49,3,6623,9,0.24538259926979597,0.3644307469979314,0.13594239510101477
climate_profile_bootstrap,49,4,6623,9,0.859577509451735,0.8896896573741487,0.13473716853730353
climate_profile_bootstrap,49,5,6623,9,0.4773984823776846,0.6431426664620059,0.12247102292504151
climate_profile_bootstrap,49,6,6623,9,0.5893072137431463,0.5822701549775996,0.13365727302695163
climate_profile_bootstrap,49,7,6623,9,0.560673465792789,0.6399682656297317,0.13457276702147794
climate_profile_bootstrap,49,8,6623,9,0.45860281023712984,0.4755649220190682,0.13379922316590387
climate_profile_bootstrap,50,2,4803,9,0.927812140654177,0.9633034967175478,0.15655067852535917
climate_profile_bootstrap,50,3,4803,9,0.22590434614693802,0.3643671126786141,0.13268242143231537
climate_profile_bootstrap,50,4,4803,9,0.403572364578104,0.5736932671722761,0.12879702433040724
climate_profile_bootstrap,50,5,4803,9,0.8479515433264847,0.857473339307479,0.12434231047791415
climate_profile_bootstrap,50,6,4803,9,0.5511979468340011,0.5291920238196284,0.1288784127888079
climate_profile_bootstrap,50,7,4803,9,0.8634579187670245,0.8569859526490734,0.12549445383946928
climate_profile_bootstrap,50,8,4803,9,0.5186104898999974,0.6197634102093237,0.12206626331902645
climate_profile_bootstrap,51,2,5836,9,0.9457836929834266,0.9725170153491485,0.15505074115545311
climate_profile_bootstrap,51,3,5836,9,0.9063123365285894,0.9240636612216847,0.129722338868848
climate_profile_bootstrap,51,4,5836,9,0.8645799398096903,0.8769718124805482,0.12487835328488629
climate_profile_bootstrap,51,5,5836,9,0.78216810053539,0.8019147163268844,0.11665086379969035
climate_profile_bootstrap,51,6,5836,9,0.768384767435162,0.8075108657583319,0.11786763353998045
climate_profile_bootstrap,51,7,5836,9,0.5649944459054702,0.6089642737733977,0.11955025329686256
climate_profile_bootstrap,51,8,5836,9,0.8103571213154356,0.837062961614276,0.11967795839691897
climate_profile_bootstrap,52,2,5217,9,0.8756417296316068,0.9373512747057261,0.14272697207583943
climate_profile_bootstrap,52,3,5217,9,0.9275886851495114,0.9446579430047727,0.1355685123011094
climate_profile_bootstrap,52,4,5217,9,0.8879427345644085,0.9038346106352414,0.12939450288067092
climate_profile_bootstrap,52,5,5217,9,0.6706274930795951,0.6963501671376131,0.12332747575396934
climate_profile_bootstrap,52,6,5217,9,0.6799373785118811,0.6847592949412297,0.12366100983056748
climate_profile_bootstrap,52,7,5217,9,0.4527658669445138,0.5023181116774919,0.11545010061991165
climate_profile_bootstrap,52,8,5217,9,0.6401196551318522,0.6144608072325368,0.12219869512738725
climate_profile_bootstrap,53,2,5886,9,0.9751701866112739,0.9874358410011408,0.15510739187602435
climate_profile_bootstrap,53,3,5886,9,0.2323199978723964,0.36122715474394723,0.1322312783175919
climate_profile_bootstrap,53,4,5886,9,0.37397596438611247,0.5428359590996249,0.12776514154147
climate_profile_bootstrap,53,5,5886,9,0.9276234253655262,0.9334059162527822,0.13360290015225337
climate_profile_bootstrap,53,6,5886,9,0.6882817547089622,0.6400323268799845,0.1273130321759473
climate_profile_bootstrap,53,7,5886,9,0.407635586560269,0.563853490861127,0.12785675549617648
climate_profile_bootstrap,53,8,5886,9,0.623113665409916,0.6228408703613784,0.13304735515445623
climate_profile_bootstrap,54,2,6117,9,0.9758750644701447,0.9877882150918976,0.15034857710295388
climate_profile_bootstrap,54,3,6117,9,0.229336923968234,0.35931954189272214,0.12701588592543617
climate_profile_bootstrap,54,4,6117,9,0.9108657840828634,0.9197961843696432,0.12019470080963296
climate_profile_bootstrap,54,5,6117,9,0.8909253726983256,0.9063074069236918,0.12130830419051472
climate_profile_bootstrap,54,6,6117,9,0.7122909892434414,0.6521853514186435,0.1192725008827459
climate_profile_bootstrap,54,7,6117,9,0.4877814244651331,0.4797051805409445,0.12049191769794447
climate_profile_bootstrap,54,8,6117,9,0.7090167165366654,0.6887377578109525,0.1208962716637236
climate_profile_bootstrap,55,2,5259,9,0.9646226149818695,0.9820655330180672,0.1530051712550487
climate_profile_bootstrap,55,3,5259,9,0.2312609782953089,0.3646768797970717,0.13026561956429095
climate_profile_bootstrap,55,4,5259,9,0.9122773583501417,0.925973674588366,0.13174327408748793
climate_profile_bootstrap,55,5,5259,9,0.9075081799018485,0.918884969494064,0.13157640878228016
climate_profile_bootstrap,55,6,5259,9,0.699602761450214,0.6674430757813058,0.13029853608743866
climate_profile_bootstrap,55,7,5259,9,0.5100741313903351,0.5032743610788304,0.13204281290156486
climate_profile_bootstrap,55,8,5259,9,0.9021584898689746,0.8995316209273567,0.13617261138739253
climate_profile_bootstrap,56,2,6413,9,0.9250651971823515,0.9619403316882309,0.15063218120429525
climate_profile_bootstrap,56,3,6413,9,0.3551112580684229,0.47585359952406536,0.13346740467375334
climate_profile_bootstrap,56,4,6413,9,0.39883640200612197,0.5491459676902546,0.12813894112716753
climate_profile_bootstrap,56,5,6413,9,0.4144987511953778,0.5595590241101424,0.11430391518701552
climate_profile_bootstrap,56,6,6413,9,0.38560818349791176,0.46445112905688024,0.12399202496820806
climate_profile_bootstrap,56,7,6413,9,0.42005759783687785,0.5798242159835667,0.12498438576464099
climate_profile_bootstrap,56,8,6413,9,0.519027651090432,0.601626954856529,0.12144458304334427
climate_profile_bootstrap,57,2,5556,9,0.9319484822316564,0.9655005204606402,0.14274229974274494
climate_profile_bootstrap,57,3,5556,9,0.886054109500984,0.9073852400209411,0.12164155832753733
climate_profile_bootstrap,57,4,5556,9,0.8201728864668208,0.84410161499294,0.11732545209199731
climate_profile_bootstrap,57,5,5556,9,0.39765227639561745,0.470605184733654,0.1006828500129209
climate_profile_bootstrap,57,6,5556,9,0.4496017740920293,0.4711777641312677,0.10842995648750416
climate_profile_bootstrap,57,7,5556,9,0.4370090683949902,0.5480516932880664,0.10846625971626707
climate_profile_bootstrap,57,8,5556,9,0.42843924222244706,0.49575413297634263,0.10993651688443824
climate_profile_bootstrap,58,2,5375,9,0.8883659255339545,0.9434849940211318,0.1568559903052641
climate_profile_bootstrap,58,3,5375,9,0.2499777956051076,0.38177236916863416,0.11579870053451734
climate_profile_bootstrap,58,4,5375,9,0.5217140008533734,0.5320473676362606,0.11680827391041751
climate_profile_bootstrap,58,5,5375,9,0.4009426911755095,0.48080606778740825,0.12280189669754386
climate_profile_bootstrap,58,6,5375,9,0.6513039123541463,0.592622000822742,0.12346811416244273
climate_profile_bootstrap,58,7,5375,9,0.4117875701599532,0.39562509063323453,0.13536562786719486
climate_profile_bootstrap,58,8,5375,9,0.6842500063925469,0.6405180576950458,0.12719888117269182
climate_profile_bootstrap,59,2,5562,9,0.8890471928299383,0.9439994676792418,0.1467408379839786
climate_profile_bootstrap,59,3,5562,9,0.9078837314248676,0.9282533609089754,0.13513516817473067
climate_profile_bootstrap,59,4,5562,9,0.8293658178754078,0.8525431560876298,0.12898850030384423
climate_profile_bootstrap,59,5,5562,9,0.644532000105405,0.678700517994921,0.12214504017440189
climate_profile_bootstrap,59,6,5562,9,0.6724333777932406,0.7050581783384287,0.12410203429560378
climate_profile_bootstrap,59,7,5562,9,0.6677363417598661,0.6798722618898665,0.12419836483756426
climate_profile_bootstrap,59,8,5562,9,0.6999535586611503,0.7179393615404948,0.13030028812696764
climate_profile_bootstrap,60,2,6521,9,0.9147901710544137,0.9566654096819249,0.15558104286744606
climate_profile_bootstrap,60,3,6521,9,0.22011329864362236,0.36170784140949014,0.12874304668749817
climate_profile_bootstrap,60,4,6521,9,0.5364456267059612,0.5135763649781793,0.1191331308757799
climate_profile_bootstrap,60,5,6521,9,0.8736659891538426,0.8707835541839728,0.13036164815797066
climate_profile_bootstrap,60,6,6521,9,0.6412260516735343,0.6018198679535708,0.12024699464770458
climate_profile_bootstrap,60,7,6521,9,0.4870386793403512,0.4871831961001387,0.12272088375883665
climate_profile_bootstrap,60,8,6521,9,0.7124964062518281,0.6817825410071738,0.13109016731560397
climate_profile_bootstrap,61,2,4903,9,0.9250650065553659,0.9619369422108938,0.14556421439391187
climate_profile_bootstrap,61,3,4903,9,0.3300281723158933,0.5027088484631562,0.12646263351524945
climate_profile_bootstrap,61,4,4903,9,0.34448650742605946,0.5134862739065361,0.12512338707733442
climate_profile_bootstrap,61,5,4903,9,0.41929697959784024,0.6306379818745456,0.11839542767412836
climate_profile_bootstrap,61,6,4903,9,0.33536174939684915,0.4271158290418235,0.1120354287879528
climate_profile_bootstrap,61,7,4903,9,0.33001364392991,0.43237524511183184,0.12550458254331734
climate_profile_bootstrap,61,8,4903,9,0.4827227640772215,0.49821697317140723,0.1251278825673128
climate_profile_bootstrap,62,2,5423,9,0.8897191712771588,0.944311818234848,0.15104346069557523
climate_profile_bootstrap,62,3,5423,9,0.9433606245522246,0.9563631573967459,0.12955600857622573
climate_profile_bootstrap,62,4,5423,9,0.33163367873256466,0.5085048190319266,0.12499362506464977
climate_profile_bootstrap,62,5,5423,9,0.6474266660617182,0.6738240767506165,0.12522647161172115
climate_profile_bootstrap,62,6,5423,9,0.6766073960029562,0.6100624166487089,0.12109612895659826
climate_profile_bootstrap,62,7,5423,9,0.5891368772472428,0.6501528937643117,0.11842812287504383
climate_profile_bootstrap,62,8,5423,9,0.6205964759487642,0.6463829439858528,0.12028486879935289
climate_profile_bootstrap,63,2,5997,9,0.8629930049711196,0.9308760057276759,0.14646220715065675
climate_profile_bootstrap,63,3,5997,9,0.9148993629950263,0.9316218350464168,0.13241162013329053
climate_profile_bootstrap,63,4,5997,9,0.8144715559257175,0.8545528475124041,0.12680216366499628
climate_profile_bootstrap,63,5,5997,9,0.7038416233924797,0.727717598037964,0.1204026728503244
climate_profile_bootstrap,63,6,5997,9,0.6972271552953113,0.7420235667972636,0.1237866531162762
climate_profile_bootstrap,63,7,5997,9,0.5113398610609858,0.594507233558585,0.12125034367350832
climate_profile_bootstrap,63,8,5997,9,0.5976065787175399,0.6590068825545966,0.12253630575504071
climate_profile_bootstrap,64,2,6930,9,0.945789086767832,0.9726271707210317,0.1418476405519623
climate_profile_bootstrap,64,3,6930,9,0.9413648627717985,0.9545823401380563,0.12960069126026832
climate_profile_bootstrap,64,4,6930,9,0.8908148665747918,0.9075621577175167,0.1215166117790749
climate_profile_bootstrap,64,5,6930,9,0.6631878923300873,0.6857732003175555,0.11840091906645545
climate_profile_bootstrap,64,6,6930,9,0.438287753583236,0.46385593895932004,0.11354936496355762
climate_profile_bootstrap,64,7,6930,9,0.4189928450978915,0.505577434584301,0.11617067894122682
climate_profile_bootstrap,64,8,6930,9,0.6018921648485803,0.6575619878479066,0.13074789389702526
climate_profile_bootstrap,65,2,6632,9,0.970943961557626,0.9852776959822533,0.15265898995620858
climate_profile_bootstrap,65,3,6632,9,0.34869230223368974,0.47754929286045583,0.1331210026896357
climate_profile_bootstrap,65,4,6632,9,0.5560161391903634,0.5319203580836716,0.1263401795280757
climate_profile_bootstrap,65,5,6632,9,0.9248879410896418,0.9279391942449218,0.1257580199580725
climate_profile_bootstrap,65,6,6632,9,0.9041788125321807,0.9137773727268556,0.1262939358689464
climate_profile_bootstrap,65,7,6632,9,0.6298363102471041,0.6926397997520858,0.12420389785512675
climate_profile_bootstrap,65,8,6632,9,0.9063302091779365,0.9153211800717787,0.12811892924709975
climate_profile_bootstrap,66,2,5726,9,0.8937370877180149,0.9458631130845405,0.14956352359242214
climate_profile_bootstrap,66,3,5726,9,0.3400646002316153,0.4622710113218495,0.13163101713516118
climate_profile_bootstrap,66,4,5726,9,0.3615299797841318,0.5072746938880912,0.12617891292121597
climate_profile_bootstrap,66,5,5726,9,0.8830649076823444,0.8792214777934811,0.1257277488713275
climate_profile_bootstrap,66,6,5726,9,0.35672836986070006,0.43659064080738785,0.11698838553493102
climate_profile_bootstrap,66,7,5726,9,0.3311040818511008,0.42583806155199094,0.12501807431979808
climate_profile_bootstrap,66,8,5726,9,0.880260459061716,0.8772871920996558,0.13578253522040762
climate_profile_bootstrap,67,2,6022,9,0.8517137436074815,0.9244041245919996,0.14345252510381692
climate_profile_bootstrap,67,3,6022,9,0.8822822964403632,0.9025265222165624,0.12420478229449913
climate_profile_bootstrap,67,4,6022,9,0.3268125131958793,0.47870847389679183,0.12369738937617067
climate_profile_bootstrap,67,5,6022,9,0.3283446156595365,0.5127184331952538,0.12207172266580432
climate_profile_bootstrap,67,6,6022,9,0.5321316371960465,0.537988652455754,0.11969570941541077
climate_profile_bootstrap,67,7,6022,9,0.44125031402606996,0.46530876271679744,0.12047550595321341
climate_profile_bootstrap,67,8,6022,9,0.5922346991463298,0.6196741438391092,0.12045908819411852
climate_profile_bootstrap,68,2,5058,9,0.9430092841401623,0.9711246240626252,0.15178436070491028
climate_profile_bootstrap,68,3,5058,9,0.8962119891105501,0.9158422832669056,0.1264781398744952
climate_profile_bootstrap,68,4,5058,9,0.8703090283701711,0.8938072398640785,0.12407003918799102
climate_profile_bootstrap,68,5,5058,9,0.6467186394540477,0.6898238722410801,0.1171922152559376
climate_profile_bootstrap,68,6,5058,9,0.5553228649120333,0.5165256394518237,0.11795507346896944
climate_profile_bootstrap,68,7,5058,9,0.6427432003140339,0.7057307999058349,0.11519452445313409
climate_profile_bootstrap,68,8,5058,9,0.36995024833425383,0.46276824418059126,0.11995383083410183
climate_profile_bootstrap,69,2,5419,9,0.9209616935970868,0.9600845932289834,0.15649376962572206
climate_profile_bootstrap,69,3,5419,9,0.9543095586086521,0.9644421395720223,0.13652425704468185
climate_profile_bootstrap,69,4,5419,9,0.917326910441207,0.9280406983610567,0.12850684492006006
climate_profile_bootstrap,69,5,5419,9,0.6402929299634518,0.6748035375183193,0.12558709798524995
climate_profile_bootstrap,69,6,5419,9,0.5003218959680742,0.49069711533138705,0.11191332648139737
climate_profile_bootstrap,69,7,5419,9,0.42894738635782037,0.5030763186253041,0.12131773935212462
climate_profile_bootstrap,69,8,5419,9,0.46309443822881713,0.4820200214759626,0.11405630044467238
climate_profile_bootstrap,70,2,5335,9,0.8749398643539513,0.9363426668845176,0.15741458971580505
climate_profile_bootstrap,70,3,5335,9,0.31432595141100217,0.4415629615077814,0.1365640486042778
climate_profile_bootstrap,70,4,5335,9,0.3317581999257344,0.48401878791990866,0.13487241000796005
climate_profile_bootstrap,70,5,5335,9,0.4421159717899542,0.6190318160191974,0.1389016947156198
climate_profile_bootstrap,70,6,5335,9,0.3529031532140162,0.4442305999750174,0.13453897955365524
climate_profile_bootstrap,70,7,5335,9,0.30265709854051775,0.3940599726571447,0.13527002846903333
climate_profile_bootstrap,70,8,5335,9,0.6428263522079053,0.6434087446779821,0.1390436267485172
climate_profile_bootstrap,71,2,6168,9,0.9618212491149987,0.980670437622112,0.13840820481522484
climate_profile_bootstrap,71,3,6168,9,0.23624012001902692,0.3606620062802115,0.12605407796995433
climate_profile_bootstrap,71,4,6168,9,0.38500078686147493,0.5589289221466784,0.11628023299159548
climate_profile_bootstrap,71,5,6168,9,0.46336638867665547,0.6327109342216486,0.11568647604091742
climate_profile_bootstrap,71,6,6168,9,0.5848583276389768,0.5668695233663487,0.12320832070336538
climate_profile_bootstrap,71,7,6168,9,0.4586349995996588,0.4743041059858187,0.12644728247977616
climate_profile_bootstrap,71,8,6168,9,0.619488344105104,0.7352789406229374,0.12616135142882884
climate_profile_bootstrap,72,2,5922,9,0.8917427419423493,0.9453892105536282,0.16205791793960705
climate_profile_bootstrap,72,3,5922,9,0.6857619861131555,0.7417541524121862,0.13256524651660367
climate_profile_bootstrap,72,4,5922,9,0.8438906592232507,0.8801371283609885,0.1320101063074825
climate_profile_bootstrap,72,5,5922,9,0.5356884692536202,0.5831719927580894,0.1271595861695737
climate_profile_bootstrap,72,6,5922,9,0.4738620633425696,0.4904524300136807,0.12379112708278885
climate_profile_bootstrap,72,7,5922,9,0.5964023861978877,0.6800414070031613,0.12276790303588163
climate_profile_bootstrap,72,8,5922,9,0.655369293318597,0.6550191365933802,0.1278342922631234
climate_profile_bootstrap,73,2,6202,9,0.9625224342613763,0.9810436804366337,0.15011356257021136
climate_profile_bootstrap,73,3,6202,9,0.9151360639610021,0.9354716905711714,0.12495417720748989
climate_profile_bootstrap,73,4,6202,9,0.8970889550396539,0.9182682179332693,0.11984873977237877
climate_profile_bootstrap,73,5,6202,9,0.8325025404962753,0.8442909382849747,0.11752017805988234
climate_profile_bootstrap,73,6,6202,9,0.6549075120424301,0.5990568925086259,0.11164432789943896
climate_profile_bootstrap,73,7,6202,9,0.6090006457197278,0.6503041004955804,0.11312201038811416
climate_profile_bootstrap,73,8,6202,9,0.7043232976968655,0.666623495911824,0.11443307069195979
climate_profile_bootstrap,74,2,5767,9,0.943704818931956,0.971518093150114,0.15261661785664887
climate_profile_bootstrap,74,3,5767,9,0.23592584015475881,0.3628120778830688,0.12398371973224362
climate_profile_bootstrap,74,4,5767,9,0.88619682620714,0.8991011612938554,0.1247552567437491
climate_profile_bootstrap,74,5,5767,9,0.6286652672437302,0.6737724728403385,0.11781493613304851
climate_profile_bootstrap,74,6,5767,9,0.5586544677740054,0.527587199007002,0.12182295780610204
climate_profile_bootstrap,74,7,5767,9,0.45353074814347366,0.5143489250466466,0.11993616366959706
climate_profile_bootstrap,74,8,5767,9,0.6433768113431684,0.6516837727236249,0.1151069358471522
climate_profile_bootstrap,75,2,5140,9,0.8729641695219862,0.935815433518307,0.1469647986719789
climate_profile_bootstrap,75,3,5140,9,0.9030482374004388,0.9208862390784076,0.1372094487154635
climate_profile_bootstrap,75,4,5140,9,0.8832869186847586,0.9024557905300035,0.1305481568591524
climate_profile_bootstrap,75,5,5140,9,0.6495301832151157,0.6774027157666627,0.12278256430588973
climate_profile_bootstrap,75,6,5140,9,0.6602142433532853,0.7090934182134244,0.12372992915657362
climate_profile_bootstrap,75,7,5140,9,0.4137969243002653,0.4011836490427761,0.13280753129101056
climate_profile_bootstrap,75,8,5140,9,0.626846283191258,0.6815021085044457,0.13325118736735628
climate_profile_bootstrap,76,2,4958,9,0.9216373102949953,0.9602411323314385,0.1396828243594136
climate_profile_bootstrap,76,3,4958,9,0.20525397769597117,0.35118828289559995,0.11246345274776613
climate_profile_bootstrap,76,4,4958,9,0.4281146493476587,0.5936936797901259,0.12048338587151997
climate_profile_bootstrap,76,5,4958,9,0.8586444410490109,0.8662392720042481,0.1250275768195629
climate_profile_bootstrap,76,6,4958,9,0.6769518349973109,0.6175177322004988,0.11960726557935265
climate_profile_bootstrap,76,7,4958,9,0.7202265880813031,0.6619331194936576,0.11966758450968484
climate_profile_bootstrap,76,8,4958,9,0.5909548329983861,0.63783093155689,0.12362734494718214
climate_profile_bootstrap,77,2,5704,9,0.9291932086090197,0.964094717187318,0.15344681901303786
climate_profile_bootstrap,77,3,5704,9,0.32796855989013357,0.47868608464844625,0.13655035278733674
climate_profile_bootstrap,77,4,5704,9,0.38234214678602446,0.5406616674813183,0.12596200949387282
climate_profile_bootstrap,77,5,5704,9,0.4819147548893324,0.624918555055631,0.11604512119028584
climate_profile_bootstrap,77,6,5704,9,0.364419228875065,0.46793877066324857,0.11838830039941206
climate_profile_bootstrap,77,7,5704,9,0.40458260852420097,0.57622502906764,0.12420737083292008
climate_profile_bootstrap,77,8,5704,9,0.4218350347939291,0.49721726984422476,0.12444886287288023
climate_profile_bootstrap,78,2,5236,9,0.9597221102450004,0.9796101172695927,0.16075069670845601
climate_profile_bootstrap,78,3,5236,9,0.8062395972884662,0.8455141902882969,0.1329478722045365
climate_profile_bootstrap,78,4,5236,9,0.7841715321792186,0.8184265412096146,0.12952000331397676
climate_profile_bootstrap,78,5,5236,9,0.7779446736021441,0.8109974018718649,0.1257420893638703
climate_profile_bootstrap,78,6,5236,9,0.6567076427472794,0.6206680810688168,0.12323169659561022
climate_profile_bootstrap,78,7,5236,9,0.5274836786838699,0.5855799526286246,0.12488314442876984
climate_profile_bootstrap,78,8,5236,9,0.8379639545641847,0.842998629158815,0.1242910609899873
climate_profile_bootstrap,79,2,5728,9,0.9032191068508567,0.9508026936710757,0.13640458112680887
climate_profile_bootstrap,79,3,5728,9,0.32011634163287983,0.4690617711756499,0.12060902617797888
climate_profile_bootstrap,79,4,5728,9,0.38068439298031354,0.5340178943350293,0.11867067529378213
climate_profile_bootstrap,79,5,5728,9,0.8672894523257888,0.874084766888082,0.1172328053313339
climate_profile_bootstrap,79,6,5728,9,0.8687365012708701,0.8757978451542598,0.12269498009633048
climate_profile_bootstrap,79,7,5728,9,0.8307175050411675,0.8437670051128657,0.1236715823517154
climate_profile_bootstrap,79,8,5728,9,0.6244316337115636,0.6420670700458925,0.12285826827709027
climate_profile_bootstrap,80,2,5330,9,0.9667290706234344,0.9831674755205274,0.15299788708107512
climate_profile_bootstrap,80,3,5330,9,0.9093724080018439,0.928177629888304,0.1259295110894393
climate_profile_bootstrap,80,4,5330,9,0.872543728610345,0.895141347052502,0.12983784626465353
climate_profile_bootstrap,80,5,5330,9,0.6267974506888553,0.6653173799030254,0.12226860431407832
climate_profile_bootstrap,80,6,5330,9,0.5323482278092326,0.509702393022017,0.11812498816985582
climate_profile_bootstrap,80,7,5330,9,0.42527880081543923,0.5133760861762375,0.11284857711071775
climate_profile_bootstrap,80,8,5330,9,0.5924002360439843,0.6467176460037017,0.11428119986160207
climate_profile_bootstrap,81,2,5944,9,0.9569244146256077,0.9781515088990504,0.15485113185636454
climate_profile_bootstrap,81,3,5944,9,0.2977867917837945,0.45830979598419486,0.13988505658445125
climate_profile_bootstrap,81,4,5944,9,0.3340220409635135,0.4957682481920264,0.12959795065770105
climate_profile_bootstrap,81,5,5944,9,0.41233799883101674,0.5081184231079756,0.12090556478588792
climate_profile_bootstrap,81,6,5944,9,0.719248763753906,0.6445199836801921,0.12581663314406658
climate_profile_bootstrap,81,7,5944,9,0.751760283354146,0.6847456164726146,0.12763611980548817
climate_profile_bootstrap,81,8,5944,9,0.4561489061471595,0.5201983332873545,0.13282722661363297
climate_profile_bootstrap,82,2,5916,9,0.8590219158601103,0.9289470465941054,0.1458783306567189
climate_profile_bootstrap,82,3,5916,9,0.2551412985054732,0.36236707757605036,0.12581468569065865
climate_profile_bootstrap,82,4,5916,9,0.8508414829098353,0.8733945319204125,0.11973738784420819
climate_profile_bootstrap,82,5,5916,9,0.5696057213358254,0.6186671486277866,0.12137198351469541
climate_profile_bootstrap,82,6,5916,9,0.4358785168186406,0.45190836537887785,0.1205756849076579
climate_profile_bootstrap,82,7,5916,9,0.38200531541772276,0.409302552772639,0.11550922182221236
climate_profile_bootstrap,82,8,5916,9,0.6325851466996805,0.6183918756508502,0.12662963461596605
climate_profile_bootstrap,83,2,5229,9,0.9278213296954456,0.9634737794813402,0.15571656661980593
climate_profile_bootstrap,83,3,5229,9,0.8596906379259769,0.8905034686226344,0.13209581178711619
climate_profile_bootstrap,83,4,5229,9,0.35759973168104264,0.5334906603953109,0.12817499643437102
climate_profile_bootstrap,83,5,5229,9,0.7128327535871063,0.7552043343294443,0.12477752928702929
climate_profile_bootstrap,83,6,5229,9,0.7208240921745763,0.7576943982904595,0.12375256795766192
climate_profile_bootstrap,83,7,5229,9,0.4794989785898061,0.5315491810444135,0.12324584958781995
climate_profile_bootstrap,83,8,5229,9,0.5165788863752693,0.5633727701431708,0.1189008835860175
climate_profile_bootstrap,84,2,6206,9,0.7756668022017462,0.8846393719104391,0.14626491260531102
climate_profile_bootstrap,84,3,6206,9,0.32163966923685217,0.4444044652752465,0.12829032133100132
climate_profile_bootstrap,84,4,6206,9,0.36039486104051227,0.48987130756394004,0.12615469190030107
climate_profile_bootstrap,84,5,6206,9,0.7985889156292704,0.7949623192806871,0.1320425139430814
climate_profile_bootstrap,84,6,6206,9,0.5516892244727856,0.542233376806334,0.12799051724380625
climate_profile_bootstrap,84,7,6206,9,0.47843830768668494,0.47241472030270687,0.12872898444770023
climate_profile_bootstrap,84,8,6206,9,0.7599209767271371,0.6920806884669731,0.12898113760117694
climate_profile_bootstrap,85,2,4794,9,0.8523624145671657,0.9245754452899828,0.14675291598787782
climate_profile_bootstrap,85,3,4794,9,0.3612605116479285,0.5123183324145685,0.13184595436189353
climate_profile_bootstrap,85,4,4794,9,0.3709311463938332,0.5190071287876554,0.12147144419777232
climate_profile_bootstrap,85,5,4794,9,0.4063585988441321,0.6194460721857976,0.11404288234533229
climate_profile_bootstrap,85,6,4794,9,0.3400544604770905,0.442159256317586,0.11219804733238493
climate_profile_bootstrap,85,7,4794,9,0.3710621948425587,0.48784860259390594,0.11325183378677506
climate_profile_bootstrap,85,8,4794,9,0.5296505335330075,0.6737563576129817,0.13445355069439482
climate_profile_bootstrap,86,2,4968,9,0.9381642344282756,0.9687003234528158,0.15149531571803074
climate_profile_bootstrap,86,3,4968,9,0.2349610764628496,0.362204942056574,0.1217918515569274
climate_profile_bootstrap,86,4,4968,9,0.37238286499670303,0.5247735326529612,0.12706133787298818
climate_profile_bootstrap,86,5,4968,9,0.9239399179829404,0.9245266608612812,0.13525287662287583
climate_profile_bootstrap,86,6,4968,9,0.719097863959244,0.6439753491037927,0.12840795783704914
climate_profile_bootstrap,86,7,4968,9,0.5674151816850919,0.5353630674352484,0.12658778638791782
climate_profile_bootstrap,86,8,4968,9,0.4394474080595674,0.5083343734737338,0.12293811887347021
climate_profile_bootstrap,87,2,5908,9,0.9250717332640984,0.9620617072057952,0.14922186088286168
climate_profile_bootstrap,87,3,5908,9,0.8719153891831635,0.8972259914859416,0.127695782897739
climate_profile_bootstrap,87,4,5908,9,0.8192345815190004,0.850745633544448,0.11609419965636004
climate_profile_bootstrap,87,5,5908,9,0.383200612598829,0.5363491517384876,0.11651654597023497
climate_profile_bootstrap,87,6,5908,9,0.3237717972496762,0.40701232782515234,0.12007521228806774
climate_profile_bootstrap,87,7,5908,9,0.3510964951994122,0.4771857659249731,0.11474933676202385
climate_profile_bootstrap,87,8,5908,9,0.5527765660360231,0.6170589200266337,0.12547622829037966
climate_profile_bootstrap,88,2,5835,10,0.9423201158986204,0.9708538918311347,0.13326419837280337
climate_profile_bootstrap,88,3,5835,10,0.9729259811916243,0.9782829954962855,0.11963828267506432
climate_profile_bootstrap,88,4,5835,10,0.9232133863430902,0.9367803084837645,0.10936927508056957
climate_profile_bootstrap,88,5,5835,10,0.6783337327487977,0.6981683944922481,0.10932859005247972
climate_profile_bootstrap,88,6,5835,10,0.5586016031417408,0.519044976831884,0.11133820815123607
climate_profile_bootstrap,88,7,5835,10,0.49840896880883134,0.5384241311943615,0.11271425134206575
climate_profile_bootstrap,88,8,5835,10,0.48252621726007716,0.5017709708399462,0.10822212277962746
climate_profile_bootstrap,89,2,4849,9,0.9250642344942265,0.9619232833754398,0.15100111190330442
climate_profile_bootstrap,89,3,4849,9,0.29379239637198684,0.4913044920440252,0.14262507054489765
climate_profile_bootstrap,89,4,4849,9,0.35177133985807096,0.5364898066701723,0.13076665949790423
climate_profile_bootstrap,89,5,4849,9,0.7427194183763872,0.7640471170070181,0.11727797081358025
climate_profile_bootstrap,89,6,4849,9,0.6026802321484243,0.5720282983871696,0.11184476087033082
climate_profile_bootstrap,89,7,4849,9,0.5067633479912462,0.498070893345345,0.12113133748063423
climate_profile_bootstrap,89,8,4849,9,0.4874675198181716,0.555317526040719,0.1251799362264224
climate_profile_bootstrap,90,2,5885,9,0.9513504519620944,0.9754217136132992,0.15368801463045226
climate_profile_bootstrap,90,3,5885,9,0.23134236875726474,0.35867416020251586,0.12585877003687246
climate_profile_bootstrap,90,4,5885,9,0.6361508487775855,0.7322182983724367,0.11965472400319324
climate_profile_bootstrap,90,5,5885,9,0.6009334000314125,0.6386271994974899,0.12888364189535206
climate_profile_bootstrap,90,6,5885,9,0.5560855823598131,0.5470363613775144,0.12829921408336048
climate_profile_bootstrap,90,7,5885,9,0.5513592506745619,0.6292393339736434,0.12963451747695984
climate_profile_bootstrap,90,8,5885,9,0.6414286411912256,0.6553917870054303,0.13239988444169196
climate_profile_bootstrap,91,2,5715,9,0.9618227148887798,0.9807005661763443,0.14302927806430854
climate_profile_bootstrap,91,3,5715,9,0.8620872733666518,0.9012631400834638,0.12610236293039861
climate_profile_bootstrap,91,4,5715,9,0.38742846097891953,0.5688552834398115,0.12028609133073874
climate_profile_bootstrap,91,5,5715,9,0.7815459231062389,0.8007704731962146,0.11991819790684269
climate_profile_bootstrap,91,6,5715,9,0.435786184666192,0.5747647714485103,0.11120369508074496
climate_profile_bootstrap,91,7,5715,9,0.8408647033603653,0.8401087344004328,0.12301711229877267
climate_profile_bootstrap,91,8,5715,9,0.7358373654815714,0.749546407808217,0.1237912425779783
climate_profile_bootstrap,92,2,5052,9,0.9513448920745652,0.9753113092145862,0.15455470224116347
climate_profile_bootstrap,92,3,5052,9,0.9298939647521836,0.94658209777526,0.1313905754259198
climate_profile_bootstrap,92,4,5052,9,0.8954886281907165,0.9062542977628227,0.1270447588248315
climate_profile_bootstrap,92,5,5052,9,0.851960229231972,0.8694323922831382,0.12110865667598529
climate_profile_bootstrap,92,6,5052,9,0.6767294264588312,0.6259141256159537,0.11424486641011009
climate_profile_bootstrap,92,7,5052,9,0.5270062717509992,0.5172012086385195,0.12081272669208798
climate_profile_bootstrap,92,8,5052,9,0.614849264289522,0.6481668809173533,0.12399797074688851
climate_profile_bootstrap,93,2,5657,9,0.9562285781737188,0.9778442467331435,0.14619217391596487
climate_profile_bootstrap,93,3,5657,9,0.2368358218441826,0.3587163362016866,0.12418040604687199
climate_profile_bootstrap,93,4,5657,9,0.4350510003957891,0.6152480689226058,0.12272714152272332
climate_profile_bootstrap,93,5,5657,9,0.6729764763334547,0.7057920968961364,0.11823086480239016
climate_profile_bootstrap,93,6,5657,9,0.6348443463849835,0.5786622048883313,0.11522051599752413
climate_profile_bootstrap,93,7,5657,9,0.5691340767570149,0.6166311836413075,0.12040978851445439
climate_profile_bootstrap,93,8,5657,9,0.8002875565704207,0.8217246544968245,0.12473547523836143
climate_profile_bootstrap,94,2,6683,9,0.953437075012857,0.976408972161672,0.1478888386330117
climate_profile_bootstrap,94,3,6683,9,0.921259440984818,0.9380402719391115,0.12463456378224942
climate_profile_bootstrap,94,4,6683,9,0.8372569761988309,0.8574053317815244,0.11805967435683658
climate_profile_bootstrap,94,5,6683,9,0.6848965769030472,0.7078393779891019,0.12692588886050918
climate_profile_bootstrap,94,6,6683,9,0.6690855486308082,0.7196741787886971,0.13042967658255816
climate_profile_bootstrap,94,7,6683,9,0.5305434449718252,0.5113023760850027,0.12122722131691328
climate_profile_bootstrap,94,8,6683,9,0.6989790770692021,0.7453615580667471,0.12961850839776273
climate_profile_bootstrap,95,2,5387,9,0.9354028193266932,0.9673509387249846,0.1431393058827455
climate_profile_bootstrap,95,3,5387,9,0.3984800061990702,0.562366605776319,0.12687048807363294
climate_profile_bootstrap,95,4,5387,9,0.38703419774772124,0.5580059318242736,0.12181703097523053
climate_profile_bootstrap,95,5,5387,9,0.44479155839471335,0.5824386822107053,0.11812075294119807
climate_profile_bootstrap,95,6,5387,9,0.4001968166149843,0.4963121491907693,0.11161983048745024
climate_profile_bootstrap,95,7,5387,9,0.4212600110302142,0.5929899788651286,0.1164705515640235
climate_profile_bootstrap,95,8,5387,9,0.5271821101263351,0.5627319064648896,0.12114091562775621
climate_profile_bootstrap,96,2,5820,9,0.9175408880289817,0.9583854967373377,0.15041480880650115
climate_profile_bootstrap,96,3,5820,9,0.9026017018955622,0.9231354695432081,0.12762975238346208
climate_profile_bootstrap,96,4,5820,9,0.8617590909450362,0.8864994956308513,0.11828372406955336
climate_profile_bootstrap,96,5,5820,9,0.6123862976005228,0.6593606816782398,0.11205954717921492
climate_profile_bootstrap,96,6,5820,9,0.47988894302799284,0.493204284424754,0.11305427382969385
climate_profile_bootstrap,96,7,5820,9,0.5407819372686661,0.6377765564297027,0.10973695060893121
climate_profile_bootstrap,96,8,5820,9,0.5660132687930202,0.6205324888244139,0.11259059297561097
climate_profile_bootstrap,97,2,5104,9,0.8590134539956826,0.9287462011534136,0.15045636225577005
climate_profile_bootstrap,97,3,5104,9,0.9078166064201841,0.9248138193557806,0.12718690394914306
climate_profile_bootstrap,97,4,5104,9,0.858259658272122,0.8870930640940375,0.1215245872339017
climate_profile_bootstrap,97,5,5104,9,0.6668820025361835,0.6983117677718012,0.11878314288009176
climate_profile_bootstrap,97,6,5104,9,0.6670948421150865,0.7093710962020775,0.11949109477493106
climate_profile_bootstrap,97,7,5104,9,0.45762181686799647,0.5402357104206809,0.11968947519735365
climate_profile_bootstrap,97,8,5104,9,0.6099702429345132,0.6535646736675486,0.12533815118161992
climate_profile_bootstrap,98,2,5529,9,0.9576259392908183,0.9785646717537996,0.14819681310651753
climate_profile_bootstrap,98,3,5529,9,0.8256115813019351,0.8595854856511477,0.12010515890011256
climate_profile_bootstrap,98,4,5529,9,0.6699327836552648,0.7611993242900996,0.11431058619599424
climate_profile_bootstrap,98,5,5529,9,0.6731819268433952,0.7076688756492133,0.11893134786532059
climate_profile_bootstrap,98,6,5529,9,0.528299590080055,0.5146536114055689,0.11992377560375013
climate_profile_bootstrap,98,7,5529,9,0.7058533780196179,0.7374977223375137,0.12048575675201434
climate_profile_bootstrap,98,8,5529,9,0.7761060937751579,0.7874707275780978,0.11179714770447455
climate_profile_bootstrap,99,2,6208,9,0.8709393037155643,0.9343389243553981,0.14965330671065663
climate_profile_bootstrap,99,3,6208,9,0.3350845664329078,0.4697718910002295,0.14348661619043085
climate_profile_bootstrap,99,4,6208,9,0.36142741750738394,0.4965378959988136,0.13423533258834908
climate_profile_bootstrap,99,5,6208,9,0.8464423966439133,0.8418827898149532,0.13436326975705773
climate_profile_bootstrap,99,6,6208,9,0.42889040303344267,0.500860276593725,0.119702060712833
climate_profile_bootstrap,99,7,6208,9,0.6010901863613802,0.6295250191374819,0.1368342626457791
climate_profile_bootstrap,99,8,6208,9,0.630148495197298,0.7347425248612105,0.12977686046141326
climate_profile_bootstrap,100,2,6704,9,0.9520468169305931,0.9757726775209506,0.151979773582615
climate_profile_bootstrap,100,3,6704,9,0.23946774805851012,0.35724595443670243,0.13044489814326699
climate_profile_bootstrap,100,4,6704,9,0.4599313332434953,0.6270377441406368,0.1325366178517325
climate_profile_bootstrap,100,5,6704,9,0.37107058166925166,0.5347648576535424,0.11599178469060618
climate_profile_bootstrap,100,6,6704,9,0.3869588305406646,0.48140290657185764,0.1187523259890592
climate_profile_bootstrap,100,7,6704,9,0.426074067569002,0.5936756404670189,0.1316200894327018
climate_profile_bootstrap,100,8,6704,9,0.7279615531029261,0.774981160891365,0.13192912198446305
